rank,cluster_id,cluster_profile_count,cluster_profiles_covered,canonical_rule_id,canonical_rule_title,rule_id,rule_title,rule_severity,rule_profiles,rule_profile_count,sim_to_canonical,is_canonical
1,20,19,anssi_bp28_enhanced|anssi_bp28_high|anssi_bp28_intermediary|anssi_bp28_minimal|ccn_advanced|ccn_basic|ccn_intermediate|cis|cis_server_l1|cis_workstation_l1|cis_workstation_l2|cui|e8|hipaa|ism_o|ospp|pci-dss|stig|stig_gui,xccdf_org.ssgproject.content_rule_accounts_password_pam_difok,Ensure PAM Enforces Password Requirements - Minimum Different Characters,xccdf_org.ssgproject.content_rule_account_passwords_pam_faillock_audit,Account Lockouts Must Be Logged,medium,,0,0.8989,no
1,20,19,anssi_bp28_enhanced|anssi_bp28_high|anssi_bp28_intermediary|anssi_bp28_minimal|ccn_advanced|ccn_basic|ccn_intermediate|cis|cis_server_l1|cis_workstation_l1|cis_workstation_l2|cui|e8|hipaa|ism_o|ospp|pci-dss|stig|stig_gui,xccdf_org.ssgproject.content_rule_accounts_password_pam_difok,Ensure PAM Enforces Password Requirements - Minimum Different Characters,xccdf_org.ssgproject.content_rule_account_passwords_pam_faillock_dir,Account Lockouts Must Persist,medium,,0,0.9005,no
1,20,19,anssi_bp28_enhanced|anssi_bp28_high|anssi_bp28_intermediary|anssi_bp28_minimal|ccn_advanced|ccn_basic|ccn_intermediate|cis|cis_server_l1|cis_workstation_l1|cis_workstation_l2|cui|e8|hipaa|ism_o|ospp|pci-dss|stig|stig_gui,xccdf_org.ssgproject.content_rule_accounts_password_pam_difok,Ensure PAM Enforces Password Requirements - Minimum Different Characters,xccdf_org.ssgproject.content_rule_accounts_passwords_pam_faillock_enforce_local,Enforce pam_faillock for Local Accounts Only,medium,,0,0.9138,no
1,20,19,anssi_bp28_enhanced|anssi_bp28_high|anssi_bp28_intermediary|anssi_bp28_minimal|ccn_advanced|ccn_basic|ccn_intermediate|cis|cis_server_l1|cis_workstation_l1|cis_workstation_l2|cui|e8|hipaa|ism_o|ospp|pci-dss|stig|stig_gui,xccdf_org.ssgproject.content_rule_accounts_password_pam_difok,Ensure PAM Enforces Password Requirements - Minimum Different Characters,xccdf_org.ssgproject.content_rule_accounts_password_pam_enforce_local,Ensure PAM Enforces Password Requirements - Enforce for Local Accounts Only,medium,,0,0.9421,no
1,20,19,anssi_bp28_enhanced|anssi_bp28_high|anssi_bp28_intermediary|anssi_bp28_minimal|ccn_advanced|ccn_basic|ccn_intermediate|cis|cis_server_l1|cis_workstation_l1|cis_workstation_l2|cui|e8|hipaa|ism_o|ospp|pci-dss|stig|stig_gui,xccdf_org.ssgproject.content_rule_accounts_password_pam_difok,Ensure PAM Enforces Password Requirements - Minimum Different Characters,xccdf_org.ssgproject.content_rule_accounts_passwords_pam_faillock_audit,Account Lockouts Must Be Logged,medium,stig|stig_gui,2,0.8989,no
1,20,19,anssi_bp28_enhanced|anssi_bp28_high|anssi_bp28_intermediary|anssi_bp28_minimal|ccn_advanced|ccn_basic|ccn_intermediate|cis|cis_server_l1|cis_workstation_l1|cis_workstation_l2|cui|e8|hipaa|ism_o|ospp|pci-dss|stig|stig_gui,xccdf_org.ssgproject.content_rule_accounts_password_pam_difok,Ensure PAM Enforces Password Requirements - Minimum Different Characters,xccdf_org.ssgproject.content_rule_accounts_password_pam_dictcheck,Ensure PAM Enforces Password Requirements - Prevent the Use of Dictionary Words,medium,stig|stig_gui,2,0.9439,no
1,20,19,anssi_bp28_enhanced|anssi_bp28_high|anssi_bp28_intermediary|anssi_bp28_minimal|ccn_advanced|ccn_basic|ccn_intermediate|cis|cis_server_l1|cis_workstation_l1|cis_workstation_l2|cui|e8|hipaa|ism_o|ospp|pci-dss|stig|stig_gui,xccdf_org.ssgproject.content_rule_accounts_password_pam_difok,Ensure PAM Enforces Password Requirements - Minimum Different Characters,xccdf_org.ssgproject.content_rule_accounts_password_pam_difok,Ensure PAM Enforces Password Requirements - Minimum Different Characters,medium,stig|stig_gui,2,1.0,yes
1,20,19,anssi_bp28_enhanced|anssi_bp28_high|anssi_bp28_intermediary|anssi_bp28_minimal|ccn_advanced|ccn_basic|ccn_intermediate|cis|cis_server_l1|cis_workstation_l1|cis_workstation_l2|cui|e8|hipaa|ism_o|ospp|pci-dss|stig|stig_gui,xccdf_org.ssgproject.content_rule_accounts_password_pam_difok,Ensure PAM Enforces Password Requirements - Minimum Different Characters,xccdf_org.ssgproject.content_rule_accounts_password_pam_enforce_root,Ensure PAM Enforces Password Requirements - Enforce for root User,medium,stig|stig_gui,2,0.9517,no
1,20,19,anssi_bp28_enhanced|anssi_bp28_high|anssi_bp28_intermediary|anssi_bp28_minimal|ccn_advanced|ccn_basic|ccn_intermediate|cis|cis_server_l1|cis_workstation_l1|cis_workstation_l2|cui|e8|hipaa|ism_o|ospp|pci-dss|stig|stig_gui,xccdf_org.ssgproject.content_rule_accounts_password_pam_difok,Ensure PAM Enforces Password Requirements - Minimum Different Characters,xccdf_org.ssgproject.content_rule_accounts_password_pam_maxclassrepeat,Ensure PAM Enforces Password Requirements - Maximum Consecutive Repeating Characters from Same Character Class,medium,stig|stig_gui,2,0.9565,no
1,20,19,anssi_bp28_enhanced|anssi_bp28_high|anssi_bp28_intermediary|anssi_bp28_minimal|ccn_advanced|ccn_basic|ccn_intermediate|cis|cis_server_l1|cis_workstation_l1|cis_workstation_l2|cui|e8|hipaa|ism_o|ospp|pci-dss|stig|stig_gui,xccdf_org.ssgproject.content_rule_accounts_password_pam_difok,Ensure PAM Enforces Password Requirements - Minimum Different Characters,xccdf_org.ssgproject.content_rule_accounts_password_pam_maxrepeat,Set Password Maximum Consecutive Repeating Characters,medium,stig|stig_gui,2,0.9605,no
1,20,19,anssi_bp28_enhanced|anssi_bp28_high|anssi_bp28_intermediary|anssi_bp28_minimal|ccn_advanced|ccn_basic|ccn_intermediate|cis|cis_server_l1|cis_workstation_l1|cis_workstation_l2|cui|e8|hipaa|ism_o|ospp|pci-dss|stig|stig_gui,xccdf_org.ssgproject.content_rule_accounts_password_pam_difok,Ensure PAM Enforces Password Requirements - Minimum Different Characters,xccdf_org.ssgproject.content_rule_accounts_password_pam_pwquality_password_auth,Ensure PAM password complexity module is enabled in password-auth,medium,stig|stig_gui,2,0.9405,no
1,20,19,anssi_bp28_enhanced|anssi_bp28_high|anssi_bp28_intermediary|anssi_bp28_minimal|ccn_advanced|ccn_basic|ccn_intermediate|cis|cis_server_l1|cis_workstation_l1|cis_workstation_l2|cui|e8|hipaa|ism_o|ospp|pci-dss|stig|stig_gui,xccdf_org.ssgproject.content_rule_accounts_password_pam_difok,Ensure PAM Enforces Password Requirements - Minimum Different Characters,xccdf_org.ssgproject.content_rule_accounts_password_pam_pwquality_system_auth,Ensure PAM password complexity module is enabled in system-auth,medium,stig|stig_gui,2,0.939,no
1,20,19,anssi_bp28_enhanced|anssi_bp28_high|anssi_bp28_intermediary|anssi_bp28_minimal|ccn_advanced|ccn_basic|ccn_intermediate|cis|cis_server_l1|cis_workstation_l1|cis_workstation_l2|cui|e8|hipaa|ism_o|ospp|pci-dss|stig|stig_gui,xccdf_org.ssgproject.content_rule_accounts_password_pam_difok,Ensure PAM Enforces Password Requirements - Minimum Different Characters,xccdf_org.ssgproject.content_rule_accounts_logon_fail_delay,Ensure the Logon Failure Delay is Set Correctly in login.defs,medium,stig|stig_gui,2,0.9181,no
1,20,19,anssi_bp28_enhanced|anssi_bp28_high|anssi_bp28_intermediary|anssi_bp28_minimal|ccn_advanced|ccn_basic|ccn_intermediate|cis|cis_server_l1|cis_workstation_l1|cis_workstation_l2|cui|e8|hipaa|ism_o|ospp|pci-dss|stig|stig_gui,xccdf_org.ssgproject.content_rule_accounts_password_pam_difok,Ensure PAM Enforces Password Requirements - Minimum Different Characters,xccdf_org.ssgproject.content_rule_accounts_password_set_max_life_root,Set Root Account Password Maximum Age,medium,anssi_bp28_enhanced|anssi_bp28_high|anssi_bp28_intermediary|anssi_bp28_minimal,4,0.909,no
1,20,19,anssi_bp28_enhanced|anssi_bp28_high|anssi_bp28_intermediary|anssi_bp28_minimal|ccn_advanced|ccn_basic|ccn_intermediate|cis|cis_server_l1|cis_workstation_l1|cis_workstation_l2|cui|e8|hipaa|ism_o|ospp|pci-dss|stig|stig_gui,xccdf_org.ssgproject.content_rule_accounts_password_pam_difok,Ensure PAM Enforces Password Requirements - Minimum Different Characters,xccdf_org.ssgproject.content_rule_accounts_set_post_pw_existing,Set existing passwords a period of inactivity before they been locked,medium,cis|cis_server_l1|cis_workstation_l1|cis_workstation_l2|pci-dss,5,0.8884,no
1,20,19,anssi_bp28_enhanced|anssi_bp28_high|anssi_bp28_intermediary|anssi_bp28_minimal|ccn_advanced|ccn_basic|ccn_intermediate|cis|cis_server_l1|cis_workstation_l1|cis_workstation_l2|cui|e8|hipaa|ism_o|ospp|pci-dss|stig|stig_gui,xccdf_org.ssgproject.content_rule_accounts_password_pam_difok,Ensure PAM Enforces Password Requirements - Minimum Different Characters,xccdf_org.ssgproject.content_rule_ensure_pam_wheel_group_empty,Ensure the Group Used by pam_wheel.so Module Exists on System and is Empty,medium,cis|cis_server_l1|cis_workstation_l1|cis_workstation_l2|pci-dss,5,0.9179,no
1,20,19,anssi_bp28_enhanced|anssi_bp28_high|anssi_bp28_intermediary|anssi_bp28_minimal|ccn_advanced|ccn_basic|ccn_intermediate|cis|cis_server_l1|cis_workstation_l1|cis_workstation_l2|cui|e8|hipaa|ism_o|ospp|pci-dss|stig|stig_gui,xccdf_org.ssgproject.content_rule_accounts_password_pam_difok,Ensure PAM Enforces Password Requirements - Minimum Different Characters,xccdf_org.ssgproject.content_rule_use_pam_wheel_group_for_su,Enforce Usage of pam_wheel with Group Parameter for su Authentication,medium,cis|cis_server_l1|cis_workstation_l1|cis_workstation_l2|pci-dss,5,0.9133,no
1,20,19,anssi_bp28_enhanced|anssi_bp28_high|anssi_bp28_intermediary|anssi_bp28_minimal|ccn_advanced|ccn_basic|ccn_intermediate|cis|cis_server_l1|cis_workstation_l1|cis_workstation_l2|cui|e8|hipaa|ism_o|ospp|pci-dss|stig|stig_gui,xccdf_org.ssgproject.content_rule_accounts_password_pam_difok,Ensure PAM Enforces Password Requirements - Minimum Different Characters,xccdf_org.ssgproject.content_rule_accounts_password_minlen_login_defs,Set Password Minimum Length in login.defs,medium,anssi_bp28_enhanced|anssi_bp28_high|anssi_bp28_intermediary|anssi_bp28_minimal|stig|stig_gui,6,0.9579,no
1,20,19,anssi_bp28_enhanced|anssi_bp28_high|anssi_bp28_intermediary|anssi_bp28_minimal|ccn_advanced|ccn_basic|ccn_intermediate|cis|cis_server_l1|cis_workstation_l1|cis_workstation_l2|cui|e8|hipaa|ism_o|ospp|pci-dss|stig|stig_gui,xccdf_org.ssgproject.content_rule_accounts_password_pam_difok,Ensure PAM Enforces Password Requirements - Minimum Different Characters,xccdf_org.ssgproject.content_rule_use_pam_wheel_for_su,Enforce usage of pam_wheel for su authentication,medium,ccn_advanced|ccn_intermediate|cui|ospp|stig|stig_gui,6,0.9339,no
1,20,19,anssi_bp28_enhanced|anssi_bp28_high|anssi_bp28_intermediary|anssi_bp28_minimal|ccn_advanced|ccn_basic|ccn_intermediate|cis|cis_server_l1|cis_workstation_l1|cis_workstation_l2|cui|e8|hipaa|ism_o|ospp|pci-dss|stig|stig_gui,xccdf_org.ssgproject.content_rule_accounts_password_pam_difok,Ensure PAM Enforces Password Requirements - Minimum Different Characters,xccdf_org.ssgproject.content_rule_accounts_password_pam_ocredit,Ensure PAM Enforces Password Requirements - Minimum Special Characters,medium,anssi_bp28_enhanced|anssi_bp28_high|anssi_bp28_intermediary|anssi_bp28_minimal|cui|ospp|stig|stig_gui,8,0.9571,no
1,20,19,anssi_bp28_enhanced|anssi_bp28_high|anssi_bp28_intermediary|anssi_bp28_minimal|ccn_advanced|ccn_basic|ccn_intermediate|cis|cis_server_l1|cis_workstation_l1|cis_workstation_l2|cui|e8|hipaa|ism_o|ospp|pci-dss|stig|stig_gui,xccdf_org.ssgproject.content_rule_accounts_password_pam_difok,Ensure PAM Enforces Password Requirements - Minimum Different Characters,xccdf_org.ssgproject.content_rule_accounts_password_pam_ucredit,Ensure PAM Enforces Password Requirements - Minimum Uppercase Characters,medium,anssi_bp28_enhanced|anssi_bp28_high|anssi_bp28_intermediary|anssi_bp28_minimal|cui|ospp|stig|stig_gui,8,0.954,no
1,20,19,anssi_bp28_enhanced|anssi_bp28_high|anssi_bp28_intermediary|anssi_bp28_minimal|ccn_advanced|ccn_basic|ccn_intermediate|cis|cis_server_l1|cis_workstation_l1|cis_workstation_l2|cui|e8|hipaa|ism_o|ospp|pci-dss|stig|stig_gui,xccdf_org.ssgproject.content_rule_accounts_password_pam_difok,Ensure PAM Enforces Password Requirements - Minimum Different Characters,xccdf_org.ssgproject.content_rule_accounts_password_set_warn_age_existing,Set Existing Passwords Warning Age,medium,ccn_advanced|ccn_basic|ccn_intermediate|cis|cis_server_l1|cis_workstation_l1|cis_workstation_l2|pci-dss,8,0.9273,no
1,20,19,anssi_bp28_enhanced|anssi_bp28_high|anssi_bp28_intermediary|anssi_bp28_minimal|ccn_advanced|ccn_basic|ccn_intermediate|cis|cis_server_l1|cis_workstation_l1|cis_workstation_l2|cui|e8|hipaa|ism_o|ospp|pci-dss|stig|stig_gui,xccdf_org.ssgproject.content_rule_accounts_password_pam_difok,Ensure PAM Enforces Password Requirements - Minimum Different Characters,xccdf_org.ssgproject.content_rule_accounts_password_pam_dcredit,Ensure PAM Enforces Password Requirements - Minimum Digit Characters,medium,anssi_bp28_enhanced|anssi_bp28_high|anssi_bp28_intermediary|anssi_bp28_minimal|cui|ospp|pci-dss|stig|stig_gui,9,0.9663,no
1,20,19,anssi_bp28_enhanced|anssi_bp28_high|anssi_bp28_intermediary|anssi_bp28_minimal|ccn_advanced|ccn_basic|ccn_intermediate|cis|cis_server_l1|cis_workstation_l1|cis_workstation_l2|cui|e8|hipaa|ism_o|ospp|pci-dss|stig|stig_gui,xccdf_org.ssgproject.content_rule_accounts_password_pam_difok,Ensure PAM Enforces Password Requirements - Minimum Different Characters,xccdf_org.ssgproject.content_rule_accounts_password_pam_lcredit,Ensure PAM Enforces Password Requirements - Minimum Lowercase Characters,medium,anssi_bp28_enhanced|anssi_bp28_high|anssi_bp28_intermediary|anssi_bp28_minimal|cui|ospp|pci-dss|stig|stig_gui,9,0.9529,no
1,20,19,anssi_bp28_enhanced|anssi_bp28_high|anssi_bp28_intermediary|anssi_bp28_minimal|ccn_advanced|ccn_basic|ccn_intermediate|cis|cis_server_l1|cis_workstation_l1|cis_workstation_l2|cui|e8|hipaa|ism_o|ospp|pci-dss|stig|stig_gui,xccdf_org.ssgproject.content_rule_accounts_password_pam_difok,Ensure PAM Enforces Password Requirements - Minimum Different Characters,xccdf_org.ssgproject.content_rule_accounts_password_set_min_life_existing,Set Existing Passwords Minimum Age,medium,ccn_advanced|ccn_basic|ccn_intermediate|cis|cis_server_l1|cis_workstation_l1|cis_workstation_l2|stig|stig_gui,9,0.9228,no
1,20,19,anssi_bp28_enhanced|anssi_bp28_high|anssi_bp28_intermediary|anssi_bp28_minimal|ccn_advanced|ccn_basic|ccn_intermediate|cis|cis_server_l1|cis_workstation_l1|cis_workstation_l2|cui|e8|hipaa|ism_o|ospp|pci-dss|stig|stig_gui,xccdf_org.ssgproject.content_rule_accounts_password_pam_difok,Ensure PAM Enforces Password Requirements - Minimum Different Characters,xccdf_org.ssgproject.content_rule_accounts_password_warn_age_login_defs,Set Password Warning Age,medium,ccn_advanced|ccn_basic|ccn_intermediate|cis|cis_server_l1|cis_workstation_l1|cis_workstation_l2|ism_o|pci-dss,9,0.9345,no
1,20,19,anssi_bp28_enhanced|anssi_bp28_high|anssi_bp28_intermediary|anssi_bp28_minimal|ccn_advanced|ccn_basic|ccn_intermediate|cis|cis_server_l1|cis_workstation_l1|cis_workstation_l2|cui|e8|hipaa|ism_o|ospp|pci-dss|stig|stig_gui,xccdf_org.ssgproject.content_rule_accounts_password_pam_difok,Ensure PAM Enforces Password Requirements - Minimum Different Characters,xccdf_org.ssgproject.content_rule_accounts_minimum_age_login_defs,Set Password Minimum Age,medium,ccn_advanced|ccn_basic|ccn_intermediate|cis|cis_server_l1|cis_workstation_l1|cis_workstation_l2|ism_o|stig|stig_gui,10,0.9498,no
1,20,19,anssi_bp28_enhanced|anssi_bp28_high|anssi_bp28_intermediary|anssi_bp28_minimal|ccn_advanced|ccn_basic|ccn_intermediate|cis|cis_server_l1|cis_workstation_l1|cis_workstation_l2|cui|e8|hipaa|ism_o|ospp|pci-dss|stig|stig_gui,xccdf_org.ssgproject.content_rule_accounts_password_pam_difok,Ensure PAM Enforces Password Requirements - Minimum Different Characters,xccdf_org.ssgproject.content_rule_accounts_password_set_max_life_existing,Set Existing Passwords Maximum Age,medium,ccn_advanced|ccn_basic|ccn_intermediate|cis|cis_server_l1|cis_workstation_l1|cis_workstation_l2|pci-dss|stig|stig_gui,10,0.9199,no
1,20,19,anssi_bp28_enhanced|anssi_bp28_high|anssi_bp28_intermediary|anssi_bp28_minimal|ccn_advanced|ccn_basic|ccn_intermediate|cis|cis_server_l1|cis_workstation_l1|cis_workstation_l2|cui|e8|hipaa|ism_o|ospp|pci-dss|stig|stig_gui,xccdf_org.ssgproject.content_rule_accounts_password_pam_difok,Ensure PAM Enforces Password Requirements - Minimum Different Characters,xccdf_org.ssgproject.content_rule_accounts_maximum_age_login_defs,Set Password Maximum Age,medium,ccn_advanced|ccn_basic|ccn_intermediate|cis|cis_server_l1|cis_workstation_l1|cis_workstation_l2|ism_o|pci-dss|stig|stig_gui,11,0.9506,no
1,20,19,anssi_bp28_enhanced|anssi_bp28_high|anssi_bp28_intermediary|anssi_bp28_minimal|ccn_advanced|ccn_basic|ccn_intermediate|cis|cis_server_l1|cis_workstation_l1|cis_workstation_l2|cui|e8|hipaa|ism_o|ospp|pci-dss|stig|stig_gui,xccdf_org.ssgproject.content_rule_accounts_password_pam_difok,Ensure PAM Enforces Password Requirements - Minimum Different Characters,xccdf_org.ssgproject.content_rule_accounts_password_pam_minclass,Ensure PAM Enforces Password Requirements - Minimum Different Categories,medium,anssi_bp28_enhanced|anssi_bp28_high|anssi_bp28_intermediary|anssi_bp28_minimal|ccn_advanced|ccn_basic|ccn_intermediate|cis|cis_server_l1|cis_workstation_l1|cis_workstation_l2|stig|stig_gui,13,0.9446,no
1,20,19,anssi_bp28_enhanced|anssi_bp28_high|anssi_bp28_intermediary|anssi_bp28_minimal|ccn_advanced|ccn_basic|ccn_intermediate|cis|cis_server_l1|cis_workstation_l1|cis_workstation_l2|cui|e8|hipaa|ism_o|ospp|pci-dss|stig|stig_gui,xccdf_org.ssgproject.content_rule_accounts_password_pam_difok,Ensure PAM Enforces Password Requirements - Minimum Different Characters,xccdf_org.ssgproject.content_rule_accounts_password_pam_retry,Ensure PAM Enforces Password Requirements - Authentication Retry Prompts Permitted Per-Session,medium,anssi_bp28_enhanced|anssi_bp28_high|anssi_bp28_intermediary|anssi_bp28_minimal|ccn_advanced|ccn_basic|ccn_intermediate|cis|cis_server_l1|cis_workstation_l1|cis_workstation_l2|stig|stig_gui,13,0.9477,no
1,20,19,anssi_bp28_enhanced|anssi_bp28_high|anssi_bp28_intermediary|anssi_bp28_minimal|ccn_advanced|ccn_basic|ccn_intermediate|cis|cis_server_l1|cis_workstation_l1|cis_workstation_l2|cui|e8|hipaa|ism_o|ospp|pci-dss|stig|stig_gui,xccdf_org.ssgproject.content_rule_accounts_password_pam_difok,Ensure PAM Enforces Password Requirements - Minimum Different Characters,xccdf_org.ssgproject.content_rule_accounts_password_pam_minlen,Ensure PAM Enforces Password Requirements - Minimum Length,medium,anssi_bp28_enhanced|anssi_bp28_high|anssi_bp28_intermediary|anssi_bp28_minimal|ccn_advanced|ccn_basic|ccn_intermediate|cis|cis_server_l1|cis_workstation_l1|cis_workstation_l2|cui|ism_o|ospp|pci-dss|stig|stig_gui,17,0.9605,no
1,20,19,anssi_bp28_enhanced|anssi_bp28_high|anssi_bp28_intermediary|anssi_bp28_minimal|ccn_advanced|ccn_basic|ccn_intermediate|cis|cis_server_l1|cis_workstation_l1|cis_workstation_l2|cui|e8|hipaa|ism_o|ospp|pci-dss|stig|stig_gui,xccdf_org.ssgproject.content_rule_accounts_password_pam_difok,Ensure PAM Enforces Password Requirements - Minimum Different Characters,xccdf_org.ssgproject.content_rule_enable_authselect,Enable authselect,medium,anssi_bp28_enhanced|anssi_bp28_high|anssi_bp28_intermediary|anssi_bp28_minimal|ccn_advanced|ccn_basic|ccn_intermediate|cis|cis_server_l1|cis_workstation_l1|cis_workstation_l2|cui|e8|hipaa|ism_o|ospp|pci-dss|stig|stig_gui,19,0.8794,no
2,25,19,anssi_bp28_enhanced|anssi_bp28_high|anssi_bp28_intermediary|anssi_bp28_minimal|ccn_advanced|ccn_basic|ccn_intermediate|cis|cis_server_l1|cis_workstation_l1|cis_workstation_l2|cui|e8|hipaa|ism_o|ospp|pci-dss|stig|stig_gui,xccdf_org.ssgproject.content_rule_service_xinetd_disabled,Disable xinetd Service,xccdf_org.ssgproject.content_rule_service_ip6tables_enabled,Verify ip6tables Enabled if Using IPv6,medium,,0,0.9288,no
2,25,19,anssi_bp28_enhanced|anssi_bp28_high|anssi_bp28_intermediary|anssi_bp28_minimal|ccn_advanced|ccn_basic|ccn_intermediate|cis|cis_server_l1|cis_workstation_l1|cis_workstation_l2|cui|e8|hipaa|ism_o|ospp|pci-dss|stig|stig_gui,xccdf_org.ssgproject.content_rule_service_xinetd_disabled,Disable xinetd Service,xccdf_org.ssgproject.content_rule_service_iptables_enabled,Verify iptables Enabled,medium,,0,0.9344,no
2,25,19,anssi_bp28_enhanced|anssi_bp28_high|anssi_bp28_intermediary|anssi_bp28_minimal|ccn_advanced|ccn_basic|ccn_intermediate|cis|cis_server_l1|cis_workstation_l1|cis_workstation_l2|cui|e8|hipaa|ism_o|ospp|pci-dss|stig|stig_gui,xccdf_org.ssgproject.content_rule_service_xinetd_disabled,Disable xinetd Service,xccdf_org.ssgproject.content_rule_service_ufw_enabled,Verify ufw Enabled,medium,,0,0.9432,no
2,25,19,anssi_bp28_enhanced|anssi_bp28_high|anssi_bp28_intermediary|anssi_bp28_minimal|ccn_advanced|ccn_basic|ccn_intermediate|cis|cis_server_l1|cis_workstation_l1|cis_workstation_l2|cui|e8|hipaa|ism_o|ospp|pci-dss|stig|stig_gui,xccdf_org.ssgproject.content_rule_service_xinetd_disabled,Disable xinetd Service,xccdf_org.ssgproject.content_rule_service_cockpit_disabled,Disable Cockpit Management Server,medium,,0,0.9384,no
2,25,19,anssi_bp28_enhanced|anssi_bp28_high|anssi_bp28_intermediary|anssi_bp28_minimal|ccn_advanced|ccn_basic|ccn_intermediate|cis|cis_server_l1|cis_workstation_l1|cis_workstation_l2|cui|e8|hipaa|ism_o|ospp|pci-dss|stig|stig_gui,xccdf_org.ssgproject.content_rule_service_xinetd_disabled,Disable xinetd Service,xccdf_org.ssgproject.content_rule_service_named_disabled,Disable named Service,medium,,0,0.9612,no
2,25,19,anssi_bp28_enhanced|anssi_bp28_high|anssi_bp28_intermediary|anssi_bp28_minimal|ccn_advanced|ccn_basic|ccn_intermediate|cis|cis_server_l1|cis_workstation_l1|cis_workstation_l2|cui|e8|hipaa|ism_o|ospp|pci-dss|stig|stig_gui,xccdf_org.ssgproject.content_rule_service_xinetd_disabled,Disable xinetd Service,xccdf_org.ssgproject.content_rule_service_vsftpd_disabled,Disable vsftpd Service,medium,,0,0.9703,no
2,25,19,anssi_bp28_enhanced|anssi_bp28_high|anssi_bp28_intermediary|anssi_bp28_minimal|ccn_advanced|ccn_basic|ccn_intermediate|cis|cis_server_l1|cis_workstation_l1|cis_workstation_l2|cui|e8|hipaa|ism_o|ospp|pci-dss|stig|stig_gui,xccdf_org.ssgproject.content_rule_service_xinetd_disabled,Disable xinetd Service,xccdf_org.ssgproject.content_rule_service_httpd_disabled,Disable httpd Service,unknown,,0,0.9763,no
2,25,19,anssi_bp28_enhanced|anssi_bp28_high|anssi_bp28_intermediary|anssi_bp28_minimal|ccn_advanced|ccn_basic|ccn_intermediate|cis|cis_server_l1|cis_workstation_l1|cis_workstation_l2|cui|e8|hipaa|ism_o|ospp|pci-dss|stig|stig_gui,xccdf_org.ssgproject.content_rule_service_xinetd_disabled,Disable xinetd Service,xccdf_org.ssgproject.content_rule_service_dovecot_disabled,Disable Dovecot Service,unknown,,0,0.9602,no
2,25,19,anssi_bp28_enhanced|anssi_bp28_high|anssi_bp28_intermediary|anssi_bp28_minimal|ccn_advanced|ccn_basic|ccn_intermediate|cis|cis_server_l1|cis_workstation_l1|cis_workstation_l2|cui|e8|hipaa|ism_o|ospp|pci-dss|stig|stig_gui,xccdf_org.ssgproject.content_rule_service_xinetd_disabled,Disable xinetd Service,xccdf_org.ssgproject.content_rule_service_ntp_enabled,Enable the NTP Daemon,high,,0,0.9416,no
2,25,19,anssi_bp28_enhanced|anssi_bp28_high|anssi_bp28_intermediary|anssi_bp28_minimal|ccn_advanced|ccn_basic|ccn_intermediate|cis|cis_server_l1|cis_workstation_l1|cis_workstation_l2|cui|e8|hipaa|ism_o|ospp|pci-dss|stig|stig_gui,xccdf_org.ssgproject.content_rule_service_xinetd_disabled,Disable xinetd Service,xccdf_org.ssgproject.content_rule_service_ntpd_enabled,Enable the NTP Daemon,medium,,0,0.9463,no
2,25,19,anssi_bp28_enhanced|anssi_bp28_high|anssi_bp28_intermediary|anssi_bp28_minimal|ccn_advanced|ccn_basic|ccn_intermediate|cis|cis_server_l1|cis_workstation_l1|cis_workstation_l2|cui|e8|hipaa|ism_o|ospp|pci-dss|stig|stig_gui,xccdf_org.ssgproject.content_rule_service_xinetd_disabled,Disable xinetd Service,xccdf_org.ssgproject.content_rule_service_xinetd_disabled,Disable xinetd Service,medium,,0,1.0,yes
2,25,19,anssi_bp28_enhanced|anssi_bp28_high|anssi_bp28_intermediary|anssi_bp28_minimal|ccn_advanced|ccn_basic|ccn_intermediate|cis|cis_server_l1|cis_workstation_l1|cis_workstation_l2|cui|e8|hipaa|ism_o|ospp|pci-dss|stig|stig_gui,xccdf_org.ssgproject.content_rule_service_xinetd_disabled,Disable xinetd Service,xccdf_org.ssgproject.content_rule_service_cups_disabled,Disable the CUPS Service,unknown,,0,0.9584,no
2,25,19,anssi_bp28_enhanced|anssi_bp28_high|anssi_bp28_intermediary|anssi_bp28_minimal|ccn_advanced|ccn_basic|ccn_intermediate|cis|cis_server_l1|cis_workstation_l1|cis_workstation_l2|cui|e8|hipaa|ism_o|ospp|pci-dss|stig|stig_gui,xccdf_org.ssgproject.content_rule_service_xinetd_disabled,Disable xinetd Service,xccdf_org.ssgproject.content_rule_service_rngd_enabled,Enable the Hardware RNG Entropy Gatherer Service,low,,0,0.935,no
2,25,19,anssi_bp28_enhanced|anssi_bp28_high|anssi_bp28_intermediary|anssi_bp28_minimal|ccn_advanced|ccn_basic|ccn_intermediate|cis|cis_server_l1|cis_workstation_l1|cis_workstation_l2|cui|e8|hipaa|ism_o|ospp|pci-dss|stig|stig_gui,xccdf_org.ssgproject.content_rule_service_xinetd_disabled,Disable xinetd Service,xccdf_org.ssgproject.content_rule_service_smb_disabled,Disable Samba,low,,0,0.9599,no
2,25,19,anssi_bp28_enhanced|anssi_bp28_high|anssi_bp28_intermediary|anssi_bp28_minimal|ccn_advanced|ccn_basic|ccn_intermediate|cis|cis_server_l1|cis_workstation_l1|cis_workstation_l2|cui|e8|hipaa|ism_o|ospp|pci-dss|stig|stig_gui,xccdf_org.ssgproject.content_rule_service_xinetd_disabled,Disable xinetd Service,xccdf_org.ssgproject.content_rule_service_rsyncd_disabled,Ensure rsyncd service is disabled,medium,pci-dss,1,0.957,no
2,25,19,anssi_bp28_enhanced|anssi_bp28_high|anssi_bp28_intermediary|anssi_bp28_minimal|ccn_advanced|ccn_basic|ccn_intermediate|cis|cis_server_l1|cis_workstation_l1|cis_workstation_l2|cui|e8|hipaa|ism_o|ospp|pci-dss|stig|stig_gui,xccdf_org.ssgproject.content_rule_service_xinetd_disabled,Disable xinetd Service,xccdf_org.ssgproject.content_rule_service_snmpd_disabled,Disable snmpd Service,low,ism_o,1,0.9734,no
2,25,19,anssi_bp28_enhanced|anssi_bp28_high|anssi_bp28_intermediary|anssi_bp28_minimal|ccn_advanced|ccn_basic|ccn_intermediate|cis|cis_server_l1|cis_workstation_l1|cis_workstation_l2|cui|e8|hipaa|ism_o|ospp|pci-dss|stig|stig_gui,xccdf_org.ssgproject.content_rule_service_xinetd_disabled,Disable xinetd Service,xccdf_org.ssgproject.content_rule_service_pcscd_enabled,Enable the pcscd Service,medium,stig|stig_gui,2,0.9432,no
2,25,19,anssi_bp28_enhanced|anssi_bp28_high|anssi_bp28_intermediary|anssi_bp28_minimal|ccn_advanced|ccn_basic|ccn_intermediate|cis|cis_server_l1|cis_workstation_l1|cis_workstation_l2|cui|e8|hipaa|ism_o|ospp|pci-dss|stig|stig_gui,xccdf_org.ssgproject.content_rule_service_xinetd_disabled,Disable xinetd Service,xccdf_org.ssgproject.content_rule_service_squid_disabled,Disable Squid,unknown,e8|ism_o,2,0.9589,no
2,25,19,anssi_bp28_enhanced|anssi_bp28_high|anssi_bp28_intermediary|anssi_bp28_minimal|ccn_advanced|ccn_basic|ccn_intermediate|cis|cis_server_l1|cis_workstation_l1|cis_workstation_l2|cui|e8|hipaa|ism_o|ospp|pci-dss|stig|stig_gui,xccdf_org.ssgproject.content_rule_service_xinetd_disabled,Disable xinetd Service,xccdf_org.ssgproject.content_rule_service_sshd_enabled,Enable the OpenSSH Service,medium,stig|stig_gui,2,0.9327,no
2,25,19,anssi_bp28_enhanced|anssi_bp28_high|anssi_bp28_intermediary|anssi_bp28_minimal|ccn_advanced|ccn_basic|ccn_intermediate|cis|cis_server_l1|cis_workstation_l1|cis_workstation_l2|cui|e8|hipaa|ism_o|ospp|pci-dss|stig|stig_gui,xccdf_org.ssgproject.content_rule_service_xinetd_disabled,Disable xinetd Service,xccdf_org.ssgproject.content_rule_timer_logrotate_enabled,Enable logrotate Timer,medium,anssi_bp28_enhanced|anssi_bp28_high|pci-dss,3,0.9215,no
2,25,19,anssi_bp28_enhanced|anssi_bp28_high|anssi_bp28_intermediary|anssi_bp28_minimal|ccn_advanced|ccn_basic|ccn_intermediate|cis|cis_server_l1|cis_workstation_l1|cis_workstation_l2|cui|e8|hipaa|ism_o|ospp|pci-dss|stig|stig_gui,xccdf_org.ssgproject.content_rule_service_xinetd_disabled,Disable xinetd Service,xccdf_org.ssgproject.content_rule_service_avahi-daemon_disabled,Disable Avahi Server Software,medium,e8|ism_o|pci-dss,3,0.9677,no
2,25,19,anssi_bp28_enhanced|anssi_bp28_high|anssi_bp28_intermediary|anssi_bp28_minimal|ccn_advanced|ccn_basic|ccn_intermediate|cis|cis_server_l1|cis_workstation_l1|cis_workstation_l2|cui|e8|hipaa|ism_o|ospp|pci-dss|stig|stig_gui,xccdf_org.ssgproject.content_rule_service_xinetd_disabled,Disable xinetd Service,xccdf_org.ssgproject.content_rule_service_telnet_disabled,Disable telnet Service,high,e8|hipaa|ism_o,3,0.9553,no
2,25,19,anssi_bp28_enhanced|anssi_bp28_high|anssi_bp28_intermediary|anssi_bp28_minimal|ccn_advanced|ccn_basic|ccn_intermediate|cis|cis_server_l1|cis_workstation_l1|cis_workstation_l2|cui|e8|hipaa|ism_o|ospp|pci-dss|stig|stig_gui,xccdf_org.ssgproject.content_rule_service_xinetd_disabled,Disable xinetd Service,xccdf_org.ssgproject.content_rule_service_sssd_enabled,Enable the SSSD Service,medium,anssi_bp28_enhanced|anssi_bp28_high|anssi_bp28_intermediary,3,0.9303,no
2,25,19,anssi_bp28_enhanced|anssi_bp28_high|anssi_bp28_intermediary|anssi_bp28_minimal|ccn_advanced|ccn_basic|ccn_intermediate|cis|cis_server_l1|cis_workstation_l1|cis_workstation_l2|cui|e8|hipaa|ism_o|ospp|pci-dss|stig|stig_gui,xccdf_org.ssgproject.content_rule_service_xinetd_disabled,Disable xinetd Service,xccdf_org.ssgproject.content_rule_timer_dnf-automatic_enabled,Enable dnf-automatic Timer,medium,anssi_bp28_enhanced|anssi_bp28_high|anssi_bp28_intermediary|anssi_bp28_minimal|cui|ospp,6,0.9263,no
2,25,19,anssi_bp28_enhanced|anssi_bp28_high|anssi_bp28_intermediary|anssi_bp28_minimal|ccn_advanced|ccn_basic|ccn_intermediate|cis|cis_server_l1|cis_workstation_l1|cis_workstation_l2|cui|e8|hipaa|ism_o|ospp|pci-dss|stig|stig_gui,xccdf_org.ssgproject.content_rule_service_xinetd_disabled,Disable xinetd Service,xccdf_org.ssgproject.content_rule_service_systemd-journald_enabled,Enable systemd-journald Service,medium,cis|cis_server_l1|cis_workstation_l1|cis_workstation_l2|stig|stig_gui,6,0.9188,no
2,25,19,anssi_bp28_enhanced|anssi_bp28_high|anssi_bp28_intermediary|anssi_bp28_minimal|ccn_advanced|ccn_basic|ccn_intermediate|cis|cis_server_l1|cis_workstation_l1|cis_workstation_l2|cui|e8|hipaa|ism_o|ospp|pci-dss|stig|stig_gui,xccdf_org.ssgproject.content_rule_service_xinetd_disabled,Disable xinetd Service,xccdf_org.ssgproject.content_rule_service_fapolicyd_enabled,Enable the File Access Policy Service,medium,cui|e8|ism_o|ospp|stig|stig_gui,6,0.9329,no
2,25,19,anssi_bp28_enhanced|anssi_bp28_high|anssi_bp28_intermediary|anssi_bp28_minimal|ccn_advanced|ccn_basic|ccn_intermediate|cis|cis_server_l1|cis_workstation_l1|cis_workstation_l2|cui|e8|hipaa|ism_o|ospp|pci-dss|stig|stig_gui,xccdf_org.ssgproject.content_rule_service_xinetd_disabled,Disable xinetd Service,xccdf_org.ssgproject.content_rule_service_usbguard_enabled,Enable the USBGuard Service,medium,ccn_advanced|ccn_basic|ccn_intermediate|cui|ism_o|ospp|stig|stig_gui,8,0.93,no
2,25,19,anssi_bp28_enhanced|anssi_bp28_high|anssi_bp28_intermediary|anssi_bp28_minimal|ccn_advanced|ccn_basic|ccn_intermediate|cis|cis_server_l1|cis_workstation_l1|cis_workstation_l2|cui|e8|hipaa|ism_o|ospp|pci-dss|stig|stig_gui,xccdf_org.ssgproject.content_rule_service_xinetd_disabled,Disable xinetd Service,xccdf_org.ssgproject.content_rule_service_firewalld_enabled,Verify firewalld Enabled,medium,ccn_advanced|ccn_basic|ccn_intermediate|cis|cis_server_l1|cis_workstation_l1|cis_workstation_l2|cui|e8|ism_o|ospp|pci-dss|stig|stig_gui,14,0.9495,no
3,28,19,anssi_bp28_enhanced|anssi_bp28_high|anssi_bp28_intermediary|anssi_bp28_minimal|ccn_advanced|ccn_basic|ccn_intermediate|cis|cis_server_l1|cis_workstation_l1|cis_workstation_l2|cui|e8|hipaa|ism_o|ospp|pci-dss|stig|stig_gui,xccdf_org.ssgproject.content_rule_sudo_remove_nopasswd,Ensure Users Re-Authenticate for Privilege Escalation - sudo NOPASSWD,xccdf_org.ssgproject.content_rule_sudo_vdsm_nopasswd,Only the VDSM User Can Use sudo NOPASSWD,medium,,0,0.9775,no
3,28,19,anssi_bp28_enhanced|anssi_bp28_high|anssi_bp28_intermediary|anssi_bp28_minimal|ccn_advanced|ccn_basic|ccn_intermediate|cis|cis_server_l1|cis_workstation_l1|cis_workstation_l2|cui|e8|hipaa|ism_o|ospp|pci-dss|stig|stig_gui,xccdf_org.ssgproject.content_rule_sudo_remove_nopasswd,Ensure Users Re-Authenticate for Privilege Escalation - sudo NOPASSWD,xccdf_org.ssgproject.content_rule_sudoers_default_includedir,Ensure sudo only includes the default configuration directory,medium,,0,0.9409,no
3,28,19,anssi_bp28_enhanced|anssi_bp28_high|anssi_bp28_intermediary|anssi_bp28_minimal|ccn_advanced|ccn_basic|ccn_intermediate|cis|cis_server_l1|cis_workstation_l1|cis_workstation_l2|cui|e8|hipaa|ism_o|ospp|pci-dss|stig|stig_gui,xccdf_org.ssgproject.content_rule_sudo_remove_nopasswd,Ensure Users Re-Authenticate for Privilege Escalation - sudo NOPASSWD,xccdf_org.ssgproject.content_rule_grub2_uefi_admin_username,Set the UEFI Boot Loader Admin Username to a Non-Default Value,medium,,0,0.9165,no
3,28,19,anssi_bp28_enhanced|anssi_bp28_high|anssi_bp28_intermediary|anssi_bp28_minimal|ccn_advanced|ccn_basic|ccn_intermediate|cis|cis_server_l1|cis_workstation_l1|cis_workstation_l2|cui|e8|hipaa|ism_o|ospp|pci-dss|stig|stig_gui,xccdf_org.ssgproject.content_rule_sudo_remove_nopasswd,Ensure Users Re-Authenticate for Privilege Escalation - sudo NOPASSWD,xccdf_org.ssgproject.content_rule_selinux_user_login_roles,Map System Users To The Appropriate SELinux Role,medium,,0,0.9056,no
3,28,19,anssi_bp28_enhanced|anssi_bp28_high|anssi_bp28_intermediary|anssi_bp28_minimal|ccn_advanced|ccn_basic|ccn_intermediate|cis|cis_server_l1|cis_workstation_l1|cis_workstation_l2|cui|e8|hipaa|ism_o|ospp|pci-dss|stig|stig_gui,xccdf_org.ssgproject.content_rule_sudo_remove_nopasswd,Ensure Users Re-Authenticate for Privilege Escalation - sudo NOPASSWD,xccdf_org.ssgproject.content_rule_ftp_limit_users,Limit Users Allowed FTP Access if Necessary,unknown,,0,0.9344,no
3,28,19,anssi_bp28_enhanced|anssi_bp28_high|anssi_bp28_intermediary|anssi_bp28_minimal|ccn_advanced|ccn_basic|ccn_intermediate|cis|cis_server_l1|cis_workstation_l1|cis_workstation_l2|cui|e8|hipaa|ism_o|ospp|pci-dss|stig|stig_gui,xccdf_org.ssgproject.content_rule_sudo_remove_nopasswd,Ensure Users Re-Authenticate for Privilege Escalation - sudo NOPASSWD,xccdf_org.ssgproject.content_rule_snmpd_no_rwusers,Ensure SNMP Read Write is disabled,medium,,0,0.9107,no
3,28,19,anssi_bp28_enhanced|anssi_bp28_high|anssi_bp28_intermediary|anssi_bp28_minimal|ccn_advanced|ccn_basic|ccn_intermediate|cis|cis_server_l1|cis_workstation_l1|cis_workstation_l2|cui|e8|hipaa|ism_o|ospp|pci-dss|stig|stig_gui,xccdf_org.ssgproject.content_rule_sudo_remove_nopasswd,Ensure Users Re-Authenticate for Privilege Escalation - sudo NOPASSWD,xccdf_org.ssgproject.content_rule_package_gdm_removed,Remove the GDM Package Group,medium,cis,1,0.9141,no
3,28,19,anssi_bp28_enhanced|anssi_bp28_high|anssi_bp28_intermediary|anssi_bp28_minimal|ccn_advanced|ccn_basic|ccn_intermediate|cis|cis_server_l1|cis_workstation_l1|cis_workstation_l2|cui|e8|hipaa|ism_o|ospp|pci-dss|stig|stig_gui,xccdf_org.ssgproject.content_rule_sudo_remove_nopasswd,Ensure Users Re-Authenticate for Privilege Escalation - sudo NOPASSWD,xccdf_org.ssgproject.content_rule_snmpd_use_newer_protocol,Configure SNMP Service to Use Only SNMPv3 or Newer,medium,ism_o,1,0.9171,no
3,28,19,anssi_bp28_enhanced|anssi_bp28_high|anssi_bp28_intermediary|anssi_bp28_minimal|ccn_advanced|ccn_basic|ccn_intermediate|cis|cis_server_l1|cis_workstation_l1|cis_workstation_l2|cui|e8|hipaa|ism_o|ospp|pci-dss|stig|stig_gui,xccdf_org.ssgproject.content_rule_sudo_remove_nopasswd,Ensure Users Re-Authenticate for Privilege Escalation - sudo NOPASSWD,xccdf_org.ssgproject.content_rule_package_xorg-x11-server-common_removed,Remove the X Windows Package Group,medium,cis,1,0.9243,no
3,28,19,anssi_bp28_enhanced|anssi_bp28_high|anssi_bp28_intermediary|anssi_bp28_minimal|ccn_advanced|ccn_basic|ccn_intermediate|cis|cis_server_l1|cis_workstation_l1|cis_workstation_l2|cui|e8|hipaa|ism_o|ospp|pci-dss|stig|stig_gui,xccdf_org.ssgproject.content_rule_sudo_remove_nopasswd,Ensure Users Re-Authenticate for Privilege Escalation - sudo NOPASSWD,xccdf_org.ssgproject.content_rule_sudo_restrict_privilege_elevation_to_authorized,The operating system must restrict privilege elevation to authorized personnel,medium,stig|stig_gui,2,0.9314,no
3,28,19,anssi_bp28_enhanced|anssi_bp28_high|anssi_bp28_intermediary|anssi_bp28_minimal|ccn_advanced|ccn_basic|ccn_intermediate|cis|cis_server_l1|cis_workstation_l1|cis_workstation_l2|cui|e8|hipaa|ism_o|ospp|pci-dss|stig|stig_gui,xccdf_org.ssgproject.content_rule_sudo_remove_nopasswd,Ensure Users Re-Authenticate for Privilege Escalation - sudo NOPASSWD,xccdf_org.ssgproject.content_rule_disallow_bypass_password_sudo,Disallow Configuration to Bypass Password Requirements for Privilege Escalation,medium,stig|stig_gui,2,0.9482,no
3,28,19,anssi_bp28_enhanced|anssi_bp28_high|anssi_bp28_intermediary|anssi_bp28_minimal|ccn_advanced|ccn_basic|ccn_intermediate|cis|cis_server_l1|cis_workstation_l1|cis_workstation_l2|cui|e8|hipaa|ism_o|ospp|pci-dss|stig|stig_gui,xccdf_org.ssgproject.content_rule_sudo_remove_nopasswd,Ensure Users Re-Authenticate for Privilege Escalation - sudo NOPASSWD,xccdf_org.ssgproject.content_rule_accounts_authorized_local_users,Only Authorized Local User Accounts Exist on Operating System,medium,stig|stig_gui,2,0.9131,no
3,28,19,anssi_bp28_enhanced|anssi_bp28_high|anssi_bp28_intermediary|anssi_bp28_minimal|ccn_advanced|ccn_basic|ccn_intermediate|cis|cis_server_l1|cis_workstation_l1|cis_workstation_l2|cui|e8|hipaa|ism_o|ospp|pci-dss|stig|stig_gui,xccdf_org.ssgproject.content_rule_sudo_remove_nopasswd,Ensure Users Re-Authenticate for Privilege Escalation - sudo NOPASSWD,xccdf_org.ssgproject.content_rule_grub2_admin_username,Set the Boot Loader Admin Username to a Non-Default Value,high,stig|stig_gui,2,0.9154,no
3,28,19,anssi_bp28_enhanced|anssi_bp28_high|anssi_bp28_intermediary|anssi_bp28_minimal|ccn_advanced|ccn_basic|ccn_intermediate|cis|cis_server_l1|cis_workstation_l1|cis_workstation_l2|cui|e8|hipaa|ism_o|ospp|pci-dss|stig|stig_gui,xccdf_org.ssgproject.content_rule_sudo_remove_nopasswd,Ensure Users Re-Authenticate for Privilege Escalation - sudo NOPASSWD,xccdf_org.ssgproject.content_rule_network_nmcli_permissions,Prevent non-Privileged Users from Modifying Network Interfaces using nmcli,medium,ism_o|pci-dss,2,0.9438,no
3,28,19,anssi_bp28_enhanced|anssi_bp28_high|anssi_bp28_intermediary|anssi_bp28_minimal|ccn_advanced|ccn_basic|ccn_intermediate|cis|cis_server_l1|cis_workstation_l1|cis_workstation_l2|cui|e8|hipaa|ism_o|ospp|pci-dss|stig|stig_gui,xccdf_org.ssgproject.content_rule_sudo_remove_nopasswd,Ensure Users Re-Authenticate for Privilege Escalation - sudo NOPASSWD,xccdf_org.ssgproject.content_rule_postfix_client_configure_mail_alias_postmaster,Configure System to Forward All Mail From Postmaster to The Root Account,medium,stig|stig_gui,2,0.9184,no
3,28,19,anssi_bp28_enhanced|anssi_bp28_high|anssi_bp28_intermediary|anssi_bp28_minimal|ccn_advanced|ccn_basic|ccn_intermediate|cis|cis_server_l1|cis_workstation_l1|cis_workstation_l2|cui|e8|hipaa|ism_o|ospp|pci-dss|stig|stig_gui,xccdf_org.ssgproject.content_rule_sudo_remove_nopasswd,Ensure Users Re-Authenticate for Privilege Escalation - sudo NOPASSWD,xccdf_org.ssgproject.content_rule_rpm_verify_ownership,Verify and Correct Ownership with RPM,high,e8|ism_o|pci-dss,3,0.8985,no
3,28,19,anssi_bp28_enhanced|anssi_bp28_high|anssi_bp28_intermediary|anssi_bp28_minimal|ccn_advanced|ccn_basic|ccn_intermediate|cis|cis_server_l1|cis_workstation_l1|cis_workstation_l2|cui|e8|hipaa|ism_o|ospp|pci-dss|stig|stig_gui,xccdf_org.ssgproject.content_rule_sudo_remove_nopasswd,Ensure Users Re-Authenticate for Privilege Escalation - sudo NOPASSWD,xccdf_org.ssgproject.content_rule_rpm_verify_permissions,Verify and Correct File Permissions with RPM,high,e8|hipaa|ism_o,3,0.9089,no
3,28,19,anssi_bp28_enhanced|anssi_bp28_high|anssi_bp28_intermediary|anssi_bp28_minimal|ccn_advanced|ccn_basic|ccn_intermediate|cis|cis_server_l1|cis_workstation_l1|cis_workstation_l2|cui|e8|hipaa|ism_o|ospp|pci-dss|stig|stig_gui,xccdf_org.ssgproject.content_rule_sudo_remove_nopasswd,Ensure Users Re-Authenticate for Privilege Escalation - sudo NOPASSWD,xccdf_org.ssgproject.content_rule_sudo_add_noexec,Ensure Privileged Escalated Commands Cannot Execute Other Commands - sudo NOEXEC,high,anssi_bp28_enhanced|anssi_bp28_high|anssi_bp28_intermediary,3,0.9772,no
3,28,19,anssi_bp28_enhanced|anssi_bp28_high|anssi_bp28_intermediary|anssi_bp28_minimal|ccn_advanced|ccn_basic|ccn_intermediate|cis|cis_server_l1|cis_workstation_l1|cis_workstation_l2|cui|e8|hipaa|ism_o|ospp|pci-dss|stig|stig_gui,xccdf_org.ssgproject.content_rule_sudo_remove_nopasswd,Ensure Users Re-Authenticate for Privilege Escalation - sudo NOPASSWD,xccdf_org.ssgproject.content_rule_sudo_add_requiretty,Ensure Only Users Logged In To Real tty Can Execute Sudo - sudo requiretty,medium,anssi_bp28_enhanced|anssi_bp28_high|anssi_bp28_intermediary,3,0.9724,no
3,28,19,anssi_bp28_enhanced|anssi_bp28_high|anssi_bp28_intermediary|anssi_bp28_minimal|ccn_advanced|ccn_basic|ccn_intermediate|cis|cis_server_l1|cis_workstation_l1|cis_workstation_l2|cui|e8|hipaa|ism_o|ospp|pci-dss|stig|stig_gui,xccdf_org.ssgproject.content_rule_sudo_remove_nopasswd,Ensure Users Re-Authenticate for Privilege Escalation - sudo NOPASSWD,xccdf_org.ssgproject.content_rule_sudoers_explicit_command_args,Explicit arguments in sudo specifications,medium,anssi_bp28_enhanced|anssi_bp28_high|anssi_bp28_intermediary,3,0.9201,no
3,28,19,anssi_bp28_enhanced|anssi_bp28_high|anssi_bp28_intermediary|anssi_bp28_minimal|ccn_advanced|ccn_basic|ccn_intermediate|cis|cis_server_l1|cis_workstation_l1|cis_workstation_l2|cui|e8|hipaa|ism_o|ospp|pci-dss|stig|stig_gui,xccdf_org.ssgproject.content_rule_sudo_remove_nopasswd,Ensure Users Re-Authenticate for Privilege Escalation - sudo NOPASSWD,xccdf_org.ssgproject.content_rule_sudoers_no_command_negation,Don't define allowed commands in sudoers by means of exclusion,medium,anssi_bp28_enhanced|anssi_bp28_high|anssi_bp28_intermediary,3,0.9142,no
3,28,19,anssi_bp28_enhanced|anssi_bp28_high|anssi_bp28_intermediary|anssi_bp28_minimal|ccn_advanced|ccn_basic|ccn_intermediate|cis|cis_server_l1|cis_workstation_l1|cis_workstation_l2|cui|e8|hipaa|ism_o|ospp|pci-dss|stig|stig_gui,xccdf_org.ssgproject.content_rule_sudo_remove_nopasswd,Ensure Users Re-Authenticate for Privilege Escalation - sudo NOPASSWD,xccdf_org.ssgproject.content_rule_sudoers_no_root_target,Don't target root user in the sudoers file,medium,anssi_bp28_enhanced|anssi_bp28_high|anssi_bp28_intermediary,3,0.9151,no
3,28,19,anssi_bp28_enhanced|anssi_bp28_high|anssi_bp28_intermediary|anssi_bp28_minimal|ccn_advanced|ccn_basic|ccn_intermediate|cis|cis_server_l1|cis_workstation_l1|cis_workstation_l2|cui|e8|hipaa|ism_o|ospp|pci-dss|stig|stig_gui,xccdf_org.ssgproject.content_rule_sudo_remove_nopasswd,Ensure Users Re-Authenticate for Privilege Escalation - sudo NOPASSWD,xccdf_org.ssgproject.content_rule_sudo_remove_no_authenticate,Ensure Users Re-Authenticate for Privilege Escalation - sudo !authenticate,medium,e8|ism_o|stig|stig_gui,4,0.9886,no
3,28,19,anssi_bp28_enhanced|anssi_bp28_high|anssi_bp28_intermediary|anssi_bp28_minimal|ccn_advanced|ccn_basic|ccn_intermediate|cis|cis_server_l1|cis_workstation_l1|cis_workstation_l2|cui|e8|hipaa|ism_o|ospp|pci-dss|stig|stig_gui,xccdf_org.ssgproject.content_rule_sudo_remove_nopasswd,Ensure Users Re-Authenticate for Privilege Escalation - sudo NOPASSWD,xccdf_org.ssgproject.content_rule_sudo_remove_nopasswd,Ensure Users Re-Authenticate for Privilege Escalation - sudo NOPASSWD,medium,e8|ism_o|stig|stig_gui,4,1.0,yes
3,28,19,anssi_bp28_enhanced|anssi_bp28_high|anssi_bp28_intermediary|anssi_bp28_minimal|ccn_advanced|ccn_basic|ccn_intermediate|cis|cis_server_l1|cis_workstation_l1|cis_workstation_l2|cui|e8|hipaa|ism_o|ospp|pci-dss|stig|stig_gui,xccdf_org.ssgproject.content_rule_sudo_remove_nopasswd,Ensure Users Re-Authenticate for Privilege Escalation - sudo NOPASSWD,xccdf_org.ssgproject.content_rule_no_direct_root_logins,Direct root Logins Not Allowed,medium,anssi_bp28_enhanced|anssi_bp28_high|anssi_bp28_intermediary|hipaa|pci-dss,5,0.9397,no
3,28,19,anssi_bp28_enhanced|anssi_bp28_high|anssi_bp28_intermediary|anssi_bp28_minimal|ccn_advanced|ccn_basic|ccn_intermediate|cis|cis_server_l1|cis_workstation_l1|cis_workstation_l2|cui|e8|hipaa|ism_o|ospp|pci-dss|stig|stig_gui,xccdf_org.ssgproject.content_rule_sudo_remove_nopasswd,Ensure Users Re-Authenticate for Privilege Escalation - sudo NOPASSWD,xccdf_org.ssgproject.content_rule_postfix_client_configure_mail_alias,Configure System to Forward All Mail For The Root Account,medium,anssi_bp28_enhanced|anssi_bp28_high|anssi_bp28_intermediary|stig|stig_gui,5,0.9156,no
3,28,19,anssi_bp28_enhanced|anssi_bp28_high|anssi_bp28_intermediary|anssi_bp28_minimal|ccn_advanced|ccn_basic|ccn_intermediate|cis|cis_server_l1|cis_workstation_l1|cis_workstation_l2|cui|e8|hipaa|ism_o|ospp|pci-dss|stig|stig_gui,xccdf_org.ssgproject.content_rule_sudo_remove_nopasswd,Ensure Users Re-Authenticate for Privilege Escalation - sudo NOPASSWD,xccdf_org.ssgproject.content_rule_selinux_confinement_of_daemons,Ensure No Daemons are Unconfined by SELinux,medium,cis|cis_server_l1|cis_workstation_l1|cis_workstation_l2|hipaa|pci-dss,6,0.925,no
3,28,19,anssi_bp28_enhanced|anssi_bp28_high|anssi_bp28_intermediary|anssi_bp28_minimal|ccn_advanced|ccn_basic|ccn_intermediate|cis|cis_server_l1|cis_workstation_l1|cis_workstation_l2|cui|e8|hipaa|ism_o|ospp|pci-dss|stig|stig_gui,xccdf_org.ssgproject.content_rule_sudo_remove_nopasswd,Ensure Users Re-Authenticate for Privilege Escalation - sudo NOPASSWD,xccdf_org.ssgproject.content_rule_no_password_auth_for_systemaccounts,Ensure that System Accounts Are Locked,medium,ccn_advanced|ccn_intermediate|cis|cis_server_l1|cis_workstation_l1|cis_workstation_l2|pci-dss,7,0.9278,no
3,28,19,anssi_bp28_enhanced|anssi_bp28_high|anssi_bp28_intermediary|anssi_bp28_minimal|ccn_advanced|ccn_basic|ccn_intermediate|cis|cis_server_l1|cis_workstation_l1|cis_workstation_l2|cui|e8|hipaa|ism_o|ospp|pci-dss|stig|stig_gui,xccdf_org.ssgproject.content_rule_sudo_remove_nopasswd,Ensure Users Re-Authenticate for Privilege Escalation - sudo NOPASSWD,xccdf_org.ssgproject.content_rule_sudo_require_authentication,Ensure Users Re-Authenticate for Privilege Escalation - sudo,medium,ccn_advanced|ccn_basic|ccn_intermediate|cis|cis_workstation_l2|e8|ism_o|pci-dss,8,0.9887,no
3,28,19,anssi_bp28_enhanced|anssi_bp28_high|anssi_bp28_intermediary|anssi_bp28_minimal|ccn_advanced|ccn_basic|ccn_intermediate|cis|cis_server_l1|cis_workstation_l1|cis_workstation_l2|cui|e8|hipaa|ism_o|ospp|pci-dss|stig|stig_gui,xccdf_org.ssgproject.content_rule_sudo_remove_nopasswd,Ensure Users Re-Authenticate for Privilege Escalation - sudo NOPASSWD,xccdf_org.ssgproject.content_rule_no_empty_passwords_etc_shadow,Ensure There Are No Accounts With Blank or Null Passwords,high,ccn_advanced|ccn_intermediate|cis|cis_server_l1|cis_workstation_l1|cis_workstation_l2|pci-dss|stig|stig_gui,9,0.931,no
3,28,19,anssi_bp28_enhanced|anssi_bp28_high|anssi_bp28_intermediary|anssi_bp28_minimal|ccn_advanced|ccn_basic|ccn_intermediate|cis|cis_server_l1|cis_workstation_l1|cis_workstation_l2|cui|e8|hipaa|ism_o|ospp|pci-dss|stig|stig_gui,xccdf_org.ssgproject.content_rule_sudo_remove_nopasswd,Ensure Users Re-Authenticate for Privilege Escalation - sudo NOPASSWD,xccdf_org.ssgproject.content_rule_accounts_no_uid_except_zero,Verify Only Root Has UID 0,high,cis|cis_server_l1|cis_workstation_l1|cis_workstation_l2|e8|ism_o|pci-dss|stig|stig_gui,9,0.8872,no
3,28,19,anssi_bp28_enhanced|anssi_bp28_high|anssi_bp28_intermediary|anssi_bp28_minimal|ccn_advanced|ccn_basic|ccn_intermediate|cis|cis_server_l1|cis_workstation_l1|cis_workstation_l2|cui|e8|hipaa|ism_o|ospp|pci-dss|stig|stig_gui,xccdf_org.ssgproject.content_rule_sudo_remove_nopasswd,Ensure Users Re-Authenticate for Privilege Escalation - sudo NOPASSWD,xccdf_org.ssgproject.content_rule_sudo_add_use_pty,Ensure Only Users Logged In To Real tty Can Execute Sudo - sudo use_pty,medium,anssi_bp28_enhanced|anssi_bp28_high|anssi_bp28_intermediary|ccn_advanced|ccn_intermediate|cis|cis_server_l1|cis_workstation_l1|cis_workstation_l2|pci-dss,10,0.972,no
3,28,19,anssi_bp28_enhanced|anssi_bp28_high|anssi_bp28_intermediary|anssi_bp28_minimal|ccn_advanced|ccn_basic|ccn_intermediate|cis|cis_server_l1|cis_workstation_l1|cis_workstation_l2|cui|e8|hipaa|ism_o|ospp|pci-dss|stig|stig_gui,xccdf_org.ssgproject.content_rule_sudo_remove_nopasswd,Ensure Users Re-Authenticate for Privilege Escalation - sudo NOPASSWD,xccdf_org.ssgproject.content_rule_no_shelllogin_for_systemaccounts,Ensure that System Accounts Do Not Run a Shell Upon Login,medium,ccn_advanced|ccn_intermediate|cis|cis_server_l1|cis_workstation_l1|cis_workstation_l2|ism_o|pci-dss|stig|stig_gui,10,0.9368,no
3,28,19,anssi_bp28_enhanced|anssi_bp28_high|anssi_bp28_intermediary|anssi_bp28_minimal|ccn_advanced|ccn_basic|ccn_intermediate|cis|cis_server_l1|cis_workstation_l1|cis_workstation_l2|cui|e8|hipaa|ism_o|ospp|pci-dss|stig|stig_gui,xccdf_org.ssgproject.content_rule_sudo_remove_nopasswd,Ensure Users Re-Authenticate for Privilege Escalation - sudo NOPASSWD,xccdf_org.ssgproject.content_rule_accounts_tmout,Set Interactive Session Timeout,medium,anssi_bp28_enhanced|anssi_bp28_high|anssi_bp28_intermediary|ccn_advanced|cis|cis_server_l1|cis_workstation_l1|cis_workstation_l2|pci-dss|stig|stig_gui,11,0.9361,no
3,28,19,anssi_bp28_enhanced|anssi_bp28_high|anssi_bp28_intermediary|anssi_bp28_minimal|ccn_advanced|ccn_basic|ccn_intermediate|cis|cis_server_l1|cis_workstation_l1|cis_workstation_l2|cui|e8|hipaa|ism_o|ospp|pci-dss|stig|stig_gui,xccdf_org.ssgproject.content_rule_sudo_remove_nopasswd,Ensure Users Re-Authenticate for Privilege Escalation - sudo NOPASSWD,xccdf_org.ssgproject.content_rule_file_permissions_ungroupowned,Ensure All Files Are Owned by a Group,medium,anssi_bp28_enhanced|anssi_bp28_high|anssi_bp28_intermediary|anssi_bp28_minimal|cis|cis_server_l1|cis_workstation_l1|cis_workstation_l2|pci-dss|stig|stig_gui,11,0.9283,no
3,28,19,anssi_bp28_enhanced|anssi_bp28_high|anssi_bp28_intermediary|anssi_bp28_minimal|ccn_advanced|ccn_basic|ccn_intermediate|cis|cis_server_l1|cis_workstation_l1|cis_workstation_l2|cui|e8|hipaa|ism_o|ospp|pci-dss|stig|stig_gui,xccdf_org.ssgproject.content_rule_sudo_remove_nopasswd,Ensure Users Re-Authenticate for Privilege Escalation - sudo NOPASSWD,xccdf_org.ssgproject.content_rule_no_files_unowned_by_user,Ensure All Files Are Owned by a User,medium,anssi_bp28_enhanced|anssi_bp28_high|anssi_bp28_intermediary|anssi_bp28_minimal|cis|cis_server_l1|cis_workstation_l1|cis_workstation_l2|pci-dss|stig|stig_gui,11,0.9298,no
3,28,19,anssi_bp28_enhanced|anssi_bp28_high|anssi_bp28_intermediary|anssi_bp28_minimal|ccn_advanced|ccn_basic|ccn_intermediate|cis|cis_server_l1|cis_workstation_l1|cis_workstation_l2|cui|e8|hipaa|ism_o|ospp|pci-dss|stig|stig_gui,xccdf_org.ssgproject.content_rule_sudo_remove_nopasswd,Ensure Users Re-Authenticate for Privilege Escalation - sudo NOPASSWD,xccdf_org.ssgproject.content_rule_no_empty_passwords,Prevent Login to Accounts With Empty Password,high,cis|cis_server_l1|cis_workstation_l1|cis_workstation_l2|cui|e8|hipaa|ism_o|ospp|pci-dss|stig|stig_gui,12,0.9318,no
4,29,19,anssi_bp28_enhanced|anssi_bp28_high|anssi_bp28_intermediary|anssi_bp28_minimal|ccn_advanced|ccn_basic|ccn_intermediate|cis|cis_server_l1|cis_workstation_l1|cis_workstation_l2|cui|e8|hipaa|ism_o|ospp|pci-dss|stig|stig_gui,xccdf_org.ssgproject.content_rule_accounts_passwords_pam_faillock_unlock_time,Set Lockout Time for Failed Password Attempts,xccdf_org.ssgproject.content_rule_install_hids,Install Intrusion Detection Software,high,,0,0.8834,no
4,29,19,anssi_bp28_enhanced|anssi_bp28_high|anssi_bp28_intermediary|anssi_bp28_minimal|ccn_advanced|ccn_basic|ccn_intermediate|cis|cis_server_l1|cis_workstation_l1|cis_workstation_l2|cui|e8|hipaa|ism_o|ospp|pci-dss|stig|stig_gui,xccdf_org.ssgproject.content_rule_accounts_passwords_pam_faillock_unlock_time,Set Lockout Time for Failed Password Attempts,xccdf_org.ssgproject.content_rule_accounts_passwords_pam_faillock_silent,Do Not Show System Messages When Unsuccessful Logon Attempts Occur,medium,,0,0.9753,no
4,29,19,anssi_bp28_enhanced|anssi_bp28_high|anssi_bp28_intermediary|anssi_bp28_minimal|ccn_advanced|ccn_basic|ccn_intermediate|cis|cis_server_l1|cis_workstation_l1|cis_workstation_l2|cui|e8|hipaa|ism_o|ospp|pci-dss|stig|stig_gui,xccdf_org.ssgproject.content_rule_accounts_passwords_pam_faillock_unlock_time,Set Lockout Time for Failed Password Attempts,xccdf_org.ssgproject.content_rule_account_emergency_expire_date,Assign Expiration Date to Emergency Accounts,medium,,0,0.9387,no
4,29,19,anssi_bp28_enhanced|anssi_bp28_high|anssi_bp28_intermediary|anssi_bp28_minimal|ccn_advanced|ccn_basic|ccn_intermediate|cis|cis_server_l1|cis_workstation_l1|cis_workstation_l2|cui|e8|hipaa|ism_o|ospp|pci-dss|stig|stig_gui,xccdf_org.ssgproject.content_rule_accounts_passwords_pam_faillock_unlock_time,Set Lockout Time for Failed Password Attempts,xccdf_org.ssgproject.content_rule_account_use_centralized_automated_auth,Use Centralized and Automated Authentication,medium,,0,0.8915,no
4,29,19,anssi_bp28_enhanced|anssi_bp28_high|anssi_bp28_intermediary|anssi_bp28_minimal|ccn_advanced|ccn_basic|ccn_intermediate|cis|cis_server_l1|cis_workstation_l1|cis_workstation_l2|cui|e8|hipaa|ism_o|ospp|pci-dss|stig|stig_gui,xccdf_org.ssgproject.content_rule_accounts_passwords_pam_faillock_unlock_time,Set Lockout Time for Failed Password Attempts,xccdf_org.ssgproject.content_rule_ssh_private_keys_have_passcode,OpenSSH Service Must Use Passcode for Their Private Keys,medium,,0,0.9097,no
4,29,19,anssi_bp28_enhanced|anssi_bp28_high|anssi_bp28_intermediary|anssi_bp28_minimal|ccn_advanced|ccn_basic|ccn_intermediate|cis|cis_server_l1|cis_workstation_l1|cis_workstation_l2|cui|e8|hipaa|ism_o|ospp|pci-dss|stig|stig_gui,xccdf_org.ssgproject.content_rule_accounts_passwords_pam_faillock_unlock_time,Set Lockout Time for Failed Password Attempts,xccdf_org.ssgproject.content_rule_sshd_set_keepalive_0,Set SSH Client Alive Count Max to zero,medium,,0,0.9302,no
4,29,19,anssi_bp28_enhanced|anssi_bp28_high|anssi_bp28_intermediary|anssi_bp28_minimal|ccn_advanced|ccn_basic|ccn_intermediate|cis|cis_server_l1|cis_workstation_l1|cis_workstation_l2|cui|e8|hipaa|ism_o|ospp|pci-dss|stig|stig_gui,xccdf_org.ssgproject.content_rule_accounts_passwords_pam_faillock_unlock_time,Set Lockout Time for Failed Password Attempts,xccdf_org.ssgproject.content_rule_file_audit_tools_group_ownership,Audit Tools Must Be Group-owned by Root,medium,stig|stig_gui,2,0.9016,no
4,29,19,anssi_bp28_enhanced|anssi_bp28_high|anssi_bp28_intermediary|anssi_bp28_minimal|ccn_advanced|ccn_basic|ccn_intermediate|cis|cis_server_l1|cis_workstation_l1|cis_workstation_l2|cui|e8|hipaa|ism_o|ospp|pci-dss|stig|stig_gui,xccdf_org.ssgproject.content_rule_accounts_passwords_pam_faillock_unlock_time,Set Lockout Time for Failed Password Attempts,xccdf_org.ssgproject.content_rule_file_audit_tools_ownership,Audit Tools Must Be Owned by Root,medium,stig|stig_gui,2,0.9011,no
4,29,19,anssi_bp28_enhanced|anssi_bp28_high|anssi_bp28_intermediary|anssi_bp28_minimal|ccn_advanced|ccn_basic|ccn_intermediate|cis|cis_server_l1|cis_workstation_l1|cis_workstation_l2|cui|e8|hipaa|ism_o|ospp|pci-dss|stig|stig_gui,xccdf_org.ssgproject.content_rule_accounts_passwords_pam_faillock_unlock_time,Set Lockout Time for Failed Password Attempts,xccdf_org.ssgproject.content_rule_file_audit_tools_permissions,Audit Tools Must Have a Mode of 0755 or Less Permissive,medium,stig|stig_gui,2,0.9108,no
4,29,19,anssi_bp28_enhanced|anssi_bp28_high|anssi_bp28_intermediary|anssi_bp28_minimal|ccn_advanced|ccn_basic|ccn_intermediate|cis|cis_server_l1|cis_workstation_l1|cis_workstation_l2|cui|e8|hipaa|ism_o|ospp|pci-dss|stig|stig_gui,xccdf_org.ssgproject.content_rule_accounts_passwords_pam_faillock_unlock_time,Set Lockout Time for Failed Password Attempts,xccdf_org.ssgproject.content_rule_accounts_passwords_pam_faillock_dir,Lock Accounts Must Persist,medium,stig|stig_gui,2,0.9738,no
4,29,19,anssi_bp28_enhanced|anssi_bp28_high|anssi_bp28_intermediary|anssi_bp28_minimal|ccn_advanced|ccn_basic|ccn_intermediate|cis|cis_server_l1|cis_workstation_l1|cis_workstation_l2|cui|e8|hipaa|ism_o|ospp|pci-dss|stig|stig_gui,xccdf_org.ssgproject.content_rule_accounts_passwords_pam_faillock_unlock_time,Set Lockout Time for Failed Password Attempts,xccdf_org.ssgproject.content_rule_set_password_hashing_min_rounds_logindefs,Set Password Hashing Rounds in /etc/login.defs,medium,stig|stig_gui,2,0.8859,no
4,29,19,anssi_bp28_enhanced|anssi_bp28_high|anssi_bp28_intermediary|anssi_bp28_minimal|ccn_advanced|ccn_basic|ccn_intermediate|cis|cis_server_l1|cis_workstation_l1|cis_workstation_l2|cui|e8|hipaa|ism_o|ospp|pci-dss|stig|stig_gui,xccdf_org.ssgproject.content_rule_accounts_passwords_pam_faillock_unlock_time,Set Lockout Time for Failed Password Attempts,xccdf_org.ssgproject.content_rule_account_temp_expire_date,Assign Expiration Date to Temporary Accounts,medium,stig|stig_gui,2,0.9348,no
4,29,19,anssi_bp28_enhanced|anssi_bp28_high|anssi_bp28_intermediary|anssi_bp28_minimal|ccn_advanced|ccn_basic|ccn_intermediate|cis|cis_server_l1|cis_workstation_l1|cis_workstation_l2|cui|e8|hipaa|ism_o|ospp|pci-dss|stig|stig_gui,xccdf_org.ssgproject.content_rule_accounts_passwords_pam_faillock_unlock_time,Set Lockout Time for Failed Password Attempts,xccdf_org.ssgproject.content_rule_accounts_password_all_shadowed_sha512,Verify All Account Password Hashes are Shadowed with SHA512,medium,stig|stig_gui,2,0.9036,no
4,29,19,anssi_bp28_enhanced|anssi_bp28_high|anssi_bp28_intermediary|anssi_bp28_minimal|ccn_advanced|ccn_basic|ccn_intermediate|cis|cis_server_l1|cis_workstation_l1|cis_workstation_l2|cui|e8|hipaa|ism_o|ospp|pci-dss|stig|stig_gui,xccdf_org.ssgproject.content_rule_accounts_passwords_pam_faillock_unlock_time,Set Lockout Time for Failed Password Attempts,xccdf_org.ssgproject.content_rule_accounts_max_concurrent_login_sessions,Limit the Number of Concurrent Login Sessions Allowed Per User,low,stig|stig_gui,2,0.922,no
4,29,19,anssi_bp28_enhanced|anssi_bp28_high|anssi_bp28_intermediary|anssi_bp28_minimal|ccn_advanced|ccn_basic|ccn_intermediate|cis|cis_server_l1|cis_workstation_l1|cis_workstation_l2|cui|e8|hipaa|ism_o|ospp|pci-dss|stig|stig_gui,xccdf_org.ssgproject.content_rule_accounts_passwords_pam_faillock_unlock_time,Set Lockout Time for Failed Password Attempts,xccdf_org.ssgproject.content_rule_ssh_client_rekey_limit,Configure session renegotiation for SSH client,medium,cui|ospp,2,0.9313,no
4,29,19,anssi_bp28_enhanced|anssi_bp28_high|anssi_bp28_intermediary|anssi_bp28_minimal|ccn_advanced|ccn_basic|ccn_intermediate|cis|cis_server_l1|cis_workstation_l1|cis_workstation_l2|cui|e8|hipaa|ism_o|ospp|pci-dss|stig|stig_gui,xccdf_org.ssgproject.content_rule_accounts_passwords_pam_faillock_unlock_time,Set Lockout Time for Failed Password Attempts,xccdf_org.ssgproject.content_rule_ssh_keys_passphrase_protected,Verify the SSH Private Key Files Have a Passcode,medium,stig|stig_gui,2,0.9185,no
4,29,19,anssi_bp28_enhanced|anssi_bp28_high|anssi_bp28_intermediary|anssi_bp28_minimal|ccn_advanced|ccn_basic|ccn_intermediate|cis|cis_server_l1|cis_workstation_l1|cis_workstation_l2|cui|e8|hipaa|ism_o|ospp|pci-dss|stig|stig_gui,xccdf_org.ssgproject.content_rule_accounts_passwords_pam_faillock_unlock_time,Set Lockout Time for Failed Password Attempts,xccdf_org.ssgproject.content_rule_set_password_hashing_algorithm_libuserconf,Set Password Hashing Algorithm in /etc/libuser.conf,medium,pci-dss|stig|stig_gui,3,0.8973,no
4,29,19,anssi_bp28_enhanced|anssi_bp28_high|anssi_bp28_intermediary|anssi_bp28_minimal|ccn_advanced|ccn_basic|ccn_intermediate|cis|cis_server_l1|cis_workstation_l1|cis_workstation_l2|cui|e8|hipaa|ism_o|ospp|pci-dss|stig|stig_gui,xccdf_org.ssgproject.content_rule_accounts_passwords_pam_faillock_unlock_time,Set Lockout Time for Failed Password Attempts,xccdf_org.ssgproject.content_rule_require_emergency_target_auth,Require Authentication for Emergency Systemd Target,medium,ism_o|stig|stig_gui,3,0.9234,no
4,29,19,anssi_bp28_enhanced|anssi_bp28_high|anssi_bp28_intermediary|anssi_bp28_minimal|ccn_advanced|ccn_basic|ccn_intermediate|cis|cis_server_l1|cis_workstation_l1|cis_workstation_l2|cui|e8|hipaa|ism_o|ospp|pci-dss|stig|stig_gui,xccdf_org.ssgproject.content_rule_accounts_passwords_pam_faillock_unlock_time,Set Lockout Time for Failed Password Attempts,xccdf_org.ssgproject.content_rule_rpm_verify_hashes,Verify File Hashes with RPM,high,e8|hipaa|ism_o|pci-dss,4,0.9389,no
4,29,19,anssi_bp28_enhanced|anssi_bp28_high|anssi_bp28_intermediary|anssi_bp28_minimal|ccn_advanced|ccn_basic|ccn_intermediate|cis|cis_server_l1|cis_workstation_l1|cis_workstation_l2|cui|e8|hipaa|ism_o|ospp|pci-dss|stig|stig_gui,xccdf_org.ssgproject.content_rule_accounts_passwords_pam_faillock_unlock_time,Set Lockout Time for Failed Password Attempts,xccdf_org.ssgproject.content_rule_package_tmux_installed,Install the tmux Package,medium,cui|ospp|stig|stig_gui,4,0.9349,no
4,29,19,anssi_bp28_enhanced|anssi_bp28_high|anssi_bp28_intermediary|anssi_bp28_minimal|ccn_advanced|ccn_basic|ccn_intermediate|cis|cis_server_l1|cis_workstation_l1|cis_workstation_l2|cui|e8|hipaa|ism_o|ospp|pci-dss|stig|stig_gui,xccdf_org.ssgproject.content_rule_accounts_passwords_pam_faillock_unlock_time,Set Lockout Time for Failed Password Attempts,xccdf_org.ssgproject.content_rule_no_netrc_files,Verify No netrc Files Exist,medium,cis|cis_server_l1|cis_workstation_l1|cis_workstation_l2,4,0.9161,no
4,29,19,anssi_bp28_enhanced|anssi_bp28_high|anssi_bp28_intermediary|anssi_bp28_minimal|ccn_advanced|ccn_basic|ccn_intermediate|cis|cis_server_l1|cis_workstation_l1|cis_workstation_l2|cui|e8|hipaa|ism_o|ospp|pci-dss|stig|stig_gui,xccdf_org.ssgproject.content_rule_accounts_passwords_pam_faillock_unlock_time,Set Lockout Time for Failed Password Attempts,xccdf_org.ssgproject.content_rule_rsyslog_filecreatemode,Ensure rsyslog Default File Permissions Configured,medium,cis|cis_server_l1|cis_workstation_l1|cis_workstation_l2,4,0.8929,no
4,29,19,anssi_bp28_enhanced|anssi_bp28_high|anssi_bp28_intermediary|anssi_bp28_minimal|ccn_advanced|ccn_basic|ccn_intermediate|cis|cis_server_l1|cis_workstation_l1|cis_workstation_l2|cui|e8|hipaa|ism_o|ospp|pci-dss|stig|stig_gui,xccdf_org.ssgproject.content_rule_accounts_passwords_pam_faillock_unlock_time,Set Lockout Time for Failed Password Attempts,xccdf_org.ssgproject.content_rule_sshd_rekey_limit,Force frequent session key renegotiation,medium,cui|ospp|stig|stig_gui,4,0.9302,no
4,29,19,anssi_bp28_enhanced|anssi_bp28_high|anssi_bp28_intermediary|anssi_bp28_minimal|ccn_advanced|ccn_basic|ccn_intermediate|cis|cis_server_l1|cis_workstation_l1|cis_workstation_l2|cui|e8|hipaa|ism_o|ospp|pci-dss|stig|stig_gui,xccdf_org.ssgproject.content_rule_accounts_passwords_pam_faillock_unlock_time,Set Lockout Time for Failed Password Attempts,xccdf_org.ssgproject.content_rule_accounts_password_pam_unix_remember,Limit Password Reuse,medium,anssi_bp28_enhanced|anssi_bp28_high|anssi_bp28_intermediary|anssi_bp28_minimal|pci-dss,5,0.9058,no
4,29,19,anssi_bp28_enhanced|anssi_bp28_high|anssi_bp28_intermediary|anssi_bp28_minimal|ccn_advanced|ccn_basic|ccn_intermediate|cis|cis_server_l1|cis_workstation_l1|cis_workstation_l2|cui|e8|hipaa|ism_o|ospp|pci-dss|stig|stig_gui,xccdf_org.ssgproject.content_rule_accounts_passwords_pam_faillock_unlock_time,Set Lockout Time for Failed Password Attempts,xccdf_org.ssgproject.content_rule_sshd_set_login_grace_time,Ensure SSH LoginGraceTime is configured,medium,cis|cis_server_l1|cis_workstation_l1|cis_workstation_l2|pci-dss,5,0.927,no
4,29,19,anssi_bp28_enhanced|anssi_bp28_high|anssi_bp28_intermediary|anssi_bp28_minimal|ccn_advanced|ccn_basic|ccn_intermediate|cis|cis_server_l1|cis_workstation_l1|cis_workstation_l2|cui|e8|hipaa|ism_o|ospp|pci-dss|stig|stig_gui,xccdf_org.ssgproject.content_rule_accounts_passwords_pam_faillock_unlock_time,Set Lockout Time for Failed Password Attempts,xccdf_org.ssgproject.content_rule_sshd_set_max_sessions,Set SSH MaxSessions limit,medium,cis|cis_server_l1|cis_workstation_l1|cis_workstation_l2|pci-dss,5,0.8876,no
4,29,19,anssi_bp28_enhanced|anssi_bp28_high|anssi_bp28_intermediary|anssi_bp28_minimal|ccn_advanced|ccn_basic|ccn_intermediate|cis|cis_server_l1|cis_workstation_l1|cis_workstation_l2|cui|e8|hipaa|ism_o|ospp|pci-dss|stig|stig_gui,xccdf_org.ssgproject.content_rule_accounts_passwords_pam_faillock_unlock_time,Set Lockout Time for Failed Password Attempts,xccdf_org.ssgproject.content_rule_sshd_set_maxstartups,Ensure SSH MaxStartups is configured,medium,cis|cis_server_l1|cis_workstation_l1|cis_workstation_l2|pci-dss,5,0.9411,no
4,29,19,anssi_bp28_enhanced|anssi_bp28_high|anssi_bp28_intermediary|anssi_bp28_minimal|ccn_advanced|ccn_basic|ccn_intermediate|cis|cis_server_l1|cis_workstation_l1|cis_workstation_l2|cui|e8|hipaa|ism_o|ospp|pci-dss|stig|stig_gui,xccdf_org.ssgproject.content_rule_accounts_passwords_pam_faillock_unlock_time,Set Lockout Time for Failed Password Attempts,xccdf_org.ssgproject.content_rule_usbguard_generate_policy,Generate USBGuard Policy,medium,ccn_advanced|ccn_basic|ccn_intermediate|stig|stig_gui,5,0.9017,no
4,29,19,anssi_bp28_enhanced|anssi_bp28_high|anssi_bp28_intermediary|anssi_bp28_minimal|ccn_advanced|ccn_basic|ccn_intermediate|cis|cis_server_l1|cis_workstation_l1|cis_workstation_l2|cui|e8|hipaa|ism_o|ospp|pci-dss|stig|stig_gui,xccdf_org.ssgproject.content_rule_accounts_passwords_pam_faillock_unlock_time,Set Lockout Time for Failed Password Attempts,xccdf_org.ssgproject.content_rule_require_singleuser_auth,Require Authentication for Single User Mode,medium,cui|hipaa|ism_o|ospp|stig|stig_gui,6,0.9207,no
4,29,19,anssi_bp28_enhanced|anssi_bp28_high|anssi_bp28_intermediary|anssi_bp28_minimal|ccn_advanced|ccn_basic|ccn_intermediate|cis|cis_server_l1|cis_workstation_l1|cis_workstation_l2|cui|e8|hipaa|ism_o|ospp|pci-dss|stig|stig_gui,xccdf_org.ssgproject.content_rule_accounts_passwords_pam_faillock_unlock_time,Set Lockout Time for Failed Password Attempts,xccdf_org.ssgproject.content_rule_accounts_password_all_shadowed,Verify All Account Password Hashes are Shadowed,medium,cis|cis_server_l1|cis_workstation_l1|cis_workstation_l2|ism_o|pci-dss,6,0.9246,no
4,29,19,anssi_bp28_enhanced|anssi_bp28_high|anssi_bp28_intermediary|anssi_bp28_minimal|ccn_advanced|ccn_basic|ccn_intermediate|cis|cis_server_l1|cis_workstation_l1|cis_workstation_l2|cui|e8|hipaa|ism_o|ospp|pci-dss|stig|stig_gui,xccdf_org.ssgproject.content_rule_accounts_passwords_pam_faillock_unlock_time,Set Lockout Time for Failed Password Attempts,xccdf_org.ssgproject.content_rule_accounts_password_pam_unix_rounds_password_auth,Set number of Password Hashing Rounds - password-auth,medium,anssi_bp28_enhanced|anssi_bp28_high|anssi_bp28_intermediary|anssi_bp28_minimal|stig|stig_gui,6,0.9288,no
4,29,19,anssi_bp28_enhanced|anssi_bp28_high|anssi_bp28_intermediary|anssi_bp28_minimal|ccn_advanced|ccn_basic|ccn_intermediate|cis|cis_server_l1|cis_workstation_l1|cis_workstation_l2|cui|e8|hipaa|ism_o|ospp|pci-dss|stig|stig_gui,xccdf_org.ssgproject.content_rule_accounts_passwords_pam_faillock_unlock_time,Set Lockout Time for Failed Password Attempts,xccdf_org.ssgproject.content_rule_accounts_password_pam_unix_rounds_system_auth,Set number of Password Hashing Rounds - system-auth,medium,anssi_bp28_enhanced|anssi_bp28_high|anssi_bp28_intermediary|anssi_bp28_minimal|stig|stig_gui,6,0.9285,no
4,29,19,anssi_bp28_enhanced|anssi_bp28_high|anssi_bp28_intermediary|anssi_bp28_minimal|ccn_advanced|ccn_basic|ccn_intermediate|cis|cis_server_l1|cis_workstation_l1|cis_workstation_l2|cui|e8|hipaa|ism_o|ospp|pci-dss|stig|stig_gui,xccdf_org.ssgproject.content_rule_accounts_passwords_pam_faillock_unlock_time,Set Lockout Time for Failed Password Attempts,xccdf_org.ssgproject.content_rule_grub2_uefi_password,Set the UEFI Boot Loader Password,high,anssi_bp28_enhanced|anssi_bp28_high|anssi_bp28_intermediary|cui|hipaa|ospp,6,0.931,no
4,29,19,anssi_bp28_enhanced|anssi_bp28_high|anssi_bp28_intermediary|anssi_bp28_minimal|ccn_advanced|ccn_basic|ccn_intermediate|cis|cis_server_l1|cis_workstation_l1|cis_workstation_l2|cui|e8|hipaa|ism_o|ospp|pci-dss|stig|stig_gui,xccdf_org.ssgproject.content_rule_accounts_passwords_pam_faillock_unlock_time,Set Lockout Time for Failed Password Attempts,xccdf_org.ssgproject.content_rule_file_permissions_unauthorized_sgid,Ensure All SGID Executables Are Authorized,medium,anssi_bp28_enhanced|anssi_bp28_high|anssi_bp28_intermediary|anssi_bp28_minimal|e8|ism_o,6,0.9178,no
4,29,19,anssi_bp28_enhanced|anssi_bp28_high|anssi_bp28_intermediary|anssi_bp28_minimal|ccn_advanced|ccn_basic|ccn_intermediate|cis|cis_server_l1|cis_workstation_l1|cis_workstation_l2|cui|e8|hipaa|ism_o|ospp|pci-dss|stig|stig_gui,xccdf_org.ssgproject.content_rule_accounts_passwords_pam_faillock_unlock_time,Set Lockout Time for Failed Password Attempts,xccdf_org.ssgproject.content_rule_file_permissions_unauthorized_suid,Ensure All SUID Executables Are Authorized,medium,anssi_bp28_enhanced|anssi_bp28_high|anssi_bp28_intermediary|anssi_bp28_minimal|e8|ism_o,6,0.9187,no
4,29,19,anssi_bp28_enhanced|anssi_bp28_high|anssi_bp28_intermediary|anssi_bp28_minimal|ccn_advanced|ccn_basic|ccn_intermediate|cis|cis_server_l1|cis_workstation_l1|cis_workstation_l2|cui|e8|hipaa|ism_o|ospp|pci-dss|stig|stig_gui,xccdf_org.ssgproject.content_rule_accounts_passwords_pam_faillock_unlock_time,Set Lockout Time for Failed Password Attempts,xccdf_org.ssgproject.content_rule_sshd_set_max_auth_tries,Set SSH authentication attempt limit,medium,cis|cis_server_l1|cis_workstation_l1|cis_workstation_l2|ism_o|pci-dss,6,0.923,no
4,29,19,anssi_bp28_enhanced|anssi_bp28_high|anssi_bp28_intermediary|anssi_bp28_minimal|ccn_advanced|ccn_basic|ccn_intermediate|cis|cis_server_l1|cis_workstation_l1|cis_workstation_l2|cui|e8|hipaa|ism_o|ospp|pci-dss|stig|stig_gui,xccdf_org.ssgproject.content_rule_accounts_passwords_pam_faillock_unlock_time,Set Lockout Time for Failed Password Attempts,xccdf_org.ssgproject.content_rule_banner_etc_issue_net,Modify the System Login Banner for Remote Connections,medium,ccn_advanced|ccn_basic|ccn_intermediate|cis|cis_server_l1|cis_workstation_l1|cis_workstation_l2,7,0.886,no
4,29,19,anssi_bp28_enhanced|anssi_bp28_high|anssi_bp28_intermediary|anssi_bp28_minimal|ccn_advanced|ccn_basic|ccn_intermediate|cis|cis_server_l1|cis_workstation_l1|cis_workstation_l2|cui|e8|hipaa|ism_o|ospp|pci-dss|stig|stig_gui,xccdf_org.ssgproject.content_rule_accounts_passwords_pam_faillock_unlock_time,Set Lockout Time for Failed Password Attempts,xccdf_org.ssgproject.content_rule_banner_etc_motd,Modify the System Message of the Day Banner,medium,ccn_advanced|ccn_basic|ccn_intermediate|cis|cis_server_l1|cis_workstation_l1|cis_workstation_l2,7,0.884,no
4,29,19,anssi_bp28_enhanced|anssi_bp28_high|anssi_bp28_intermediary|anssi_bp28_minimal|ccn_advanced|ccn_basic|ccn_intermediate|cis|cis_server_l1|cis_workstation_l1|cis_workstation_l2|cui|e8|hipaa|ism_o|ospp|pci-dss|stig|stig_gui,xccdf_org.ssgproject.content_rule_accounts_passwords_pam_faillock_unlock_time,Set Lockout Time for Failed Password Attempts,xccdf_org.ssgproject.content_rule_accounts_password_pam_pwhistory_remember_password_auth,Limit Password Reuse: password-auth,medium,cis|cis_server_l1|cis_workstation_l1|cis_workstation_l2|pci-dss|stig|stig_gui,7,0.9409,no
4,29,19,anssi_bp28_enhanced|anssi_bp28_high|anssi_bp28_intermediary|anssi_bp28_minimal|ccn_advanced|ccn_basic|ccn_intermediate|cis|cis_server_l1|cis_workstation_l1|cis_workstation_l2|cui|e8|hipaa|ism_o|ospp|pci-dss|stig|stig_gui,xccdf_org.ssgproject.content_rule_accounts_passwords_pam_faillock_unlock_time,Set Lockout Time for Failed Password Attempts,xccdf_org.ssgproject.content_rule_accounts_password_pam_pwhistory_remember_system_auth,Limit Password Reuse: system-auth,medium,cis|cis_server_l1|cis_workstation_l1|cis_workstation_l2|pci-dss|stig|stig_gui,7,0.9406,no
4,29,19,anssi_bp28_enhanced|anssi_bp28_high|anssi_bp28_intermediary|anssi_bp28_minimal|ccn_advanced|ccn_basic|ccn_intermediate|cis|cis_server_l1|cis_workstation_l1|cis_workstation_l2|cui|e8|hipaa|ism_o|ospp|pci-dss|stig|stig_gui,xccdf_org.ssgproject.content_rule_accounts_passwords_pam_faillock_unlock_time,Set Lockout Time for Failed Password Attempts,xccdf_org.ssgproject.content_rule_accounts_passwords_pam_faillock_deny_root,Configure the root Account for Failed Password Attempts,medium,anssi_bp28_enhanced|anssi_bp28_high|anssi_bp28_intermediary|anssi_bp28_minimal|ism_o|stig|stig_gui,7,0.9784,no
4,29,19,anssi_bp28_enhanced|anssi_bp28_high|anssi_bp28_intermediary|anssi_bp28_minimal|ccn_advanced|ccn_basic|ccn_intermediate|cis|cis_server_l1|cis_workstation_l1|cis_workstation_l2|cui|e8|hipaa|ism_o|ospp|pci-dss|stig|stig_gui,xccdf_org.ssgproject.content_rule_accounts_passwords_pam_faillock_unlock_time,Set Lockout Time for Failed Password Attempts,xccdf_org.ssgproject.content_rule_account_disable_post_pw_expiration,Set Account Expiration Following Inactivity,medium,cis|cis_server_l1|cis_workstation_l1|cis_workstation_l2|pci-dss|stig|stig_gui,7,0.9262,no
4,29,19,anssi_bp28_enhanced|anssi_bp28_high|anssi_bp28_intermediary|anssi_bp28_minimal|ccn_advanced|ccn_basic|ccn_intermediate|cis|cis_server_l1|cis_workstation_l1|cis_workstation_l2|cui|e8|hipaa|ism_o|ospp|pci-dss|stig|stig_gui,xccdf_org.ssgproject.content_rule_accounts_passwords_pam_faillock_unlock_time,Set Lockout Time for Failed Password Attempts,xccdf_org.ssgproject.content_rule_ensure_root_password_configured,Ensure Authentication Required for Single User Mode,medium,ccn_advanced|ccn_intermediate|cis|cis_server_l1|cis_workstation_l1|cis_workstation_l2|pci-dss,7,0.9112,no
4,29,19,anssi_bp28_enhanced|anssi_bp28_high|anssi_bp28_intermediary|anssi_bp28_minimal|ccn_advanced|ccn_basic|ccn_intermediate|cis|cis_server_l1|cis_workstation_l1|cis_workstation_l2|cui|e8|hipaa|ism_o|ospp|pci-dss|stig|stig_gui,xccdf_org.ssgproject.content_rule_accounts_passwords_pam_faillock_unlock_time,Set Lockout Time for Failed Password Attempts,xccdf_org.ssgproject.content_rule_security_patches_up_to_date,Ensure Software Patches Installed,medium,anssi_bp28_enhanced|anssi_bp28_high|anssi_bp28_intermediary|anssi_bp28_minimal|e8|ism_o|pci-dss|stig|stig_gui,9,0.8623,no
4,29,19,anssi_bp28_enhanced|anssi_bp28_high|anssi_bp28_intermediary|anssi_bp28_minimal|ccn_advanced|ccn_basic|ccn_intermediate|cis|cis_server_l1|cis_workstation_l1|cis_workstation_l2|cui|e8|hipaa|ism_o|ospp|pci-dss|stig|stig_gui,xccdf_org.ssgproject.content_rule_accounts_passwords_pam_faillock_unlock_time,Set Lockout Time for Failed Password Attempts,xccdf_org.ssgproject.content_rule_banner_etc_issue,Modify the System Login Banner,medium,ccn_advanced|ccn_basic|ccn_intermediate|cis|cis_server_l1|cis_workstation_l1|cis_workstation_l2|stig|stig_gui,9,0.8849,no
4,29,19,anssi_bp28_enhanced|anssi_bp28_high|anssi_bp28_intermediary|anssi_bp28_minimal|ccn_advanced|ccn_basic|ccn_intermediate|cis|cis_server_l1|cis_workstation_l1|cis_workstation_l2|cui|e8|hipaa|ism_o|ospp|pci-dss|stig|stig_gui,xccdf_org.ssgproject.content_rule_accounts_passwords_pam_faillock_unlock_time,Set Lockout Time for Failed Password Attempts,xccdf_org.ssgproject.content_rule_accounts_passwords_pam_faillock_interval,Set Interval For Counting Failed Password Attempts,medium,anssi_bp28_enhanced|anssi_bp28_high|anssi_bp28_intermediary|anssi_bp28_minimal|cui|ism_o|ospp|stig|stig_gui,9,0.9846,no
4,29,19,anssi_bp28_enhanced|anssi_bp28_high|anssi_bp28_intermediary|anssi_bp28_minimal|ccn_advanced|ccn_basic|ccn_intermediate|cis|cis_server_l1|cis_workstation_l1|cis_workstation_l2|cui|e8|hipaa|ism_o|ospp|pci-dss|stig|stig_gui,xccdf_org.ssgproject.content_rule_accounts_passwords_pam_faillock_unlock_time,Set Lockout Time for Failed Password Attempts,xccdf_org.ssgproject.content_rule_set_password_hashing_algorithm_passwordauth,Set PAM''s Password Hashing Algorithm - password-auth,medium,ccn_advanced|ccn_basic|ccn_intermediate|cis|cis_server_l1|cis_workstation_l1|cis_workstation_l2|stig|stig_gui,9,0.9356,no
4,29,19,anssi_bp28_enhanced|anssi_bp28_high|anssi_bp28_intermediary|anssi_bp28_minimal|ccn_advanced|ccn_basic|ccn_intermediate|cis|cis_server_l1|cis_workstation_l1|cis_workstation_l2|cui|e8|hipaa|ism_o|ospp|pci-dss|stig|stig_gui,xccdf_org.ssgproject.content_rule_accounts_passwords_pam_faillock_unlock_time,Set Lockout Time for Failed Password Attempts,xccdf_org.ssgproject.content_rule_sudo_require_reauthentication,Require Re-Authentication When Using the sudo Command,medium,ccn_advanced|ccn_basic|ccn_intermediate|cis|cis_server_l1|cis_workstation_l1|cis_workstation_l2|pci-dss|stig|stig_gui,10,0.9507,no
4,29,19,anssi_bp28_enhanced|anssi_bp28_high|anssi_bp28_intermediary|anssi_bp28_minimal|ccn_advanced|ccn_basic|ccn_intermediate|cis|cis_server_l1|cis_workstation_l1|cis_workstation_l2|cui|e8|hipaa|ism_o|ospp|pci-dss|stig|stig_gui,xccdf_org.ssgproject.content_rule_accounts_passwords_pam_faillock_unlock_time,Set Lockout Time for Failed Password Attempts,xccdf_org.ssgproject.content_rule_set_password_hashing_algorithm_logindefs,Set Password Hashing Algorithm in /etc/login.defs,medium,ccn_advanced|ccn_basic|ccn_intermediate|cis|cis_server_l1|cis_workstation_l1|cis_workstation_l2|pci-dss|stig|stig_gui,10,0.8824,no
4,29,19,anssi_bp28_enhanced|anssi_bp28_high|anssi_bp28_intermediary|anssi_bp28_minimal|ccn_advanced|ccn_basic|ccn_intermediate|cis|cis_server_l1|cis_workstation_l1|cis_workstation_l2|cui|e8|hipaa|ism_o|ospp|pci-dss|stig|stig_gui,xccdf_org.ssgproject.content_rule_accounts_passwords_pam_faillock_unlock_time,Set Lockout Time for Failed Password Attempts,xccdf_org.ssgproject.content_rule_sshd_set_keepalive,Set SSH Client Alive Count Max,medium,ccn_advanced|ccn_basic|ccn_intermediate|cis|cis_server_l1|cis_workstation_l1|cis_workstation_l2|pci-dss|stig|stig_gui,10,0.9145,no
4,29,19,anssi_bp28_enhanced|anssi_bp28_high|anssi_bp28_intermediary|anssi_bp28_minimal|ccn_advanced|ccn_basic|ccn_intermediate|cis|cis_server_l1|cis_workstation_l1|cis_workstation_l2|cui|e8|hipaa|ism_o|ospp|pci-dss|stig|stig_gui,xccdf_org.ssgproject.content_rule_accounts_passwords_pam_faillock_unlock_time,Set Lockout Time for Failed Password Attempts,xccdf_org.ssgproject.content_rule_sshd_set_idle_timeout,Set SSH Client Alive Interval,medium,ccn_advanced|ccn_basic|ccn_intermediate|cis|cis_server_l1|cis_workstation_l1|cis_workstation_l2|pci-dss|stig|stig_gui,10,0.949,no
4,29,19,anssi_bp28_enhanced|anssi_bp28_high|anssi_bp28_intermediary|anssi_bp28_minimal|ccn_advanced|ccn_basic|ccn_intermediate|cis|cis_server_l1|cis_workstation_l1|cis_workstation_l2|cui|e8|hipaa|ism_o|ospp|pci-dss|stig|stig_gui,xccdf_org.ssgproject.content_rule_accounts_passwords_pam_faillock_unlock_time,Set Lockout Time for Failed Password Attempts,xccdf_org.ssgproject.content_rule_file_permissions_unauthorized_world_writable,Ensure No World-Writable Files Exist,medium,anssi_bp28_enhanced|anssi_bp28_high|anssi_bp28_intermediary|anssi_bp28_minimal|cis|cis_server_l1|cis_workstation_l1|cis_workstation_l2|e8|ism_o|pci-dss,11,0.9214,no
4,29,19,anssi_bp28_enhanced|anssi_bp28_high|anssi_bp28_intermediary|anssi_bp28_minimal|ccn_advanced|ccn_basic|ccn_intermediate|cis|cis_server_l1|cis_workstation_l1|cis_workstation_l2|cui|e8|hipaa|ism_o|ospp|pci-dss|stig|stig_gui,xccdf_org.ssgproject.content_rule_accounts_passwords_pam_faillock_unlock_time,Set Lockout Time for Failed Password Attempts,xccdf_org.ssgproject.content_rule_set_password_hashing_algorithm_systemauth,Set PAM''s Password Hashing Algorithm,medium,anssi_bp28_enhanced|anssi_bp28_high|anssi_bp28_intermediary|anssi_bp28_minimal|ccn_advanced|ccn_basic|ccn_intermediate|cis|cis_server_l1|cis_workstation_l1|cis_workstation_l2|pci-dss,12,0.9375,no
4,29,19,anssi_bp28_enhanced|anssi_bp28_high|anssi_bp28_intermediary|anssi_bp28_minimal|ccn_advanced|ccn_basic|ccn_intermediate|cis|cis_server_l1|cis_workstation_l1|cis_workstation_l2|cui|e8|hipaa|ism_o|ospp|pci-dss|stig|stig_gui,xccdf_org.ssgproject.content_rule_accounts_passwords_pam_faillock_unlock_time,Set Lockout Time for Failed Password Attempts,xccdf_org.ssgproject.content_rule_grub2_password,Set Boot Loader Password in grub2,high,anssi_bp28_enhanced|anssi_bp28_high|anssi_bp28_intermediary|ccn_advanced|ccn_basic|ccn_intermediate|cis|cis_server_l1|cis_workstation_l1|cis_workstation_l2|hipaa|stig|stig_gui,13,0.9331,no
4,29,19,anssi_bp28_enhanced|anssi_bp28_high|anssi_bp28_intermediary|anssi_bp28_minimal|ccn_advanced|ccn_basic|ccn_intermediate|cis|cis_server_l1|cis_workstation_l1|cis_workstation_l2|cui|e8|hipaa|ism_o|ospp|pci-dss|stig|stig_gui,xccdf_org.ssgproject.content_rule_accounts_passwords_pam_faillock_unlock_time,Set Lockout Time for Failed Password Attempts,xccdf_org.ssgproject.content_rule_accounts_passwords_pam_faillock_deny,Lock Accounts After Failed Password Attempts,medium,anssi_bp28_enhanced|anssi_bp28_high|anssi_bp28_intermediary|anssi_bp28_minimal|ccn_advanced|cis|cis_server_l1|cis_workstation_l1|cis_workstation_l2|cui|ism_o|ospp|pci-dss|stig|stig_gui,15,0.9864,no
4,29,19,anssi_bp28_enhanced|anssi_bp28_high|anssi_bp28_intermediary|anssi_bp28_minimal|ccn_advanced|ccn_basic|ccn_intermediate|cis|cis_server_l1|cis_workstation_l1|cis_workstation_l2|cui|e8|hipaa|ism_o|ospp|pci-dss|stig|stig_gui,xccdf_org.ssgproject.content_rule_accounts_passwords_pam_faillock_unlock_time,Set Lockout Time for Failed Password Attempts,xccdf_org.ssgproject.content_rule_accounts_passwords_pam_faillock_unlock_time,Set Lockout Time for Failed Password Attempts,medium,anssi_bp28_enhanced|anssi_bp28_high|anssi_bp28_intermediary|anssi_bp28_minimal|ccn_advanced|cis|cis_server_l1|cis_workstation_l1|cis_workstation_l2|cui|ism_o|ospp|pci-dss|stig|stig_gui,15,1.0,yes
5,31,19,anssi_bp28_enhanced|anssi_bp28_high|anssi_bp28_intermediary|anssi_bp28_minimal|ccn_advanced|ccn_basic|ccn_intermediate|cis|cis_server_l1|cis_workstation_l1|cis_workstation_l2|cui|e8|hipaa|ism_o|ospp|pci-dss|stig|stig_gui,xccdf_org.ssgproject.content_rule_service_rlogin_disabled,Disable rlogin Service,xccdf_org.ssgproject.content_rule_configure_user_data_backups,Configure Backups of User Data,medium,,0,0.8692,no
5,31,19,anssi_bp28_enhanced|anssi_bp28_high|anssi_bp28_intermediary|anssi_bp28_minimal|ccn_advanced|ccn_basic|ccn_intermediate|cis|cis_server_l1|cis_workstation_l1|cis_workstation_l2|cui|e8|hipaa|ism_o|ospp|pci-dss|stig|stig_gui,xccdf_org.ssgproject.content_rule_service_rlogin_disabled,Disable rlogin Service,xccdf_org.ssgproject.content_rule_package_MFEhiplsm_installed,Install the Host Intrusion Prevention System (HIPS) Module,medium,,0,0.876,no
5,31,19,anssi_bp28_enhanced|anssi_bp28_high|anssi_bp28_intermediary|anssi_bp28_minimal|ccn_advanced|ccn_basic|ccn_intermediate|cis|cis_server_l1|cis_workstation_l1|cis_workstation_l2|cui|e8|hipaa|ism_o|ospp|pci-dss|stig|stig_gui,xccdf_org.ssgproject.content_rule_service_rlogin_disabled,Disable rlogin Service,xccdf_org.ssgproject.content_rule_service_ntpdate_disabled,Disable ntpdate Service (ntpdate),low,,0,0.9408,no
5,31,19,anssi_bp28_enhanced|anssi_bp28_high|anssi_bp28_intermediary|anssi_bp28_minimal|ccn_advanced|ccn_basic|ccn_intermediate|cis|cis_server_l1|cis_workstation_l1|cis_workstation_l2|cui|e8|hipaa|ism_o|ospp|pci-dss|stig|stig_gui,xccdf_org.ssgproject.content_rule_service_rlogin_disabled,Disable rlogin Service,xccdf_org.ssgproject.content_rule_service_oddjobd_disabled,Disable Odd Job Daemon (oddjobd),medium,,0,0.9394,no
5,31,19,anssi_bp28_enhanced|anssi_bp28_high|anssi_bp28_intermediary|anssi_bp28_minimal|ccn_advanced|ccn_basic|ccn_intermediate|cis|cis_server_l1|cis_workstation_l1|cis_workstation_l2|cui|e8|hipaa|ism_o|ospp|pci-dss|stig|stig_gui,xccdf_org.ssgproject.content_rule_service_rlogin_disabled,Disable rlogin Service,xccdf_org.ssgproject.content_rule_service_qpidd_disabled,Disable Apache Qpid (qpidd),low,,0,0.9348,no
5,31,19,anssi_bp28_enhanced|anssi_bp28_high|anssi_bp28_intermediary|anssi_bp28_minimal|ccn_advanced|ccn_basic|ccn_intermediate|cis|cis_server_l1|cis_workstation_l1|cis_workstation_l2|cui|e8|hipaa|ism_o|ospp|pci-dss|stig|stig_gui,xccdf_org.ssgproject.content_rule_service_rlogin_disabled,Disable rlogin Service,xccdf_org.ssgproject.content_rule_service_rdisc_disabled,Disable Network Router Discovery Daemon (rdisc),medium,,0,0.9409,no
5,31,19,anssi_bp28_enhanced|anssi_bp28_high|anssi_bp28_intermediary|anssi_bp28_minimal|ccn_advanced|ccn_basic|ccn_intermediate|cis|cis_server_l1|cis_workstation_l1|cis_workstation_l2|cui|e8|hipaa|ism_o|ospp|pci-dss|stig|stig_gui,xccdf_org.ssgproject.content_rule_service_rlogin_disabled,Disable rlogin Service,xccdf_org.ssgproject.content_rule_service_rhnsd_disabled,Disable Red Hat Network Service (rhnsd),low,,0,0.9397,no
5,31,19,anssi_bp28_enhanced|anssi_bp28_high|anssi_bp28_intermediary|anssi_bp28_minimal|ccn_advanced|ccn_basic|ccn_intermediate|cis|cis_server_l1|cis_workstation_l1|cis_workstation_l2|cui|e8|hipaa|ism_o|ospp|pci-dss|stig|stig_gui,xccdf_org.ssgproject.content_rule_service_rlogin_disabled,Disable rlogin Service,xccdf_org.ssgproject.content_rule_service_cron_enabled,Enable cron Service,medium,,0,0.9293,no
5,31,19,anssi_bp28_enhanced|anssi_bp28_high|anssi_bp28_intermediary|anssi_bp28_minimal|ccn_advanced|ccn_basic|ccn_intermediate|cis|cis_server_l1|cis_workstation_l1|cis_workstation_l2|cui|e8|hipaa|ism_o|ospp|pci-dss|stig|stig_gui,xccdf_org.ssgproject.content_rule_service_rlogin_disabled,Disable rlogin Service,xccdf_org.ssgproject.content_rule_service_atd_disabled,Disable At Service (atd),medium,,0,0.9321,no
5,31,19,anssi_bp28_enhanced|anssi_bp28_high|anssi_bp28_intermediary|anssi_bp28_minimal|ccn_advanced|ccn_basic|ccn_intermediate|cis|cis_server_l1|cis_workstation_l1|cis_workstation_l2|cui|e8|hipaa|ism_o|ospp|pci-dss|stig|stig_gui,xccdf_org.ssgproject.content_rule_service_rlogin_disabled,Disable rlogin Service,xccdf_org.ssgproject.content_rule_service_dhcpd_disabled,Disable DHCP Service,medium,,0,0.9492,no
5,31,19,anssi_bp28_enhanced|anssi_bp28_high|anssi_bp28_intermediary|anssi_bp28_minimal|ccn_advanced|ccn_basic|ccn_intermediate|cis|cis_server_l1|cis_workstation_l1|cis_workstation_l2|cui|e8|hipaa|ism_o|ospp|pci-dss|stig|stig_gui,xccdf_org.ssgproject.content_rule_service_rlogin_disabled,Disable rlogin Service,xccdf_org.ssgproject.content_rule_package_krb5-server_removed,Remove the Kerberos Server Package,medium,,0,0.9244,no
5,31,19,anssi_bp28_enhanced|anssi_bp28_high|anssi_bp28_intermediary|anssi_bp28_minimal|ccn_advanced|ccn_basic|ccn_intermediate|cis|cis_server_l1|cis_workstation_l1|cis_workstation_l2|cui|e8|hipaa|ism_o|ospp|pci-dss|stig|stig_gui,xccdf_org.ssgproject.content_rule_service_rlogin_disabled,Disable rlogin Service,xccdf_org.ssgproject.content_rule_package_389-ds-base_removed,Uninstall 389-ds-base Package,low,,0,0.9227,no
5,31,19,anssi_bp28_enhanced|anssi_bp28_high|anssi_bp28_intermediary|anssi_bp28_minimal|ccn_advanced|ccn_basic|ccn_intermediate|cis|cis_server_l1|cis_workstation_l1|cis_workstation_l2|cui|e8|hipaa|ism_o|ospp|pci-dss|stig|stig_gui,xccdf_org.ssgproject.content_rule_service_rlogin_disabled,Disable rlogin Service,xccdf_org.ssgproject.content_rule_package_openldap-servers_removed,Uninstall openldap-servers Package,low,,0,0.9222,no
5,31,19,anssi_bp28_enhanced|anssi_bp28_high|anssi_bp28_intermediary|anssi_bp28_minimal|ccn_advanced|ccn_basic|ccn_intermediate|cis|cis_server_l1|cis_workstation_l1|cis_workstation_l2|cui|e8|hipaa|ism_o|ospp|pci-dss|stig|stig_gui,xccdf_org.ssgproject.content_rule_service_rlogin_disabled,Disable rlogin Service,xccdf_org.ssgproject.content_rule_service_slapd_disabled,Disable LDAP Server (slapd),medium,,0,0.8718,no
5,31,19,anssi_bp28_enhanced|anssi_bp28_high|anssi_bp28_intermediary|anssi_bp28_minimal|ccn_advanced|ccn_basic|ccn_intermediate|cis|cis_server_l1|cis_workstation_l1|cis_workstation_l2|cui|e8|hipaa|ism_o|ospp|pci-dss|stig|stig_gui,xccdf_org.ssgproject.content_rule_service_rlogin_disabled,Disable rlogin Service,xccdf_org.ssgproject.content_rule_service_postfix_enabled,Enable Postfix Service,unknown,,0,0.9402,no
5,31,19,anssi_bp28_enhanced|anssi_bp28_high|anssi_bp28_intermediary|anssi_bp28_minimal|ccn_advanced|ccn_basic|ccn_intermediate|cis|cis_server_l1|cis_workstation_l1|cis_workstation_l2|cui|e8|hipaa|ism_o|ospp|pci-dss|stig|stig_gui,xccdf_org.ssgproject.content_rule_service_rlogin_disabled,Disable rlogin Service,xccdf_org.ssgproject.content_rule_service_netfs_disabled,Disable Network File Systems (netfs),unknown,,0,0.9377,no
5,31,19,anssi_bp28_enhanced|anssi_bp28_high|anssi_bp28_intermediary|anssi_bp28_minimal|ccn_advanced|ccn_basic|ccn_intermediate|cis|cis_server_l1|cis_workstation_l1|cis_workstation_l2|cui|e8|hipaa|ism_o|ospp|pci-dss|stig|stig_gui,xccdf_org.ssgproject.content_rule_service_rlogin_disabled,Disable rlogin Service,xccdf_org.ssgproject.content_rule_package_rpcbind_removed,Uninstall rpcbind Package,low,,0,0.9468,no
5,31,19,anssi_bp28_enhanced|anssi_bp28_high|anssi_bp28_intermediary|anssi_bp28_minimal|ccn_advanced|ccn_basic|ccn_intermediate|cis|cis_server_l1|cis_workstation_l1|cis_workstation_l2|cui|e8|hipaa|ism_o|ospp|pci-dss|stig|stig_gui,xccdf_org.ssgproject.content_rule_service_rlogin_disabled,Disable rlogin Service,xccdf_org.ssgproject.content_rule_service_ypserv_disabled,Disable ypserv Service,medium,,0,0.9565,no
5,31,19,anssi_bp28_enhanced|anssi_bp28_high|anssi_bp28_intermediary|anssi_bp28_minimal|ccn_advanced|ccn_basic|ccn_intermediate|cis|cis_server_l1|cis_workstation_l1|cis_workstation_l2|cui|e8|hipaa|ism_o|ospp|pci-dss|stig|stig_gui,xccdf_org.ssgproject.content_rule_service_rlogin_disabled,Disable rlogin Service,xccdf_org.ssgproject.content_rule_service_rlogin_disabled,Disable rlogin Service,high,,0,1.0,yes
5,31,19,anssi_bp28_enhanced|anssi_bp28_high|anssi_bp28_intermediary|anssi_bp28_minimal|ccn_advanced|ccn_basic|ccn_intermediate|cis|cis_server_l1|cis_workstation_l1|cis_workstation_l2|cui|e8|hipaa|ism_o|ospp|pci-dss|stig|stig_gui,xccdf_org.ssgproject.content_rule_service_rlogin_disabled,Disable rlogin Service,xccdf_org.ssgproject.content_rule_package_freeradius_removed,Remove the FreeRadius Server Package,low,,0,0.9279,no
5,31,19,anssi_bp28_enhanced|anssi_bp28_high|anssi_bp28_intermediary|anssi_bp28_minimal|ccn_advanced|ccn_basic|ccn_intermediate|cis|cis_server_l1|cis_workstation_l1|cis_workstation_l2|cui|e8|hipaa|ism_o|ospp|pci-dss|stig|stig_gui,xccdf_org.ssgproject.content_rule_service_rlogin_disabled,Disable rlogin Service,xccdf_org.ssgproject.content_rule_package_setroubleshoot-plugins_removed,Uninstall setroubleshoot-plugins Package,low,anssi_bp28_high,1,0.928,no
5,31,19,anssi_bp28_enhanced|anssi_bp28_high|anssi_bp28_intermediary|anssi_bp28_minimal|ccn_advanced|ccn_basic|ccn_intermediate|cis|cis_server_l1|cis_workstation_l1|cis_workstation_l2|cui|e8|hipaa|ism_o|ospp|pci-dss|stig|stig_gui,xccdf_org.ssgproject.content_rule_service_rlogin_disabled,Disable rlogin Service,xccdf_org.ssgproject.content_rule_package_setroubleshoot-server_removed,Uninstall setroubleshoot-server Package,low,anssi_bp28_high,1,0.9312,no
5,31,19,anssi_bp28_enhanced|anssi_bp28_high|anssi_bp28_intermediary|anssi_bp28_minimal|ccn_advanced|ccn_basic|ccn_intermediate|cis|cis_server_l1|cis_workstation_l1|cis_workstation_l2|cui|e8|hipaa|ism_o|ospp|pci-dss|stig|stig_gui,xccdf_org.ssgproject.content_rule_service_rlogin_disabled,Disable rlogin Service,xccdf_org.ssgproject.content_rule_installed_OS_is_vendor_supported,The Installed Operating System Is Vendor Supported,high,stig|stig_gui,2,0.8442,no
5,31,19,anssi_bp28_enhanced|anssi_bp28_high|anssi_bp28_intermediary|anssi_bp28_minimal|ccn_advanced|ccn_basic|ccn_intermediate|cis|cis_server_l1|cis_workstation_l1|cis_workstation_l2|cui|e8|hipaa|ism_o|ospp|pci-dss|stig|stig_gui,xccdf_org.ssgproject.content_rule_service_rlogin_disabled,Disable rlogin Service,xccdf_org.ssgproject.content_rule_package_mcafeetp_installed,Install McAfee Endpoint Security for Linux (ENSL),medium,stig|stig_gui,2,0.9052,no
5,31,19,anssi_bp28_enhanced|anssi_bp28_high|anssi_bp28_intermediary|anssi_bp28_minimal|ccn_advanced|ccn_basic|ccn_intermediate|cis|cis_server_l1|cis_workstation_l1|cis_workstation_l2|cui|e8|hipaa|ism_o|ospp|pci-dss|stig|stig_gui,xccdf_org.ssgproject.content_rule_service_rlogin_disabled,Disable rlogin Service,xccdf_org.ssgproject.content_rule_agent_mfetpd_running,Ensure McAfee Endpoint Security for Linux (ENSL) is running,medium,stig|stig_gui,2,0.8718,no
5,31,19,anssi_bp28_enhanced|anssi_bp28_high|anssi_bp28_intermediary|anssi_bp28_minimal|ccn_advanced|ccn_basic|ccn_intermediate|cis|cis_server_l1|cis_workstation_l1|cis_workstation_l2|cui|e8|hipaa|ism_o|ospp|pci-dss|stig|stig_gui,xccdf_org.ssgproject.content_rule_service_rlogin_disabled,Disable rlogin Service,xccdf_org.ssgproject.content_rule_networkmanager_dns_mode,NetworkManager DNS Mode Must Be Must Configured,medium,stig|stig_gui,2,0.8858,no
5,31,19,anssi_bp28_enhanced|anssi_bp28_high|anssi_bp28_intermediary|anssi_bp28_minimal|ccn_advanced|ccn_basic|ccn_intermediate|cis|cis_server_l1|cis_workstation_l1|cis_workstation_l2|cui|e8|hipaa|ism_o|ospp|pci-dss|stig|stig_gui,xccdf_org.ssgproject.content_rule_service_rlogin_disabled,Disable rlogin Service,xccdf_org.ssgproject.content_rule_chronyd_no_chronyc_network,Disable network management of chrony daemon,low,stig|stig_gui,2,0.9392,no
5,31,19,anssi_bp28_enhanced|anssi_bp28_high|anssi_bp28_intermediary|anssi_bp28_minimal|ccn_advanced|ccn_basic|ccn_intermediate|cis|cis_server_l1|cis_workstation_l1|cis_workstation_l2|cui|e8|hipaa|ism_o|ospp|pci-dss|stig|stig_gui,xccdf_org.ssgproject.content_rule_service_rlogin_disabled,Disable rlogin Service,xccdf_org.ssgproject.content_rule_service_autofs_disabled,Disable the Automounter,medium,hipaa|stig|stig_gui,3,0.9361,no
5,31,19,anssi_bp28_enhanced|anssi_bp28_high|anssi_bp28_intermediary|anssi_bp28_minimal|ccn_advanced|ccn_basic|ccn_intermediate|cis|cis_server_l1|cis_workstation_l1|cis_workstation_l2|cui|e8|hipaa|ism_o|ospp|pci-dss|stig|stig_gui,xccdf_org.ssgproject.content_rule_service_rlogin_disabled,Disable rlogin Service,xccdf_org.ssgproject.content_rule_package_setroubleshoot_removed,Uninstall setroubleshoot Package,low,anssi_bp28_high|cis|cis_server_l1,3,0.9251,no
5,31,19,anssi_bp28_enhanced|anssi_bp28_high|anssi_bp28_intermediary|anssi_bp28_minimal|ccn_advanced|ccn_basic|ccn_intermediate|cis|cis_server_l1|cis_workstation_l1|cis_workstation_l2|cui|e8|hipaa|ism_o|ospp|pci-dss|stig|stig_gui,xccdf_org.ssgproject.content_rule_service_rlogin_disabled,Disable rlogin Service,xccdf_org.ssgproject.content_rule_service_chronyd_enabled,The Chronyd service is enabled,medium,ism_o|stig|stig_gui,3,0.9241,no
5,31,19,anssi_bp28_enhanced|anssi_bp28_high|anssi_bp28_intermediary|anssi_bp28_minimal|ccn_advanced|ccn_basic|ccn_intermediate|cis|cis_server_l1|cis_workstation_l1|cis_workstation_l2|cui|e8|hipaa|ism_o|ospp|pci-dss|stig|stig_gui,xccdf_org.ssgproject.content_rule_service_rlogin_disabled,Disable rlogin Service,xccdf_org.ssgproject.content_rule_socket_systemd-journal-remote_disabled,Disable systemd-journal-remote Socket,medium,cis|cis_server_l1|cis_workstation_l1|cis_workstation_l2,4,0.9206,no
5,31,19,anssi_bp28_enhanced|anssi_bp28_high|anssi_bp28_intermediary|anssi_bp28_minimal|ccn_advanced|ccn_basic|ccn_intermediate|cis|cis_server_l1|cis_workstation_l1|cis_workstation_l2|cui|e8|hipaa|ism_o|ospp|pci-dss|stig|stig_gui,xccdf_org.ssgproject.content_rule_service_rlogin_disabled,Disable rlogin Service,xccdf_org.ssgproject.content_rule_package_mcstrans_removed,Uninstall mcstrans Package,low,cis|cis_server_l1|cis_workstation_l1|cis_workstation_l2,4,0.9361,no
5,31,19,anssi_bp28_enhanced|anssi_bp28_high|anssi_bp28_intermediary|anssi_bp28_minimal|ccn_advanced|ccn_basic|ccn_intermediate|cis|cis_server_l1|cis_workstation_l1|cis_workstation_l2|cui|e8|hipaa|ism_o|ospp|pci-dss|stig|stig_gui,xccdf_org.ssgproject.content_rule_service_rlogin_disabled,Disable rlogin Service,xccdf_org.ssgproject.content_rule_package_dnsmasq_removed,Uninstall dnsmasq Package,low,cis|cis_server_l1|cis_workstation_l1|cis_workstation_l2,4,0.9072,no
5,31,19,anssi_bp28_enhanced|anssi_bp28_high|anssi_bp28_intermediary|anssi_bp28_minimal|ccn_advanced|ccn_basic|ccn_intermediate|cis|cis_server_l1|cis_workstation_l1|cis_workstation_l2|cui|e8|hipaa|ism_o|ospp|pci-dss|stig|stig_gui,xccdf_org.ssgproject.content_rule_service_rlogin_disabled,Disable rlogin Service,xccdf_org.ssgproject.content_rule_package_openldap-clients_removed,Ensure LDAP client is not installed,low,cis|cis_server_l1|cis_workstation_l1|cis_workstation_l2,4,0.9276,no
5,31,19,anssi_bp28_enhanced|anssi_bp28_high|anssi_bp28_intermediary|anssi_bp28_minimal|ccn_advanced|ccn_basic|ccn_intermediate|cis|cis_server_l1|cis_workstation_l1|cis_workstation_l2|cui|e8|hipaa|ism_o|ospp|pci-dss|stig|stig_gui,xccdf_org.ssgproject.content_rule_service_rlogin_disabled,Disable rlogin Service,xccdf_org.ssgproject.content_rule_service_nfs_disabled,Disable Network File System (nfs),unknown,cis|cis_server_l1|cis_workstation_l1|cis_workstation_l2,4,0.9403,no
5,31,19,anssi_bp28_enhanced|anssi_bp28_high|anssi_bp28_intermediary|anssi_bp28_minimal|ccn_advanced|ccn_basic|ccn_intermediate|cis|cis_server_l1|cis_workstation_l1|cis_workstation_l2|cui|e8|hipaa|ism_o|ospp|pci-dss|stig|stig_gui,xccdf_org.ssgproject.content_rule_service_rlogin_disabled,Disable rlogin Service,xccdf_org.ssgproject.content_rule_chronyd_client_only,Disable chrony daemon from acting as server,low,cui|ospp|stig|stig_gui,4,0.9361,no
5,31,19,anssi_bp28_enhanced|anssi_bp28_high|anssi_bp28_intermediary|anssi_bp28_minimal|ccn_advanced|ccn_basic|ccn_intermediate|cis|cis_server_l1|cis_workstation_l1|cis_workstation_l2|cui|e8|hipaa|ism_o|ospp|pci-dss|stig|stig_gui,xccdf_org.ssgproject.content_rule_service_rlogin_disabled,Disable rlogin Service,xccdf_org.ssgproject.content_rule_package_rsync_removed,Uninstall rsync Package,medium,cis|cis_server_l1|cis_workstation_l1|cis_workstation_l2,4,0.9317,no
5,31,19,anssi_bp28_enhanced|anssi_bp28_high|anssi_bp28_intermediary|anssi_bp28_minimal|ccn_advanced|ccn_basic|ccn_intermediate|cis|cis_server_l1|cis_workstation_l1|cis_workstation_l2|cui|e8|hipaa|ism_o|ospp|pci-dss|stig|stig_gui,xccdf_org.ssgproject.content_rule_service_rlogin_disabled,Disable rlogin Service,xccdf_org.ssgproject.content_rule_network_sniffer_disabled,Ensure System is Not Acting as a Network Sniffer,medium,e8|ism_o|pci-dss|stig|stig_gui,5,0.9339,no
5,31,19,anssi_bp28_enhanced|anssi_bp28_high|anssi_bp28_intermediary|anssi_bp28_minimal|ccn_advanced|ccn_basic|ccn_intermediate|cis|cis_server_l1|cis_workstation_l1|cis_workstation_l2|cui|e8|hipaa|ism_o|ospp|pci-dss|stig|stig_gui,xccdf_org.ssgproject.content_rule_service_rlogin_disabled,Disable rlogin Service,xccdf_org.ssgproject.content_rule_package_nftables_installed,Install nftables Package,medium,cis|cis_server_l1|cis_workstation_l1|cis_workstation_l2|pci-dss,5,0.9317,no
5,31,19,anssi_bp28_enhanced|anssi_bp28_high|anssi_bp28_intermediary|anssi_bp28_minimal|ccn_advanced|ccn_basic|ccn_intermediate|cis|cis_server_l1|cis_workstation_l1|cis_workstation_l2|cui|e8|hipaa|ism_o|ospp|pci-dss|stig|stig_gui,xccdf_org.ssgproject.content_rule_service_rlogin_disabled,Disable rlogin Service,xccdf_org.ssgproject.content_rule_service_crond_enabled,Enable cron Service,medium,cis|cis_server_l1|cis_workstation_l1|cis_workstation_l2|hipaa,5,0.9275,no
5,31,19,anssi_bp28_enhanced|anssi_bp28_high|anssi_bp28_intermediary|anssi_bp28_minimal|ccn_advanced|ccn_basic|ccn_intermediate|cis|cis_server_l1|cis_workstation_l1|cis_workstation_l2|cui|e8|hipaa|ism_o|ospp|pci-dss|stig|stig_gui,xccdf_org.ssgproject.content_rule_service_rlogin_disabled,Disable rlogin Service,xccdf_org.ssgproject.content_rule_package_ftp_removed,Remove ftp Package,low,cis|cis_server_l1|cis_workstation_l1|cis_workstation_l2|pci-dss,5,0.9185,no
5,31,19,anssi_bp28_enhanced|anssi_bp28_high|anssi_bp28_intermediary|anssi_bp28_minimal|ccn_advanced|ccn_basic|ccn_intermediate|cis|cis_server_l1|cis_workstation_l1|cis_workstation_l2|cui|e8|hipaa|ism_o|ospp|pci-dss|stig|stig_gui,xccdf_org.ssgproject.content_rule_service_rlogin_disabled,Disable rlogin Service,xccdf_org.ssgproject.content_rule_service_rpcbind_disabled,Disable rpcbind Service,low,cis|cis_server_l1|cis_workstation_l1|cis_workstation_l2|pci-dss,5,0.9495,no
5,31,19,anssi_bp28_enhanced|anssi_bp28_high|anssi_bp28_intermediary|anssi_bp28_minimal|ccn_advanced|ccn_basic|ccn_intermediate|cis|cis_server_l1|cis_workstation_l1|cis_workstation_l2|cui|e8|hipaa|ism_o|ospp|pci-dss|stig|stig_gui,xccdf_org.ssgproject.content_rule_service_rlogin_disabled,Disable rlogin Service,xccdf_org.ssgproject.content_rule_wireless_disable_interfaces,Deactivate Wireless Network Interfaces,medium,cis|cis_server_l1|ism_o|pci-dss|stig|stig_gui,6,0.8981,no
5,31,19,anssi_bp28_enhanced|anssi_bp28_high|anssi_bp28_intermediary|anssi_bp28_minimal|ccn_advanced|ccn_basic|ccn_intermediate|cis|cis_server_l1|cis_workstation_l1|cis_workstation_l2|cui|e8|hipaa|ism_o|ospp|pci-dss|stig|stig_gui,xccdf_org.ssgproject.content_rule_service_rlogin_disabled,Disable rlogin Service,xccdf_org.ssgproject.content_rule_package_ypbind_removed,Remove NIS Client,unknown,anssi_bp28_enhanced|anssi_bp28_high|anssi_bp28_intermediary|anssi_bp28_minimal|e8|ism_o,6,0.902,no
5,31,19,anssi_bp28_enhanced|anssi_bp28_high|anssi_bp28_intermediary|anssi_bp28_minimal|ccn_advanced|ccn_basic|ccn_intermediate|cis|cis_server_l1|cis_workstation_l1|cis_workstation_l2|cui|e8|hipaa|ism_o|ospp|pci-dss|stig|stig_gui,xccdf_org.ssgproject.content_rule_service_rlogin_disabled,Disable rlogin Service,xccdf_org.ssgproject.content_rule_chronyd_run_as_chrony_user,Ensure that chronyd is running under chrony user account,medium,ccn_advanced|ccn_intermediate|cis|cis_server_l1|cis_workstation_l1|cis_workstation_l2|pci-dss,7,0.9187,no
5,31,19,anssi_bp28_enhanced|anssi_bp28_high|anssi_bp28_intermediary|anssi_bp28_minimal|ccn_advanced|ccn_basic|ccn_intermediate|cis|cis_server_l1|cis_workstation_l1|cis_workstation_l2|cui|e8|hipaa|ism_o|ospp|pci-dss|stig|stig_gui,xccdf_org.ssgproject.content_rule_service_rlogin_disabled,Disable rlogin Service,xccdf_org.ssgproject.content_rule_package_talk_removed,Uninstall talk Package,medium,anssi_bp28_enhanced|anssi_bp28_high|anssi_bp28_intermediary|anssi_bp28_minimal|e8|hipaa|ism_o,7,0.9146,no
5,31,19,anssi_bp28_enhanced|anssi_bp28_high|anssi_bp28_intermediary|anssi_bp28_minimal|ccn_advanced|ccn_basic|ccn_intermediate|cis|cis_server_l1|cis_workstation_l1|cis_workstation_l2|cui|e8|hipaa|ism_o|ospp|pci-dss|stig|stig_gui,xccdf_org.ssgproject.content_rule_service_rlogin_disabled,Disable rlogin Service,xccdf_org.ssgproject.content_rule_service_nftables_disabled,Verify nftables Service is Disabled,medium,ccn_advanced|ccn_basic|ccn_intermediate|cis|cis_server_l1|cis_workstation_l1|cis_workstation_l2|pci-dss,8,0.9221,no
5,31,19,anssi_bp28_enhanced|anssi_bp28_high|anssi_bp28_intermediary|anssi_bp28_minimal|ccn_advanced|ccn_basic|ccn_intermediate|cis|cis_server_l1|cis_workstation_l1|cis_workstation_l2|cui|e8|hipaa|ism_o|ospp|pci-dss|stig|stig_gui,xccdf_org.ssgproject.content_rule_service_rlogin_disabled,Disable rlogin Service,xccdf_org.ssgproject.content_rule_package_tftp_removed,Remove tftp Daemon,low,anssi_bp28_enhanced|anssi_bp28_high|anssi_bp28_intermediary|anssi_bp28_minimal|cis|cis_server_l1|cis_workstation_l1|cis_workstation_l2|pci-dss,9,0.9081,no
5,31,19,anssi_bp28_enhanced|anssi_bp28_high|anssi_bp28_intermediary|anssi_bp28_minimal|ccn_advanced|ccn_basic|ccn_intermediate|cis|cis_server_l1|cis_workstation_l1|cis_workstation_l2|cui|e8|hipaa|ism_o|ospp|pci-dss|stig|stig_gui,xccdf_org.ssgproject.content_rule_service_rlogin_disabled,Disable rlogin Service,xccdf_org.ssgproject.content_rule_package_chrony_installed,The Chrony package is installed,medium,anssi_bp28_enhanced|anssi_bp28_high|ccn_advanced|ccn_intermediate|cui|ism_o|ospp|pci-dss|stig|stig_gui,10,0.9141,no
5,31,19,anssi_bp28_enhanced|anssi_bp28_high|anssi_bp28_intermediary|anssi_bp28_minimal|ccn_advanced|ccn_basic|ccn_intermediate|cis|cis_server_l1|cis_workstation_l1|cis_workstation_l2|cui|e8|hipaa|ism_o|ospp|pci-dss|stig|stig_gui,xccdf_org.ssgproject.content_rule_service_rlogin_disabled,Disable rlogin Service,xccdf_org.ssgproject.content_rule_chronyd_specify_remote_server,A remote time server for Chrony is configured,medium,anssi_bp28_enhanced|anssi_bp28_high|ccn_advanced|ccn_intermediate|cis|cis_server_l1|cis_workstation_l1|cis_workstation_l2|ism_o|pci-dss|stig|stig_gui,12,0.9196,no
5,31,19,anssi_bp28_enhanced|anssi_bp28_high|anssi_bp28_intermediary|anssi_bp28_minimal|ccn_advanced|ccn_basic|ccn_intermediate|cis|cis_server_l1|cis_workstation_l1|cis_workstation_l2|cui|e8|hipaa|ism_o|ospp|pci-dss|stig|stig_gui,xccdf_org.ssgproject.content_rule_service_rlogin_disabled,Disable rlogin Service,xccdf_org.ssgproject.content_rule_service_auditd_enabled,Enable auditd Service,medium,anssi_bp28_enhanced|anssi_bp28_high|anssi_bp28_intermediary|cis|cis_workstation_l2|cui|e8|hipaa|ism_o|ospp|pci-dss|stig|stig_gui,13,0.9298,no
6,9,18,anssi_bp28_enhanced|anssi_bp28_high|anssi_bp28_intermediary|anssi_bp28_minimal|ccn_advanced|ccn_basic|ccn_intermediate|cis|cis_server_l1|cis_workstation_l1|cis_workstation_l2|cui|e8|ism_o|ospp|pci-dss|stig|stig_gui,xccdf_org.ssgproject.content_rule_package_usbguard_installed,Install usbguard Package,xccdf_org.ssgproject.content_rule_package_pam_pwquality_installed,Install pam_pwquality Package,medium,,0,0.9506,no
6,9,18,anssi_bp28_enhanced|anssi_bp28_high|anssi_bp28_intermediary|anssi_bp28_minimal|ccn_advanced|ccn_basic|ccn_intermediate|cis|cis_server_l1|cis_workstation_l1|cis_workstation_l2|cui|e8|ism_o|ospp|pci-dss|stig|stig_gui,xccdf_org.ssgproject.content_rule_package_usbguard_installed,Install usbguard Package,xccdf_org.ssgproject.content_rule_package_syslogng_installed,Ensure syslog-ng is Installed,medium,,0,0.9233,no
6,9,18,anssi_bp28_enhanced|anssi_bp28_high|anssi_bp28_intermediary|anssi_bp28_minimal|ccn_advanced|ccn_basic|ccn_intermediate|cis|cis_server_l1|cis_workstation_l1|cis_workstation_l2|cui|e8|ism_o|ospp|pci-dss|stig|stig_gui,xccdf_org.ssgproject.content_rule_package_usbguard_installed,Install usbguard Package,xccdf_org.ssgproject.content_rule_service_syslogng_enabled,Enable syslog-ng Service,medium,,0,0.9026,no
6,9,18,anssi_bp28_enhanced|anssi_bp28_high|anssi_bp28_intermediary|anssi_bp28_minimal|ccn_advanced|ccn_basic|ccn_intermediate|cis|cis_server_l1|cis_workstation_l1|cis_workstation_l2|cui|e8|ism_o|ospp|pci-dss|stig|stig_gui,xccdf_org.ssgproject.content_rule_package_usbguard_installed,Install usbguard Package,xccdf_org.ssgproject.content_rule_package_postfix_installed,The Postfix package is installed,medium,,0,0.9395,no
6,9,18,anssi_bp28_enhanced|anssi_bp28_high|anssi_bp28_intermediary|anssi_bp28_minimal|ccn_advanced|ccn_basic|ccn_intermediate|cis|cis_server_l1|cis_workstation_l1|cis_workstation_l2|cui|e8|ism_o|ospp|pci-dss|stig|stig_gui,xccdf_org.ssgproject.content_rule_package_usbguard_installed,Install usbguard Package,xccdf_org.ssgproject.content_rule_package_samba-common_installed,Install the Samba Common Package,medium,,0,0.9436,no
6,9,18,anssi_bp28_enhanced|anssi_bp28_high|anssi_bp28_intermediary|anssi_bp28_minimal|ccn_advanced|ccn_basic|ccn_intermediate|cis|cis_server_l1|cis_workstation_l1|cis_workstation_l2|cui|e8|ism_o|ospp|pci-dss|stig|stig_gui,xccdf_org.ssgproject.content_rule_package_usbguard_installed,Install usbguard Package,xccdf_org.ssgproject.content_rule_package_cryptsetup-luks_installed,Install cryptsetup Package,medium,ccn_advanced|pci-dss,2,0.9578,no
6,9,18,anssi_bp28_enhanced|anssi_bp28_high|anssi_bp28_intermediary|anssi_bp28_minimal|ccn_advanced|ccn_basic|ccn_intermediate|cis|cis_server_l1|cis_workstation_l1|cis_workstation_l2|cui|e8|ism_o|ospp|pci-dss|stig|stig_gui,xccdf_org.ssgproject.content_rule_package_usbguard_installed,Install usbguard Package,xccdf_org.ssgproject.content_rule_package_nss-tools_installed,Ensure nss-tools is installed,medium,stig|stig_gui,2,0.9348,no
6,9,18,anssi_bp28_enhanced|anssi_bp28_high|anssi_bp28_intermediary|anssi_bp28_minimal|ccn_advanced|ccn_basic|ccn_intermediate|cis|cis_server_l1|cis_workstation_l1|cis_workstation_l2|cui|e8|ism_o|ospp|pci-dss|stig|stig_gui,xccdf_org.ssgproject.content_rule_package_usbguard_installed,Install usbguard Package,xccdf_org.ssgproject.content_rule_package_openscap-scanner_installed,Install openscap-scanner Package,medium,cui|ospp,2,0.9558,no
6,9,18,anssi_bp28_enhanced|anssi_bp28_high|anssi_bp28_intermediary|anssi_bp28_minimal|ccn_advanced|ccn_basic|ccn_intermediate|cis|cis_server_l1|cis_workstation_l1|cis_workstation_l2|cui|e8|ism_o|ospp|pci-dss|stig|stig_gui,xccdf_org.ssgproject.content_rule_package_usbguard_installed,Install usbguard Package,xccdf_org.ssgproject.content_rule_package_rear_installed,Install rear Package,medium,e8|ism_o,2,0.9619,no
6,9,18,anssi_bp28_enhanced|anssi_bp28_high|anssi_bp28_intermediary|anssi_bp28_minimal|ccn_advanced|ccn_basic|ccn_intermediate|cis|cis_server_l1|cis_workstation_l1|cis_workstation_l2|cui|e8|ism_o|ospp|pci-dss|stig|stig_gui,xccdf_org.ssgproject.content_rule_package_usbguard_installed,Install usbguard Package,xccdf_org.ssgproject.content_rule_package_rng-tools_installed,Install rng-tools Package,low,stig|stig_gui,2,0.9518,no
6,9,18,anssi_bp28_enhanced|anssi_bp28_high|anssi_bp28_intermediary|anssi_bp28_minimal|ccn_advanced|ccn_basic|ccn_intermediate|cis|cis_server_l1|cis_workstation_l1|cis_workstation_l2|cui|e8|ism_o|ospp|pci-dss|stig|stig_gui,xccdf_org.ssgproject.content_rule_package_usbguard_installed,Install usbguard Package,xccdf_org.ssgproject.content_rule_package_scap-security-guide_installed,Install scap-security-guide Package,medium,cui|ospp,2,0.9321,no
6,9,18,anssi_bp28_enhanced|anssi_bp28_high|anssi_bp28_intermediary|anssi_bp28_minimal|ccn_advanced|ccn_basic|ccn_intermediate|cis|cis_server_l1|cis_workstation_l1|cis_workstation_l2|cui|e8|ism_o|ospp|pci-dss|stig|stig_gui,xccdf_org.ssgproject.content_rule_package_usbguard_installed,Install usbguard Package,xccdf_org.ssgproject.content_rule_package_opensc_installed,Install the opensc Package For Multifactor Authentication,medium,stig|stig_gui,2,0.9568,no
6,9,18,anssi_bp28_enhanced|anssi_bp28_high|anssi_bp28_intermediary|anssi_bp28_minimal|ccn_advanced|ccn_basic|ccn_intermediate|cis|cis_server_l1|cis_workstation_l1|cis_workstation_l2|cui|e8|ism_o|ospp|pci-dss|stig|stig_gui,xccdf_org.ssgproject.content_rule_package_usbguard_installed,Install usbguard Package,xccdf_org.ssgproject.content_rule_package_pcsc-lite_installed,Install the pcsc-lite package,medium,stig|stig_gui,2,0.9461,no
6,9,18,anssi_bp28_enhanced|anssi_bp28_high|anssi_bp28_intermediary|anssi_bp28_minimal|ccn_advanced|ccn_basic|ccn_intermediate|cis|cis_server_l1|cis_workstation_l1|cis_workstation_l2|cui|e8|ism_o|ospp|pci-dss|stig|stig_gui,xccdf_org.ssgproject.content_rule_package_usbguard_installed,Install usbguard Package,xccdf_org.ssgproject.content_rule_install_smartcard_packages,Install Smart Card Packages For Multifactor Authentication,medium,stig|stig_gui,2,0.9349,no
6,9,18,anssi_bp28_enhanced|anssi_bp28_high|anssi_bp28_intermediary|anssi_bp28_minimal|ccn_advanced|ccn_basic|ccn_intermediate|cis|cis_server_l1|cis_workstation_l1|cis_workstation_l2|cui|e8|ism_o|ospp|pci-dss|stig|stig_gui,xccdf_org.ssgproject.content_rule_package_usbguard_installed,Install usbguard Package,xccdf_org.ssgproject.content_rule_package_libreswan_installed,Install libreswan Package,medium,stig|stig_gui,2,0.9329,no
6,9,18,anssi_bp28_enhanced|anssi_bp28_high|anssi_bp28_intermediary|anssi_bp28_minimal|ccn_advanced|ccn_basic|ccn_intermediate|cis|cis_server_l1|cis_workstation_l1|cis_workstation_l2|cui|e8|ism_o|ospp|pci-dss|stig|stig_gui,xccdf_org.ssgproject.content_rule_package_usbguard_installed,Install usbguard Package,xccdf_org.ssgproject.content_rule_package_policycoreutils-python-utils_installed,Install policycoreutils-python-utils package,medium,stig|stig_gui,2,0.9118,no
6,9,18,anssi_bp28_enhanced|anssi_bp28_high|anssi_bp28_intermediary|anssi_bp28_minimal|ccn_advanced|ccn_basic|ccn_intermediate|cis|cis_server_l1|cis_workstation_l1|cis_workstation_l2|cui|e8|ism_o|ospp|pci-dss|stig|stig_gui,xccdf_org.ssgproject.content_rule_package_usbguard_installed,Install usbguard Package,xccdf_org.ssgproject.content_rule_package_policycoreutils_installed,Install policycoreutils Package,low,stig|stig_gui,2,0.9547,no
6,9,18,anssi_bp28_enhanced|anssi_bp28_high|anssi_bp28_intermediary|anssi_bp28_minimal|ccn_advanced|ccn_basic|ccn_intermediate|cis|cis_server_l1|cis_workstation_l1|cis_workstation_l2|cui|e8|ism_o|ospp|pci-dss|stig|stig_gui,xccdf_org.ssgproject.content_rule_package_usbguard_installed,Install usbguard Package,xccdf_org.ssgproject.content_rule_package_s-nail_installed,The s-nail Package Is Installed,medium,stig|stig_gui,2,0.9441,no
6,9,18,anssi_bp28_enhanced|anssi_bp28_high|anssi_bp28_intermediary|anssi_bp28_minimal|ccn_advanced|ccn_basic|ccn_intermediate|cis|cis_server_l1|cis_workstation_l1|cis_workstation_l2|cui|e8|ism_o|ospp|pci-dss|stig|stig_gui,xccdf_org.ssgproject.content_rule_package_usbguard_installed,Install usbguard Package,xccdf_org.ssgproject.content_rule_package_logrotate_installed,Ensure logrotate is Installed,medium,anssi_bp28_enhanced|anssi_bp28_high|pci-dss,3,0.9251,no
6,9,18,anssi_bp28_enhanced|anssi_bp28_high|anssi_bp28_intermediary|anssi_bp28_minimal|ccn_advanced|ccn_basic|ccn_intermediate|cis|cis_server_l1|cis_workstation_l1|cis_workstation_l2|cui|e8|ism_o|ospp|pci-dss|stig|stig_gui,xccdf_org.ssgproject.content_rule_package_usbguard_installed,Install usbguard Package,xccdf_org.ssgproject.content_rule_package_sssd_installed,Install the SSSD Package,medium,anssi_bp28_enhanced|anssi_bp28_high|anssi_bp28_intermediary,3,0.9543,no
6,9,18,anssi_bp28_enhanced|anssi_bp28_high|anssi_bp28_intermediary|anssi_bp28_minimal|ccn_advanced|ccn_basic|ccn_intermediate|cis|cis_server_l1|cis_workstation_l1|cis_workstation_l2|cui|e8|ism_o|ospp|pci-dss|stig|stig_gui,xccdf_org.ssgproject.content_rule_package_usbguard_installed,Install usbguard Package,xccdf_org.ssgproject.content_rule_package_audispd-plugins_installed,Install audispd-plugins Package,medium,pci-dss|stig|stig_gui,3,0.9439,no
6,9,18,anssi_bp28_enhanced|anssi_bp28_high|anssi_bp28_intermediary|anssi_bp28_minimal|ccn_advanced|ccn_basic|ccn_intermediate|cis|cis_server_l1|cis_workstation_l1|cis_workstation_l2|cui|e8|ism_o|ospp|pci-dss|stig|stig_gui,xccdf_org.ssgproject.content_rule_package_usbguard_installed,Install usbguard Package,xccdf_org.ssgproject.content_rule_package_crypto-policies_installed,Install crypto-policies package,medium,cui|ospp|stig|stig_gui,4,0.9453,no
6,9,18,anssi_bp28_enhanced|anssi_bp28_high|anssi_bp28_intermediary|anssi_bp28_minimal|ccn_advanced|ccn_basic|ccn_intermediate|cis|cis_server_l1|cis_workstation_l1|cis_workstation_l2|cui|e8|ism_o|ospp|pci-dss|stig|stig_gui,xccdf_org.ssgproject.content_rule_package_usbguard_installed,Install usbguard Package,xccdf_org.ssgproject.content_rule_package_gnutls-utils_installed,Ensure gnutls-utils is installed,medium,cui|ospp|stig|stig_gui,4,0.9176,no
6,9,18,anssi_bp28_enhanced|anssi_bp28_high|anssi_bp28_intermediary|anssi_bp28_minimal|ccn_advanced|ccn_basic|ccn_intermediate|cis|cis_server_l1|cis_workstation_l1|cis_workstation_l2|cui|e8|ism_o|ospp|pci-dss|stig|stig_gui,xccdf_org.ssgproject.content_rule_package_usbguard_installed,Install usbguard Package,xccdf_org.ssgproject.content_rule_package_subscription-manager_installed,Install subscription-manager Package,medium,cui|ospp|stig|stig_gui,4,0.9616,no
6,9,18,anssi_bp28_enhanced|anssi_bp28_high|anssi_bp28_intermediary|anssi_bp28_minimal|ccn_advanced|ccn_basic|ccn_intermediate|cis|cis_server_l1|cis_workstation_l1|cis_workstation_l2|cui|e8|ism_o|ospp|pci-dss|stig|stig_gui,xccdf_org.ssgproject.content_rule_package_usbguard_installed,Install usbguard Package,xccdf_org.ssgproject.content_rule_package_rsyslog-gnutls_installed,Ensure rsyslog-gnutls is installed,medium,anssi_bp28_enhanced|anssi_bp28_high|stig|stig_gui,4,0.9086,no
6,9,18,anssi_bp28_enhanced|anssi_bp28_high|anssi_bp28_intermediary|anssi_bp28_minimal|ccn_advanced|ccn_basic|ccn_intermediate|cis|cis_server_l1|cis_workstation_l1|cis_workstation_l2|cui|e8|ism_o|ospp|pci-dss|stig|stig_gui,xccdf_org.ssgproject.content_rule_package_usbguard_installed,Install usbguard Package,xccdf_org.ssgproject.content_rule_package_openssh-clients_installed,Install OpenSSH client software,medium,cui|ospp|stig|stig_gui,4,0.9538,no
6,9,18,anssi_bp28_enhanced|anssi_bp28_high|anssi_bp28_intermediary|anssi_bp28_minimal|ccn_advanced|ccn_basic|ccn_intermediate|cis|cis_server_l1|cis_workstation_l1|cis_workstation_l2|cui|e8|ism_o|ospp|pci-dss|stig|stig_gui,xccdf_org.ssgproject.content_rule_package_usbguard_installed,Install usbguard Package,xccdf_org.ssgproject.content_rule_package_openssh-server_installed,Install the OpenSSH Server Package,medium,cui|ospp|stig|stig_gui,4,0.9431,no
6,9,18,anssi_bp28_enhanced|anssi_bp28_high|anssi_bp28_intermediary|anssi_bp28_minimal|ccn_advanced|ccn_basic|ccn_intermediate|cis|cis_server_l1|cis_workstation_l1|cis_workstation_l2|cui|e8|ism_o|ospp|pci-dss|stig|stig_gui,xccdf_org.ssgproject.content_rule_package_usbguard_installed,Install usbguard Package,xccdf_org.ssgproject.content_rule_package_dnf-automatic_installed,Install dnf-automatic Package,medium,anssi_bp28_enhanced|anssi_bp28_high|anssi_bp28_intermediary|anssi_bp28_minimal|cui|ospp,6,0.9435,no
6,9,18,anssi_bp28_enhanced|anssi_bp28_high|anssi_bp28_intermediary|anssi_bp28_minimal|ccn_advanced|ccn_basic|ccn_intermediate|cis|cis_server_l1|cis_workstation_l1|cis_workstation_l2|cui|e8|ism_o|ospp|pci-dss|stig|stig_gui,xccdf_org.ssgproject.content_rule_package_usbguard_installed,Install usbguard Package,xccdf_org.ssgproject.content_rule_package_fapolicyd_installed,Install fapolicyd Package,medium,cui|e8|ism_o|ospp|stig|stig_gui,6,0.9481,no
6,9,18,anssi_bp28_enhanced|anssi_bp28_high|anssi_bp28_intermediary|anssi_bp28_minimal|ccn_advanced|ccn_basic|ccn_intermediate|cis|cis_server_l1|cis_workstation_l1|cis_workstation_l2|cui|e8|ism_o|ospp|pci-dss|stig|stig_gui,xccdf_org.ssgproject.content_rule_package_usbguard_installed,Install usbguard Package,xccdf_org.ssgproject.content_rule_package_libselinux_installed,Install libselinux Package,high,ccn_advanced|ccn_intermediate|cis|cis_server_l1|cis_workstation_l1|cis_workstation_l2|pci-dss,7,0.9516,no
6,9,18,anssi_bp28_enhanced|anssi_bp28_high|anssi_bp28_intermediary|anssi_bp28_minimal|ccn_advanced|ccn_basic|ccn_intermediate|cis|cis_server_l1|cis_workstation_l1|cis_workstation_l2|cui|e8|ism_o|ospp|pci-dss|stig|stig_gui,xccdf_org.ssgproject.content_rule_package_usbguard_installed,Install usbguard Package,xccdf_org.ssgproject.content_rule_package_rsyslog_installed,Ensure rsyslog is Installed,medium,cis|cis_server_l1|cis_workstation_l1|cis_workstation_l2|e8|ism_o|stig|stig_gui,8,0.9279,no
6,9,18,anssi_bp28_enhanced|anssi_bp28_high|anssi_bp28_intermediary|anssi_bp28_minimal|ccn_advanced|ccn_basic|ccn_intermediate|cis|cis_server_l1|cis_workstation_l1|cis_workstation_l2|cui|e8|ism_o|ospp|pci-dss|stig|stig_gui,xccdf_org.ssgproject.content_rule_package_usbguard_installed,Install usbguard Package,xccdf_org.ssgproject.content_rule_service_rsyslog_enabled,Enable rsyslog Service,medium,cis|cis_server_l1|cis_workstation_l1|cis_workstation_l2|e8|ism_o|stig|stig_gui,8,0.9085,no
6,9,18,anssi_bp28_enhanced|anssi_bp28_high|anssi_bp28_intermediary|anssi_bp28_minimal|ccn_advanced|ccn_basic|ccn_intermediate|cis|cis_server_l1|cis_workstation_l1|cis_workstation_l2|cui|e8|ism_o|ospp|pci-dss|stig|stig_gui,xccdf_org.ssgproject.content_rule_package_usbguard_installed,Install usbguard Package,xccdf_org.ssgproject.content_rule_package_usbguard_installed,Install usbguard Package,medium,ccn_advanced|ccn_basic|ccn_intermediate|cui|ism_o|ospp|stig|stig_gui,8,1.0,yes
6,9,18,anssi_bp28_enhanced|anssi_bp28_high|anssi_bp28_intermediary|anssi_bp28_minimal|ccn_advanced|ccn_basic|ccn_intermediate|cis|cis_server_l1|cis_workstation_l1|cis_workstation_l2|cui|e8|ism_o|ospp|pci-dss|stig|stig_gui,xccdf_org.ssgproject.content_rule_package_usbguard_installed,Install usbguard Package,xccdf_org.ssgproject.content_rule_package_aide_installed,Install AIDE,medium,anssi_bp28_enhanced|anssi_bp28_high|anssi_bp28_intermediary|cis|cis_server_l1|cis_workstation_l1|cis_workstation_l2|ism_o|pci-dss|stig|stig_gui,11,0.9573,no
6,9,18,anssi_bp28_enhanced|anssi_bp28_high|anssi_bp28_intermediary|anssi_bp28_minimal|ccn_advanced|ccn_basic|ccn_intermediate|cis|cis_server_l1|cis_workstation_l1|cis_workstation_l2|cui|e8|ism_o|ospp|pci-dss|stig|stig_gui,xccdf_org.ssgproject.content_rule_package_usbguard_installed,Install usbguard Package,xccdf_org.ssgproject.content_rule_package_firewalld_installed,Install firewalld Package,medium,cis|cis_server_l1|cis_workstation_l1|cis_workstation_l2|cui|e8|ism_o|ospp|pci-dss|stig|stig_gui,11,0.9724,no
6,9,18,anssi_bp28_enhanced|anssi_bp28_high|anssi_bp28_intermediary|anssi_bp28_minimal|ccn_advanced|ccn_basic|ccn_intermediate|cis|cis_server_l1|cis_workstation_l1|cis_workstation_l2|cui|e8|ism_o|ospp|pci-dss|stig|stig_gui,xccdf_org.ssgproject.content_rule_package_usbguard_installed,Install usbguard Package,xccdf_org.ssgproject.content_rule_package_sudo_installed,Install sudo Package,medium,anssi_bp28_enhanced|anssi_bp28_high|anssi_bp28_intermediary|cis|cis_server_l1|cis_workstation_l1|cis_workstation_l2|cui|ism_o|ospp|pci-dss|stig|stig_gui,13,0.9582,no
7,12,18,anssi_bp28_enhanced|anssi_bp28_high|anssi_bp28_intermediary|ccn_advanced|ccn_basic|ccn_intermediate|cis|cis_server_l1|cis_workstation_l1|cis_workstation_l2|cui|e8|hipaa|ism_o|ospp|pci-dss|stig|stig_gui,xccdf_org.ssgproject.content_rule_sysctl_kernel_core_uses_pid,Configure file name of core dumps,xccdf_org.ssgproject.content_rule_sebool_container_connect_any,Disable the container_connect_any SELinux Boolean,medium,,0,0.9064,no
7,12,18,anssi_bp28_enhanced|anssi_bp28_high|anssi_bp28_intermediary|ccn_advanced|ccn_basic|ccn_intermediate|cis|cis_server_l1|cis_workstation_l1|cis_workstation_l2|cui|e8|hipaa|ism_o|ospp|pci-dss|stig|stig_gui,xccdf_org.ssgproject.content_rule_sysctl_kernel_core_uses_pid,Configure file name of core dumps,xccdf_org.ssgproject.content_rule_sebool_haproxy_connect_any,Disable the haproxy_connect_any SELinux Boolean,medium,,0,0.8923,no
7,12,18,anssi_bp28_enhanced|anssi_bp28_high|anssi_bp28_intermediary|ccn_advanced|ccn_basic|ccn_intermediate|cis|cis_server_l1|cis_workstation_l1|cis_workstation_l2|cui|e8|hipaa|ism_o|ospp|pci-dss|stig|stig_gui,xccdf_org.ssgproject.content_rule_sysctl_kernel_core_uses_pid,Configure file name of core dumps,xccdf_org.ssgproject.content_rule_sebool_lsmd_plugin_connect_any,Disable the lsmd_plugin_connect_any SELinux Boolean,medium,,0,0.8946,no
7,12,18,anssi_bp28_enhanced|anssi_bp28_high|anssi_bp28_intermediary|ccn_advanced|ccn_basic|ccn_intermediate|cis|cis_server_l1|cis_workstation_l1|cis_workstation_l2|cui|e8|hipaa|ism_o|ospp|pci-dss|stig|stig_gui,xccdf_org.ssgproject.content_rule_sysctl_kernel_core_uses_pid,Configure file name of core dumps,xccdf_org.ssgproject.content_rule_sebool_mysql_connect_any,Disable the mysql_connect_any SELinux Boolean,medium,,0,0.8954,no
7,12,18,anssi_bp28_enhanced|anssi_bp28_high|anssi_bp28_intermediary|ccn_advanced|ccn_basic|ccn_intermediate|cis|cis_server_l1|cis_workstation_l1|cis_workstation_l2|cui|e8|hipaa|ism_o|ospp|pci-dss|stig|stig_gui,xccdf_org.ssgproject.content_rule_sysctl_kernel_core_uses_pid,Configure file name of core dumps,xccdf_org.ssgproject.content_rule_sebool_privoxy_connect_any,Disable the privoxy_connect_any SELinux Boolean,medium,,0,0.8958,no
7,12,18,anssi_bp28_enhanced|anssi_bp28_high|anssi_bp28_intermediary|ccn_advanced|ccn_basic|ccn_intermediate|cis|cis_server_l1|cis_workstation_l1|cis_workstation_l2|cui|e8|hipaa|ism_o|ospp|pci-dss|stig|stig_gui,xccdf_org.ssgproject.content_rule_sysctl_kernel_core_uses_pid,Configure file name of core dumps,xccdf_org.ssgproject.content_rule_sebool_squid_connect_any,Disable the squid_connect_any SELinux Boolean,medium,,0,0.8993,no
7,12,18,anssi_bp28_enhanced|anssi_bp28_high|anssi_bp28_intermediary|ccn_advanced|ccn_basic|ccn_intermediate|cis|cis_server_l1|cis_workstation_l1|cis_workstation_l2|cui|e8|hipaa|ism_o|ospp|pci-dss|stig|stig_gui,xccdf_org.ssgproject.content_rule_sysctl_kernel_core_uses_pid,Configure file name of core dumps,xccdf_org.ssgproject.content_rule_sebool_varnishd_connect_any,Disable the varnishd_connect_any SELinux Boolean,medium,,0,0.8908,no
7,12,18,anssi_bp28_enhanced|anssi_bp28_high|anssi_bp28_intermediary|ccn_advanced|ccn_basic|ccn_intermediate|cis|cis_server_l1|cis_workstation_l1|cis_workstation_l2|cui|e8|hipaa|ism_o|ospp|pci-dss|stig|stig_gui,xccdf_org.ssgproject.content_rule_sysctl_kernel_core_uses_pid,Configure file name of core dumps,xccdf_org.ssgproject.content_rule_sysctl_kernel_core_pattern_empty_string,Disable storing core dumps,medium,cui|ospp,2,0.9748,no
7,12,18,anssi_bp28_enhanced|anssi_bp28_high|anssi_bp28_intermediary|ccn_advanced|ccn_basic|ccn_intermediate|cis|cis_server_l1|cis_workstation_l1|cis_workstation_l2|cui|e8|hipaa|ism_o|ospp|pci-dss|stig|stig_gui,xccdf_org.ssgproject.content_rule_sysctl_kernel_core_uses_pid,Configure file name of core dumps,xccdf_org.ssgproject.content_rule_sysctl_kernel_core_uses_pid,Configure file name of core dumps,medium,cui|ospp,2,1.0,yes
7,12,18,anssi_bp28_enhanced|anssi_bp28_high|anssi_bp28_intermediary|ccn_advanced|ccn_basic|ccn_intermediate|cis|cis_server_l1|cis_workstation_l1|cis_workstation_l2|cui|e8|hipaa|ism_o|ospp|pci-dss|stig|stig_gui,xccdf_org.ssgproject.content_rule_sysctl_kernel_core_uses_pid,Configure file name of core dumps,xccdf_org.ssgproject.content_rule_sysctl_kernel_modules_disabled,Disable loading and unloading of kernel modules,medium,anssi_bp28_enhanced|anssi_bp28_high,2,0.9809,no
7,12,18,anssi_bp28_enhanced|anssi_bp28_high|anssi_bp28_intermediary|ccn_advanced|ccn_basic|ccn_intermediate|cis|cis_server_l1|cis_workstation_l1|cis_workstation_l2|cui|e8|hipaa|ism_o|ospp|pci-dss|stig|stig_gui,xccdf_org.ssgproject.content_rule_sysctl_kernel_core_uses_pid,Configure file name of core dumps,xccdf_org.ssgproject.content_rule_sysctl_kernel_unprivileged_bpf_disabled_accept_default,Disable Access to Network bpf() Syscall From Unprivileged Processes,medium,cui|ospp,2,0.9113,no
7,12,18,anssi_bp28_enhanced|anssi_bp28_high|anssi_bp28_intermediary|ccn_advanced|ccn_basic|ccn_intermediate|cis|cis_server_l1|cis_workstation_l1|cis_workstation_l2|cui|e8|hipaa|ism_o|ospp|pci-dss|stig|stig_gui,xccdf_org.ssgproject.content_rule_sysctl_kernel_core_uses_pid,Configure file name of core dumps,xccdf_org.ssgproject.content_rule_sysctl_fs_protected_fifos,Enable Kernel Parameter to Enforce DAC on FIFOs,medium,anssi_bp28_enhanced|anssi_bp28_high|anssi_bp28_intermediary,3,0.9719,no
7,12,18,anssi_bp28_enhanced|anssi_bp28_high|anssi_bp28_intermediary|ccn_advanced|ccn_basic|ccn_intermediate|cis|cis_server_l1|cis_workstation_l1|cis_workstation_l2|cui|e8|hipaa|ism_o|ospp|pci-dss|stig|stig_gui,xccdf_org.ssgproject.content_rule_sysctl_kernel_core_uses_pid,Configure file name of core dumps,xccdf_org.ssgproject.content_rule_sysctl_fs_protected_regular,Enable Kernel Parameter to Enforce DAC on Regular files,medium,anssi_bp28_enhanced|anssi_bp28_high|anssi_bp28_intermediary,3,0.9749,no
7,12,18,anssi_bp28_enhanced|anssi_bp28_high|anssi_bp28_intermediary|ccn_advanced|ccn_basic|ccn_intermediate|cis|cis_server_l1|cis_workstation_l1|cis_workstation_l2|cui|e8|hipaa|ism_o|ospp|pci-dss|stig|stig_gui,xccdf_org.ssgproject.content_rule_sysctl_kernel_core_uses_pid,Configure file name of core dumps,xccdf_org.ssgproject.content_rule_sysctl_kernel_core_pattern,Disable storing core dumps,medium,pci-dss|stig|stig_gui,3,0.9799,no
7,12,18,anssi_bp28_enhanced|anssi_bp28_high|anssi_bp28_intermediary|ccn_advanced|ccn_basic|ccn_intermediate|cis|cis_server_l1|cis_workstation_l1|cis_workstation_l2|cui|e8|hipaa|ism_o|ospp|pci-dss|stig|stig_gui,xccdf_org.ssgproject.content_rule_sysctl_kernel_core_uses_pid,Configure file name of core dumps,xccdf_org.ssgproject.content_rule_sysctl_kernel_panic_on_oops,Kernel panic on oops,medium,anssi_bp28_enhanced|anssi_bp28_high|anssi_bp28_intermediary,3,0.9689,no
7,12,18,anssi_bp28_enhanced|anssi_bp28_high|anssi_bp28_intermediary|ccn_advanced|ccn_basic|ccn_intermediate|cis|cis_server_l1|cis_workstation_l1|cis_workstation_l2|cui|e8|hipaa|ism_o|ospp|pci-dss|stig|stig_gui,xccdf_org.ssgproject.content_rule_sysctl_kernel_core_uses_pid,Configure file name of core dumps,xccdf_org.ssgproject.content_rule_sysctl_kernel_perf_cpu_time_max_percent,Limit CPU consumption of the Perf system,medium,anssi_bp28_enhanced|anssi_bp28_high|anssi_bp28_intermediary,3,0.9678,no
7,12,18,anssi_bp28_enhanced|anssi_bp28_high|anssi_bp28_intermediary|ccn_advanced|ccn_basic|ccn_intermediate|cis|cis_server_l1|cis_workstation_l1|cis_workstation_l2|cui|e8|hipaa|ism_o|ospp|pci-dss|stig|stig_gui,xccdf_org.ssgproject.content_rule_sysctl_kernel_core_uses_pid,Configure file name of core dumps,xccdf_org.ssgproject.content_rule_sysctl_kernel_perf_event_max_sample_rate,Limit sampling frequency of the Perf system,medium,anssi_bp28_enhanced|anssi_bp28_high|anssi_bp28_intermediary,3,0.966,no
7,12,18,anssi_bp28_enhanced|anssi_bp28_high|anssi_bp28_intermediary|ccn_advanced|ccn_basic|ccn_intermediate|cis|cis_server_l1|cis_workstation_l1|cis_workstation_l2|cui|e8|hipaa|ism_o|ospp|pci-dss|stig|stig_gui,xccdf_org.ssgproject.content_rule_sysctl_kernel_core_uses_pid,Configure file name of core dumps,xccdf_org.ssgproject.content_rule_sysctl_kernel_pid_max,Configure maximum number of process identifiers,medium,anssi_bp28_enhanced|anssi_bp28_high|anssi_bp28_intermediary,3,0.9834,no
7,12,18,anssi_bp28_enhanced|anssi_bp28_high|anssi_bp28_intermediary|ccn_advanced|ccn_basic|ccn_intermediate|cis|cis_server_l1|cis_workstation_l1|cis_workstation_l2|cui|e8|hipaa|ism_o|ospp|pci-dss|stig|stig_gui,xccdf_org.ssgproject.content_rule_sysctl_kernel_core_uses_pid,Configure file name of core dumps,xccdf_org.ssgproject.content_rule_sysctl_kernel_sysrq,Disallow magic SysRq key,medium,anssi_bp28_enhanced|anssi_bp28_high|anssi_bp28_intermediary,3,0.9721,no
7,12,18,anssi_bp28_enhanced|anssi_bp28_high|anssi_bp28_intermediary|ccn_advanced|ccn_basic|ccn_intermediate|cis|cis_server_l1|cis_workstation_l1|cis_workstation_l2|cui|e8|hipaa|ism_o|ospp|pci-dss|stig|stig_gui,xccdf_org.ssgproject.content_rule_sysctl_kernel_core_uses_pid,Configure file name of core dumps,xccdf_org.ssgproject.content_rule_sysctl_user_max_user_namespaces,Disable the use of user namespaces,medium,cui|ospp|stig,3,0.9711,no
7,12,18,anssi_bp28_enhanced|anssi_bp28_high|anssi_bp28_intermediary|ccn_advanced|ccn_basic|ccn_intermediate|cis|cis_server_l1|cis_workstation_l1|cis_workstation_l2|cui|e8|hipaa|ism_o|ospp|pci-dss|stig|stig_gui,xccdf_org.ssgproject.content_rule_sysctl_kernel_core_uses_pid,Configure file name of core dumps,xccdf_org.ssgproject.content_rule_sysctl_vm_mmap_min_addr,Prevent applications from mapping low portion of virtual memory,medium,anssi_bp28_enhanced|anssi_bp28_high|anssi_bp28_intermediary,3,0.9654,no
7,12,18,anssi_bp28_enhanced|anssi_bp28_high|anssi_bp28_intermediary|ccn_advanced|ccn_basic|ccn_intermediate|cis|cis_server_l1|cis_workstation_l1|cis_workstation_l2|cui|e8|hipaa|ism_o|ospp|pci-dss|stig|stig_gui,xccdf_org.ssgproject.content_rule_sysctl_kernel_core_uses_pid,Configure file name of core dumps,xccdf_org.ssgproject.content_rule_sysctl_fs_protected_hardlinks,Enable Kernel Parameter to Enforce DAC on Hardlinks,medium,anssi_bp28_enhanced|anssi_bp28_high|anssi_bp28_intermediary|stig|stig_gui,5,0.9732,no
7,12,18,anssi_bp28_enhanced|anssi_bp28_high|anssi_bp28_intermediary|ccn_advanced|ccn_basic|ccn_intermediate|cis|cis_server_l1|cis_workstation_l1|cis_workstation_l2|cui|e8|hipaa|ism_o|ospp|pci-dss|stig|stig_gui,xccdf_org.ssgproject.content_rule_sysctl_kernel_core_uses_pid,Configure file name of core dumps,xccdf_org.ssgproject.content_rule_sysctl_fs_protected_symlinks,Enable Kernel Parameter to Enforce DAC on Symlinks,medium,anssi_bp28_enhanced|anssi_bp28_high|anssi_bp28_intermediary|stig|stig_gui,5,0.9706,no
7,12,18,anssi_bp28_enhanced|anssi_bp28_high|anssi_bp28_intermediary|ccn_advanced|ccn_basic|ccn_intermediate|cis|cis_server_l1|cis_workstation_l1|cis_workstation_l2|cui|e8|hipaa|ism_o|ospp|pci-dss|stig|stig_gui,xccdf_org.ssgproject.content_rule_sysctl_kernel_core_uses_pid,Configure file name of core dumps,xccdf_org.ssgproject.content_rule_sysctl_kernel_kexec_load_disabled,Disable Kernel Image Loading,medium,cui|e8|ism_o|ospp|stig|stig_gui,6,0.9783,no
7,12,18,anssi_bp28_enhanced|anssi_bp28_high|anssi_bp28_intermediary|ccn_advanced|ccn_basic|ccn_intermediate|cis|cis_server_l1|cis_workstation_l1|cis_workstation_l2|cui|e8|hipaa|ism_o|ospp|pci-dss|stig|stig_gui,xccdf_org.ssgproject.content_rule_sysctl_kernel_core_uses_pid,Configure file name of core dumps,xccdf_org.ssgproject.content_rule_sysctl_kernel_perf_event_paranoid,Disallow kernel profiling by unprivileged users,low,anssi_bp28_enhanced|anssi_bp28_high|anssi_bp28_intermediary|cui|ospp|stig|stig_gui,7,0.9759,no
7,12,18,anssi_bp28_enhanced|anssi_bp28_high|anssi_bp28_intermediary|ccn_advanced|ccn_basic|ccn_intermediate|cis|cis_server_l1|cis_workstation_l1|cis_workstation_l2|cui|e8|hipaa|ism_o|ospp|pci-dss|stig|stig_gui,xccdf_org.ssgproject.content_rule_sysctl_kernel_core_uses_pid,Configure file name of core dumps,xccdf_org.ssgproject.content_rule_sysctl_kernel_unprivileged_bpf_disabled,Disable Access to Network bpf() Syscall From Unprivileged Processes,medium,anssi_bp28_enhanced|anssi_bp28_high|anssi_bp28_intermediary|e8|ism_o|stig|stig_gui,7,0.9572,no
7,12,18,anssi_bp28_enhanced|anssi_bp28_high|anssi_bp28_intermediary|ccn_advanced|ccn_basic|ccn_intermediate|cis|cis_server_l1|cis_workstation_l1|cis_workstation_l2|cui|e8|hipaa|ism_o|ospp|pci-dss|stig|stig_gui,xccdf_org.ssgproject.content_rule_sysctl_kernel_core_uses_pid,Configure file name of core dumps,xccdf_org.ssgproject.content_rule_sysctl_net_core_bpf_jit_harden,Harden the operation of the BPF just-in-time compiler,medium,anssi_bp28_enhanced|anssi_bp28_high|anssi_bp28_intermediary|e8|ism_o|stig|stig_gui,7,0.9637,no
7,12,18,anssi_bp28_enhanced|anssi_bp28_high|anssi_bp28_intermediary|ccn_advanced|ccn_basic|ccn_intermediate|cis|cis_server_l1|cis_workstation_l1|cis_workstation_l2|cui|e8|hipaa|ism_o|ospp|pci-dss|stig|stig_gui,xccdf_org.ssgproject.content_rule_sysctl_kernel_core_uses_pid,Configure file name of core dumps,xccdf_org.ssgproject.content_rule_sysctl_fs_suid_dumpable,Disable Core Dumps for SUID programs,medium,anssi_bp28_enhanced|anssi_bp28_high|anssi_bp28_intermediary|ccn_advanced|ccn_basic|ccn_intermediate|hipaa|pci-dss,8,0.9796,no
7,12,18,anssi_bp28_enhanced|anssi_bp28_high|anssi_bp28_intermediary|ccn_advanced|ccn_basic|ccn_intermediate|cis|cis_server_l1|cis_workstation_l1|cis_workstation_l2|cui|e8|hipaa|ism_o|ospp|pci-dss|stig|stig_gui,xccdf_org.ssgproject.content_rule_sysctl_kernel_core_uses_pid,Configure file name of core dumps,xccdf_org.ssgproject.content_rule_sysctl_kernel_yama_ptrace_scope,Restrict usage of ptrace to descendant processes,medium,anssi_bp28_enhanced|anssi_bp28_high|anssi_bp28_intermediary|cui|e8|ism_o|ospp|stig|stig_gui,9,0.9726,no
7,12,18,anssi_bp28_enhanced|anssi_bp28_high|anssi_bp28_intermediary|ccn_advanced|ccn_basic|ccn_intermediate|cis|cis_server_l1|cis_workstation_l1|cis_workstation_l2|cui|e8|hipaa|ism_o|ospp|pci-dss|stig|stig_gui,xccdf_org.ssgproject.content_rule_sysctl_kernel_core_uses_pid,Configure file name of core dumps,xccdf_org.ssgproject.content_rule_sysctl_kernel_kptr_restrict,Restrict Exposed Kernel Pointer Addresses Access,medium,anssi_bp28_enhanced|anssi_bp28_high|anssi_bp28_intermediary|cui|e8|ism_o|ospp|stig|stig_gui,9,0.9701,no
7,12,18,anssi_bp28_enhanced|anssi_bp28_high|anssi_bp28_intermediary|ccn_advanced|ccn_basic|ccn_intermediate|cis|cis_server_l1|cis_workstation_l1|cis_workstation_l2|cui|e8|hipaa|ism_o|ospp|pci-dss|stig|stig_gui,xccdf_org.ssgproject.content_rule_sysctl_kernel_core_uses_pid,Configure file name of core dumps,xccdf_org.ssgproject.content_rule_sysctl_kernel_dmesg_restrict,Restrict Access to Kernel Message Buffer,low,anssi_bp28_enhanced|anssi_bp28_high|anssi_bp28_intermediary|cui|e8|hipaa|ism_o|ospp|stig|stig_gui,10,0.9791,no
7,12,18,anssi_bp28_enhanced|anssi_bp28_high|anssi_bp28_intermediary|ccn_advanced|ccn_basic|ccn_intermediate|cis|cis_server_l1|cis_workstation_l1|cis_workstation_l2|cui|e8|hipaa|ism_o|ospp|pci-dss|stig|stig_gui,xccdf_org.ssgproject.content_rule_sysctl_kernel_core_uses_pid,Configure file name of core dumps,xccdf_org.ssgproject.content_rule_sysctl_kernel_randomize_va_space,Enable Randomized Layout of Virtual Address Space,medium,anssi_bp28_enhanced|anssi_bp28_high|anssi_bp28_intermediary|cis|cis_server_l1|cis_workstation_l1|cis_workstation_l2|e8|hipaa|ism_o|pci-dss|stig|stig_gui,13,0.9729,no
8,15,18,anssi_bp28_enhanced|anssi_bp28_high|anssi_bp28_intermediary|anssi_bp28_minimal|ccn_advanced|ccn_intermediate|cis|cis_server_l1|cis_workstation_l1|cis_workstation_l2|cui|e8|hipaa|ism_o|ospp|pci-dss|stig|stig_gui,xccdf_org.ssgproject.content_rule_grub2_nosmap_argument_absent,Ensure SMAP is not disabled during boot,xccdf_org.ssgproject.content_rule_etc_system_fips_exists,Ensure '/etc/system-fips' exists,high,,0,0.9216,no
8,15,18,anssi_bp28_enhanced|anssi_bp28_high|anssi_bp28_intermediary|anssi_bp28_minimal|ccn_advanced|ccn_intermediate|cis|cis_server_l1|cis_workstation_l1|cis_workstation_l2|cui|e8|hipaa|ism_o|ospp|pci-dss|stig|stig_gui,xccdf_org.ssgproject.content_rule_grub2_nosmap_argument_absent,Ensure SMAP is not disabled during boot,xccdf_org.ssgproject.content_rule_zipl_page_poison_argument,Enable page allocator poisoning in zIPL,medium,,0,0.9189,no
8,15,18,anssi_bp28_enhanced|anssi_bp28_high|anssi_bp28_intermediary|anssi_bp28_minimal|ccn_advanced|ccn_intermediate|cis|cis_server_l1|cis_workstation_l1|cis_workstation_l2|cui|e8|hipaa|ism_o|ospp|pci-dss|stig|stig_gui,xccdf_org.ssgproject.content_rule_grub2_nosmap_argument_absent,Ensure SMAP is not disabled during boot,xccdf_org.ssgproject.content_rule_zipl_slub_debug_argument,Enable SLUB/SLAB allocator poisoning in zIPL,medium,,0,0.9129,no
8,15,18,anssi_bp28_enhanced|anssi_bp28_high|anssi_bp28_intermediary|anssi_bp28_minimal|ccn_advanced|ccn_intermediate|cis|cis_server_l1|cis_workstation_l1|cis_workstation_l2|cui|e8|hipaa|ism_o|ospp|pci-dss|stig|stig_gui,xccdf_org.ssgproject.content_rule_grub2_nosmap_argument_absent,Ensure SMAP is not disabled during boot,xccdf_org.ssgproject.content_rule_zipl_vsyscall_argument,Disable vsyscalls in zIPL,medium,,0,0.9241,no
8,15,18,anssi_bp28_enhanced|anssi_bp28_high|anssi_bp28_intermediary|anssi_bp28_minimal|ccn_advanced|ccn_intermediate|cis|cis_server_l1|cis_workstation_l1|cis_workstation_l2|cui|e8|hipaa|ism_o|ospp|pci-dss|stig|stig_gui,xccdf_org.ssgproject.content_rule_grub2_nosmap_argument_absent,Ensure SMAP is not disabled during boot,xccdf_org.ssgproject.content_rule_zipl_enable_selinux,Ensure SELinux Not Disabled in zIPL,medium,,0,0.9294,no
8,15,18,anssi_bp28_enhanced|anssi_bp28_high|anssi_bp28_intermediary|anssi_bp28_minimal|ccn_advanced|ccn_intermediate|cis|cis_server_l1|cis_workstation_l1|cis_workstation_l2|cui|e8|hipaa|ism_o|ospp|pci-dss|stig|stig_gui,xccdf_org.ssgproject.content_rule_grub2_nosmap_argument_absent,Ensure SMAP is not disabled during boot,xccdf_org.ssgproject.content_rule_coreos_enable_selinux_kernel_argument,Ensure SELinux Not Disabled in the kernel arguments,medium,,0,0.9305,no
8,15,18,anssi_bp28_enhanced|anssi_bp28_high|anssi_bp28_intermediary|anssi_bp28_minimal|ccn_advanced|ccn_intermediate|cis|cis_server_l1|cis_workstation_l1|cis_workstation_l2|cui|e8|hipaa|ism_o|ospp|pci-dss|stig|stig_gui,xccdf_org.ssgproject.content_rule_grub2_nosmap_argument_absent,Ensure SMAP is not disabled during boot,xccdf_org.ssgproject.content_rule_sysctl_crypto_fips_enabled,Set kernel parameter 'crypto.fips_enabled' to 1,high,stig|stig_gui,2,0.934,no
8,15,18,anssi_bp28_enhanced|anssi_bp28_high|anssi_bp28_intermediary|anssi_bp28_minimal|ccn_advanced|ccn_intermediate|cis|cis_server_l1|cis_workstation_l1|cis_workstation_l2|cui|e8|hipaa|ism_o|ospp|pci-dss|stig|stig_gui,xccdf_org.ssgproject.content_rule_grub2_nosmap_argument_absent,Ensure SMAP is not disabled during boot,xccdf_org.ssgproject.content_rule_clean_components_post_updating,Ensure dnf Removes Previous Package Versions,low,stig|stig_gui,2,0.902,no
8,15,18,anssi_bp28_enhanced|anssi_bp28_high|anssi_bp28_intermediary|anssi_bp28_minimal|ccn_advanced|ccn_intermediate|cis|cis_server_l1|cis_workstation_l1|cis_workstation_l2|cui|e8|hipaa|ism_o|ospp|pci-dss|stig|stig_gui,xccdf_org.ssgproject.content_rule_grub2_nosmap_argument_absent,Ensure SMAP is not disabled during boot,xccdf_org.ssgproject.content_rule_grub2_disable_recovery,Disable Recovery Booting,medium,cui|ospp,2,0.9606,no
8,15,18,anssi_bp28_enhanced|anssi_bp28_high|anssi_bp28_intermediary|anssi_bp28_minimal|ccn_advanced|ccn_intermediate|cis|cis_server_l1|cis_workstation_l1|cis_workstation_l2|cui|e8|hipaa|ism_o|ospp|pci-dss|stig|stig_gui,xccdf_org.ssgproject.content_rule_grub2_nosmap_argument_absent,Ensure SMAP is not disabled during boot,xccdf_org.ssgproject.content_rule_grub2_nosmap_argument_absent,Ensure SMAP is not disabled during boot,medium,anssi_bp28_enhanced|anssi_bp28_high,2,1.0,yes
8,15,18,anssi_bp28_enhanced|anssi_bp28_high|anssi_bp28_intermediary|anssi_bp28_minimal|ccn_advanced|ccn_intermediate|cis|cis_server_l1|cis_workstation_l1|cis_workstation_l2|cui|e8|hipaa|ism_o|ospp|pci-dss|stig|stig_gui,xccdf_org.ssgproject.content_rule_grub2_nosmap_argument_absent,Ensure SMAP is not disabled during boot,xccdf_org.ssgproject.content_rule_grub2_nosmep_argument_absent,Ensure SMEP is not disabled during boot,medium,anssi_bp28_enhanced|anssi_bp28_high,2,0.9952,no
8,15,18,anssi_bp28_enhanced|anssi_bp28_high|anssi_bp28_intermediary|anssi_bp28_minimal|ccn_advanced|ccn_intermediate|cis|cis_server_l1|cis_workstation_l1|cis_workstation_l2|cui|e8|hipaa|ism_o|ospp|pci-dss|stig|stig_gui,xccdf_org.ssgproject.content_rule_grub2_nosmap_argument_absent,Ensure SMAP is not disabled during boot,xccdf_org.ssgproject.content_rule_grub2_systemd_debug-shell_argument_absent,Ensure debug-shell service is not enabled during boot,medium,cui|ospp,2,0.9604,no
8,15,18,anssi_bp28_enhanced|anssi_bp28_high|anssi_bp28_intermediary|anssi_bp28_minimal|ccn_advanced|ccn_intermediate|cis|cis_server_l1|cis_workstation_l1|cis_workstation_l2|cui|e8|hipaa|ism_o|ospp|pci-dss|stig|stig_gui,xccdf_org.ssgproject.content_rule_grub2_nosmap_argument_absent,Ensure SMAP is not disabled during boot,xccdf_org.ssgproject.content_rule_zipl_audit_argument,Enable Auditing to Start Prior to the Audit Daemon in zIPL,medium,cui|ospp,2,0.9287,no
8,15,18,anssi_bp28_enhanced|anssi_bp28_high|anssi_bp28_intermediary|anssi_bp28_minimal|ccn_advanced|ccn_intermediate|cis|cis_server_l1|cis_workstation_l1|cis_workstation_l2|cui|e8|hipaa|ism_o|ospp|pci-dss|stig|stig_gui,xccdf_org.ssgproject.content_rule_grub2_nosmap_argument_absent,Ensure SMAP is not disabled during boot,xccdf_org.ssgproject.content_rule_zipl_audit_backlog_limit_argument,Extend Audit Backlog Limit for the Audit Daemon in zIPL,medium,cui|ospp,2,0.922,no
8,15,18,anssi_bp28_enhanced|anssi_bp28_high|anssi_bp28_intermediary|anssi_bp28_minimal|ccn_advanced|ccn_intermediate|cis|cis_server_l1|cis_workstation_l1|cis_workstation_l2|cui|e8|hipaa|ism_o|ospp|pci-dss|stig|stig_gui,xccdf_org.ssgproject.content_rule_grub2_nosmap_argument_absent,Ensure SMAP is not disabled during boot,xccdf_org.ssgproject.content_rule_zipl_init_on_alloc_argument,Configure kernel to zero out memory before allocation in zIPL,medium,cui|ospp,2,0.9266,no
8,15,18,anssi_bp28_enhanced|anssi_bp28_high|anssi_bp28_intermediary|anssi_bp28_minimal|ccn_advanced|ccn_intermediate|cis|cis_server_l1|cis_workstation_l1|cis_workstation_l2|cui|e8|hipaa|ism_o|ospp|pci-dss|stig|stig_gui,xccdf_org.ssgproject.content_rule_grub2_nosmap_argument_absent,Ensure SMAP is not disabled during boot,xccdf_org.ssgproject.content_rule_zipl_page_alloc_shuffle_argument,Enable randomization of the page allocator in zIPL,medium,cui|ospp,2,0.9255,no
8,15,18,anssi_bp28_enhanced|anssi_bp28_high|anssi_bp28_intermediary|anssi_bp28_minimal|ccn_advanced|ccn_intermediate|cis|cis_server_l1|cis_workstation_l1|cis_workstation_l2|cui|e8|hipaa|ism_o|ospp|pci-dss|stig|stig_gui,xccdf_org.ssgproject.content_rule_grub2_nosmap_argument_absent,Ensure SMAP is not disabled during boot,xccdf_org.ssgproject.content_rule_zipl_systemd_debug-shell_argument_absent,Ensure debug-shell service is not enabled in zIPL,medium,cui|ospp,2,0.9519,no
8,15,18,anssi_bp28_enhanced|anssi_bp28_high|anssi_bp28_intermediary|anssi_bp28_minimal|ccn_advanced|ccn_intermediate|cis|cis_server_l1|cis_workstation_l1|cis_workstation_l2|cui|e8|hipaa|ism_o|ospp|pci-dss|stig|stig_gui,xccdf_org.ssgproject.content_rule_grub2_nosmap_argument_absent,Ensure SMAP is not disabled during boot,xccdf_org.ssgproject.content_rule_zipl_bls_entries_only,Ensure all zIPL boot entries are BLS compliant,medium,cui|ospp,2,0.8879,no
8,15,18,anssi_bp28_enhanced|anssi_bp28_high|anssi_bp28_intermediary|anssi_bp28_minimal|ccn_advanced|ccn_intermediate|cis|cis_server_l1|cis_workstation_l1|cis_workstation_l2|cui|e8|hipaa|ism_o|ospp|pci-dss|stig|stig_gui,xccdf_org.ssgproject.content_rule_grub2_nosmap_argument_absent,Ensure SMAP is not disabled during boot,xccdf_org.ssgproject.content_rule_grub2_disable_interactive_boot,Verify that Interactive Boot is Disabled,medium,hipaa|stig|stig_gui,3,0.9609,no
8,15,18,anssi_bp28_enhanced|anssi_bp28_high|anssi_bp28_intermediary|anssi_bp28_minimal|ccn_advanced|ccn_intermediate|cis|cis_server_l1|cis_workstation_l1|cis_workstation_l2|cui|e8|hipaa|ism_o|ospp|pci-dss|stig|stig_gui,xccdf_org.ssgproject.content_rule_grub2_nosmap_argument_absent,Ensure SMAP is not disabled during boot,xccdf_org.ssgproject.content_rule_enable_dracut_fips_module,Enable Dracut FIPS Module,high,cui|ospp|stig|stig_gui,4,0.9241,no
8,15,18,anssi_bp28_enhanced|anssi_bp28_high|anssi_bp28_intermediary|anssi_bp28_minimal|ccn_advanced|ccn_intermediate|cis|cis_server_l1|cis_workstation_l1|cis_workstation_l2|cui|e8|hipaa|ism_o|ospp|pci-dss|stig|stig_gui,xccdf_org.ssgproject.content_rule_grub2_nosmap_argument_absent,Ensure SMAP is not disabled during boot,xccdf_org.ssgproject.content_rule_kernel_module_bluetooth_disabled,Disable Bluetooth Kernel Module,medium,cui|ospp|stig|stig_gui,4,0.9453,no
8,15,18,anssi_bp28_enhanced|anssi_bp28_high|anssi_bp28_intermediary|anssi_bp28_minimal|ccn_advanced|ccn_intermediate|cis|cis_server_l1|cis_workstation_l1|cis_workstation_l2|cui|e8|hipaa|ism_o|ospp|pci-dss|stig|stig_gui,xccdf_org.ssgproject.content_rule_grub2_nosmap_argument_absent,Ensure SMAP is not disabled during boot,xccdf_org.ssgproject.content_rule_selinux_not_disabled,Ensure SELinux is Not Disabled,high,cis|cis_server_l1|cis_workstation_l1|cis_workstation_l2,4,0.9328,no
8,15,18,anssi_bp28_enhanced|anssi_bp28_high|anssi_bp28_intermediary|anssi_bp28_minimal|ccn_advanced|ccn_intermediate|cis|cis_server_l1|cis_workstation_l1|cis_workstation_l2|cui|e8|hipaa|ism_o|ospp|pci-dss|stig|stig_gui,xccdf_org.ssgproject.content_rule_grub2_nosmap_argument_absent,Ensure SMAP is not disabled during boot,xccdf_org.ssgproject.content_rule_enable_fips_mode,Enable FIPS Mode,high,cui|ism_o|ospp|stig|stig_gui,5,0.9277,no
8,15,18,anssi_bp28_enhanced|anssi_bp28_high|anssi_bp28_intermediary|anssi_bp28_minimal|ccn_advanced|ccn_intermediate|cis|cis_server_l1|cis_workstation_l1|cis_workstation_l2|cui|e8|hipaa|ism_o|ospp|pci-dss|stig|stig_gui,xccdf_org.ssgproject.content_rule_grub2_nosmap_argument_absent,Ensure SMAP is not disabled during boot,xccdf_org.ssgproject.content_rule_service_debug-shell_disabled,Disable debug-shell SystemD Service,medium,cui|hipaa|ospp|stig|stig_gui,5,0.931,no
8,15,18,anssi_bp28_enhanced|anssi_bp28_high|anssi_bp28_intermediary|anssi_bp28_minimal|ccn_advanced|ccn_intermediate|cis|cis_server_l1|cis_workstation_l1|cis_workstation_l2|cui|e8|hipaa|ism_o|ospp|pci-dss|stig|stig_gui,xccdf_org.ssgproject.content_rule_grub2_nosmap_argument_absent,Ensure SMAP is not disabled during boot,xccdf_org.ssgproject.content_rule_sysctl_kernel_exec_shield,Enable ExecShield via sysctl,medium,e8|hipaa|ism_o|stig|stig_gui,5,0.9247,no
8,15,18,anssi_bp28_enhanced|anssi_bp28_high|anssi_bp28_intermediary|anssi_bp28_minimal|ccn_advanced|ccn_intermediate|cis|cis_server_l1|cis_workstation_l1|cis_workstation_l2|cui|e8|hipaa|ism_o|ospp|pci-dss|stig|stig_gui,xccdf_org.ssgproject.content_rule_grub2_nosmap_argument_absent,Ensure SMAP is not disabled during boot,xccdf_org.ssgproject.content_rule_service_kdump_disabled,Disable KDump Kernel Crash Analyzer (kdump),medium,cui|hipaa|ospp|stig|stig_gui,5,0.9391,no
8,15,18,anssi_bp28_enhanced|anssi_bp28_high|anssi_bp28_intermediary|anssi_bp28_minimal|ccn_advanced|ccn_intermediate|cis|cis_server_l1|cis_workstation_l1|cis_workstation_l2|cui|e8|hipaa|ism_o|ospp|pci-dss|stig|stig_gui,xccdf_org.ssgproject.content_rule_grub2_nosmap_argument_absent,Ensure SMAP is not disabled during boot,xccdf_org.ssgproject.content_rule_dnf-automatic_apply_updates,Configure dnf-automatic to Install Available Updates Automatically,medium,anssi_bp28_enhanced|anssi_bp28_high|anssi_bp28_intermediary|anssi_bp28_minimal|cui|ospp,6,0.8761,no
8,15,18,anssi_bp28_enhanced|anssi_bp28_high|anssi_bp28_intermediary|anssi_bp28_minimal|ccn_advanced|ccn_intermediate|cis|cis_server_l1|cis_workstation_l1|cis_workstation_l2|cui|e8|hipaa|ism_o|ospp|pci-dss|stig|stig_gui,xccdf_org.ssgproject.content_rule_grub2_nosmap_argument_absent,Ensure SMAP is not disabled during boot,xccdf_org.ssgproject.content_rule_dnf-automatic_security_updates_only,Configure dnf-automatic to Install Only Security Updates,low,anssi_bp28_enhanced|anssi_bp28_high|anssi_bp28_intermediary|anssi_bp28_minimal|e8|ism_o,6,0.8593,no
8,15,18,anssi_bp28_enhanced|anssi_bp28_high|anssi_bp28_intermediary|anssi_bp28_minimal|ccn_advanced|ccn_intermediate|cis|cis_server_l1|cis_workstation_l1|cis_workstation_l2|cui|e8|hipaa|ism_o|ospp|pci-dss|stig|stig_gui,xccdf_org.ssgproject.content_rule_grub2_nosmap_argument_absent,Ensure SMAP is not disabled during boot,xccdf_org.ssgproject.content_rule_grub2_enable_selinux,Ensure SELinux Not Disabled in /etc/default/grub,medium,ccn_advanced|ccn_intermediate|cis|cis_server_l1|cis_workstation_l1|cis_workstation_l2|hipaa|pci-dss,8,0.9353,no
8,15,18,anssi_bp28_enhanced|anssi_bp28_high|anssi_bp28_intermediary|anssi_bp28_minimal|ccn_advanced|ccn_intermediate|cis|cis_server_l1|cis_workstation_l1|cis_workstation_l2|cui|e8|hipaa|ism_o|ospp|pci-dss|stig|stig_gui,xccdf_org.ssgproject.content_rule_grub2_nosmap_argument_absent,Ensure SMAP is not disabled during boot,xccdf_org.ssgproject.content_rule_ensure_gpgcheck_local_packages,Ensure gpgcheck Enabled for Local Packages,high,anssi_bp28_enhanced|anssi_bp28_high|anssi_bp28_intermediary|anssi_bp28_minimal|cui|e8|hipaa|ism_o|ospp|stig|stig_gui,11,0.899,no
8,15,18,anssi_bp28_enhanced|anssi_bp28_high|anssi_bp28_intermediary|anssi_bp28_minimal|ccn_advanced|ccn_intermediate|cis|cis_server_l1|cis_workstation_l1|cis_workstation_l2|cui|e8|hipaa|ism_o|ospp|pci-dss|stig|stig_gui,xccdf_org.ssgproject.content_rule_grub2_nosmap_argument_absent,Ensure SMAP is not disabled during boot,xccdf_org.ssgproject.content_rule_ensure_gpgcheck_never_disabled,Ensure gpgcheck Enabled for All dnf Package Repositories,high,anssi_bp28_enhanced|anssi_bp28_high|anssi_bp28_intermediary|anssi_bp28_minimal|cui|e8|hipaa|ism_o|ospp|pci-dss|stig|stig_gui,12,0.9041,no
8,15,18,anssi_bp28_enhanced|anssi_bp28_high|anssi_bp28_intermediary|anssi_bp28_minimal|ccn_advanced|ccn_intermediate|cis|cis_server_l1|cis_workstation_l1|cis_workstation_l2|cui|e8|hipaa|ism_o|ospp|pci-dss|stig|stig_gui,xccdf_org.ssgproject.content_rule_grub2_nosmap_argument_absent,Ensure SMAP is not disabled during boot,xccdf_org.ssgproject.content_rule_ensure_redhat_gpgkey_installed,Ensure Red Hat GPG Key Installed,high,anssi_bp28_enhanced|anssi_bp28_high|anssi_bp28_intermediary|anssi_bp28_minimal|cui|e8|hipaa|ism_o|ospp|pci-dss|stig|stig_gui,12,0.9228,no
8,15,18,anssi_bp28_enhanced|anssi_bp28_high|anssi_bp28_intermediary|anssi_bp28_minimal|ccn_advanced|ccn_intermediate|cis|cis_server_l1|cis_workstation_l1|cis_workstation_l2|cui|e8|hipaa|ism_o|ospp|pci-dss|stig|stig_gui,xccdf_org.ssgproject.content_rule_grub2_nosmap_argument_absent,Ensure SMAP is not disabled during boot,xccdf_org.ssgproject.content_rule_selinux_state,Ensure SELinux State is Enforcing,high,anssi_bp28_enhanced|anssi_bp28_high|anssi_bp28_intermediary|ccn_advanced|ccn_intermediate|cis|cis_workstation_l2|cui|e8|hipaa|ism_o|ospp|pci-dss|stig|stig_gui,15,0.9215,no
8,15,18,anssi_bp28_enhanced|anssi_bp28_high|anssi_bp28_intermediary|anssi_bp28_minimal|ccn_advanced|ccn_intermediate|cis|cis_server_l1|cis_workstation_l1|cis_workstation_l2|cui|e8|hipaa|ism_o|ospp|pci-dss|stig|stig_gui,xccdf_org.ssgproject.content_rule_grub2_nosmap_argument_absent,Ensure SMAP is not disabled during boot,xccdf_org.ssgproject.content_rule_ensure_gpgcheck_globally_activated,Ensure gpgcheck Enabled In Main dnf Configuration,high,anssi_bp28_enhanced|anssi_bp28_high|anssi_bp28_intermediary|anssi_bp28_minimal|cis|cis_server_l1|cis_workstation_l1|cis_workstation_l2|cui|e8|hipaa|ism_o|ospp|pci-dss|stig|stig_gui,16,0.9123,no
9,22,18,anssi_bp28_enhanced|anssi_bp28_high|anssi_bp28_intermediary|ccn_advanced|ccn_basic|ccn_intermediate|cis|cis_server_l1|cis_workstation_l1|cis_workstation_l2|cui|e8|hipaa|ism_o|ospp|pci-dss|stig|stig_gui,xccdf_org.ssgproject.content_rule_sshd_disable_user_known_hosts,Disable SSH Support for User Known Hosts,xccdf_org.ssgproject.content_rule_service_sshd_disabled,Disable SSH Server If Possible,high,,0,0.9287,no
9,22,18,anssi_bp28_enhanced|anssi_bp28_high|anssi_bp28_intermediary|ccn_advanced|ccn_basic|ccn_intermediate|cis|cis_server_l1|cis_workstation_l1|cis_workstation_l2|cui|e8|hipaa|ism_o|ospp|pci-dss|stig|stig_gui,xccdf_org.ssgproject.content_rule_sshd_disable_user_known_hosts,Disable SSH Support for User Known Hosts,xccdf_org.ssgproject.content_rule_sshd_disable_pubkey_auth,Disable PubkeyAuthentication Authentication,medium,,0,0.9489,no
9,22,18,anssi_bp28_enhanced|anssi_bp28_high|anssi_bp28_intermediary|ccn_advanced|ccn_basic|ccn_intermediate|cis|cis_server_l1|cis_workstation_l1|cis_workstation_l2|cui|e8|hipaa|ism_o|ospp|pci-dss|stig|stig_gui,xccdf_org.ssgproject.content_rule_sshd_disable_user_known_hosts,Disable SSH Support for User Known Hosts,xccdf_org.ssgproject.content_rule_sshd_disable_rhosts_rsa,Disable SSH Support for Rhosts RSA Authentication,medium,,0,0.9737,no
9,22,18,anssi_bp28_enhanced|anssi_bp28_high|anssi_bp28_intermediary|ccn_advanced|ccn_basic|ccn_intermediate|cis|cis_server_l1|cis_workstation_l1|cis_workstation_l2|cui|e8|hipaa|ism_o|ospp|pci-dss|stig|stig_gui,xccdf_org.ssgproject.content_rule_sshd_disable_user_known_hosts,Disable SSH Support for User Known Hosts,xccdf_org.ssgproject.content_rule_sshd_disable_root_password_login,Disable SSH root Login with a Password (Insecure),medium,,0,0.9619,no
9,22,18,anssi_bp28_enhanced|anssi_bp28_high|anssi_bp28_intermediary|ccn_advanced|ccn_basic|ccn_intermediate|cis|cis_server_l1|cis_workstation_l1|cis_workstation_l2|cui|e8|hipaa|ism_o|ospp|pci-dss|stig|stig_gui,xccdf_org.ssgproject.content_rule_sshd_disable_user_known_hosts,Disable SSH Support for User Known Hosts,xccdf_org.ssgproject.content_rule_sshd_enable_gssapi_auth,Enable GSSAPI Authentication,medium,,0,0.9482,no
9,22,18,anssi_bp28_enhanced|anssi_bp28_high|anssi_bp28_intermediary|ccn_advanced|ccn_basic|ccn_intermediate|cis|cis_server_l1|cis_workstation_l1|cis_workstation_l2|cui|e8|hipaa|ism_o|ospp|pci-dss|stig|stig_gui,xccdf_org.ssgproject.content_rule_sshd_disable_user_known_hosts,Disable SSH Support for User Known Hosts,xccdf_org.ssgproject.content_rule_sshd_enable_x11_forwarding,Enable Encrypted X11 Forwarding,high,,0,0.9265,no
9,22,18,anssi_bp28_enhanced|anssi_bp28_high|anssi_bp28_intermediary|ccn_advanced|ccn_basic|ccn_intermediate|cis|cis_server_l1|cis_workstation_l1|cis_workstation_l2|cui|e8|hipaa|ism_o|ospp|pci-dss|stig|stig_gui,xccdf_org.ssgproject.content_rule_sshd_disable_user_known_hosts,Disable SSH Support for User Known Hosts,xccdf_org.ssgproject.content_rule_usbguard_allow_hid,Authorize Human Interface Devices in USBGuard daemon,medium,,0,0.9124,no
9,22,18,anssi_bp28_enhanced|anssi_bp28_high|anssi_bp28_intermediary|ccn_advanced|ccn_basic|ccn_intermediate|cis|cis_server_l1|cis_workstation_l1|cis_workstation_l2|cui|e8|hipaa|ism_o|ospp|pci-dss|stig|stig_gui,xccdf_org.ssgproject.content_rule_sshd_disable_user_known_hosts,Disable SSH Support for User Known Hosts,xccdf_org.ssgproject.content_rule_usbguard_allow_hub,Authorize USB hubs in USBGuard daemon,medium,,0,0.9178,no
9,22,18,anssi_bp28_enhanced|anssi_bp28_high|anssi_bp28_intermediary|ccn_advanced|ccn_basic|ccn_intermediate|cis|cis_server_l1|cis_workstation_l1|cis_workstation_l2|cui|e8|hipaa|ism_o|ospp|pci-dss|stig|stig_gui,xccdf_org.ssgproject.content_rule_sshd_disable_user_known_hosts,Disable SSH Support for User Known Hosts,xccdf_org.ssgproject.content_rule_sshd_allow_only_protocol2,Allow Only SSH Protocol 2,high,hipaa|ism_o,2,0.9264,no
9,22,18,anssi_bp28_enhanced|anssi_bp28_high|anssi_bp28_intermediary|ccn_advanced|ccn_basic|ccn_intermediate|cis|cis_server_l1|cis_workstation_l1|cis_workstation_l2|cui|e8|hipaa|ism_o|ospp|pci-dss|stig|stig_gui,xccdf_org.ssgproject.content_rule_sshd_disable_user_known_hosts,Disable SSH Support for User Known Hosts,xccdf_org.ssgproject.content_rule_sshd_enable_pubkey_auth,Enable Public Key Authentication,medium,stig|stig_gui,2,0.961,no
9,22,18,anssi_bp28_enhanced|anssi_bp28_high|anssi_bp28_intermediary|ccn_advanced|ccn_basic|ccn_intermediate|cis|cis_server_l1|cis_workstation_l1|cis_workstation_l2|cui|e8|hipaa|ism_o|ospp|pci-dss|stig|stig_gui,xccdf_org.ssgproject.content_rule_sshd_disable_user_known_hosts,Disable SSH Support for User Known Hosts,xccdf_org.ssgproject.content_rule_sshd_set_loglevel_info,Set LogLevel to INFO,low,e8|ism_o,2,0.95,no
9,22,18,anssi_bp28_enhanced|anssi_bp28_high|anssi_bp28_intermediary|ccn_advanced|ccn_basic|ccn_intermediate|cis|cis_server_l1|cis_workstation_l1|cis_workstation_l2|cui|e8|hipaa|ism_o|ospp|pci-dss|stig|stig_gui,xccdf_org.ssgproject.content_rule_sshd_disable_user_known_hosts,Disable SSH Support for User Known Hosts,xccdf_org.ssgproject.content_rule_sshd_use_priv_separation,Enable Use of Privilege Separation,medium,stig|stig_gui,2,0.9386,no
9,22,18,anssi_bp28_enhanced|anssi_bp28_high|anssi_bp28_intermediary|ccn_advanced|ccn_basic|ccn_intermediate|cis|cis_server_l1|cis_workstation_l1|cis_workstation_l2|cui|e8|hipaa|ism_o|ospp|pci-dss|stig|stig_gui,xccdf_org.ssgproject.content_rule_sshd_disable_user_known_hosts,Disable SSH Support for User Known Hosts,xccdf_org.ssgproject.content_rule_sshd_x11_use_localhost,Prevent remote hosts from connecting to the proxy display,medium,stig|stig_gui,2,0.955,no
9,22,18,anssi_bp28_enhanced|anssi_bp28_high|anssi_bp28_intermediary|ccn_advanced|ccn_basic|ccn_intermediate|cis|cis_server_l1|cis_workstation_l1|cis_workstation_l2|cui|e8|hipaa|ism_o|ospp|pci-dss|stig|stig_gui,xccdf_org.ssgproject.content_rule_sshd_disable_user_known_hosts,Disable SSH Support for User Known Hosts,xccdf_org.ssgproject.content_rule_sssd_certificate_verification,Certificate status checking in SSSD,medium,stig|stig_gui,2,0.9036,no
9,22,18,anssi_bp28_enhanced|anssi_bp28_high|anssi_bp28_intermediary|ccn_advanced|ccn_basic|ccn_intermediate|cis|cis_server_l1|cis_workstation_l1|cis_workstation_l2|cui|e8|hipaa|ism_o|ospp|pci-dss|stig|stig_gui,xccdf_org.ssgproject.content_rule_sshd_disable_user_known_hosts,Disable SSH Support for User Known Hosts,xccdf_org.ssgproject.content_rule_sssd_enable_certmap,Enable Certmap in SSSD,medium,stig|stig_gui,2,0.9252,no
9,22,18,anssi_bp28_enhanced|anssi_bp28_high|anssi_bp28_intermediary|ccn_advanced|ccn_basic|ccn_intermediate|cis|cis_server_l1|cis_workstation_l1|cis_workstation_l2|cui|e8|hipaa|ism_o|ospp|pci-dss|stig|stig_gui,xccdf_org.ssgproject.content_rule_sshd_disable_user_known_hosts,Disable SSH Support for User Known Hosts,xccdf_org.ssgproject.content_rule_sshd_disable_tcp_forwarding,Disable SSH TCP Forwarding,medium,cis|cis_workstation_l2|pci-dss,3,0.9554,no
9,22,18,anssi_bp28_enhanced|anssi_bp28_high|anssi_bp28_intermediary|ccn_advanced|ccn_basic|ccn_intermediate|cis|cis_server_l1|cis_workstation_l1|cis_workstation_l2|cui|e8|hipaa|ism_o|ospp|pci-dss|stig|stig_gui,xccdf_org.ssgproject.content_rule_sshd_disable_user_known_hosts,Disable SSH Support for User Known Hosts,xccdf_org.ssgproject.content_rule_usbguard_allow_hid_and_hub,Authorize Human Interface Devices and USB hubs in USBGuard daemon,medium,cui|ism_o|ospp,3,0.9165,no
9,22,18,anssi_bp28_enhanced|anssi_bp28_high|anssi_bp28_intermediary|ccn_advanced|ccn_basic|ccn_intermediate|cis|cis_server_l1|cis_workstation_l1|cis_workstation_l2|cui|e8|hipaa|ism_o|ospp|pci-dss|stig|stig_gui,xccdf_org.ssgproject.content_rule_sshd_disable_user_known_hosts,Disable SSH Support for User Known Hosts,xccdf_org.ssgproject.content_rule_gnome_gdm_disable_xdmcp,Disable XDMCP in GDM,high,cis|cis_server_l1|cis_workstation_l1|cis_workstation_l2,4,0.9047,no
9,22,18,anssi_bp28_enhanced|anssi_bp28_high|anssi_bp28_intermediary|ccn_advanced|ccn_basic|ccn_intermediate|cis|cis_server_l1|cis_workstation_l1|cis_workstation_l2|cui|e8|hipaa|ism_o|ospp|pci-dss|stig|stig_gui,xccdf_org.ssgproject.content_rule_sshd_disable_user_known_hosts,Disable SSH Support for User Known Hosts,xccdf_org.ssgproject.content_rule_display_login_attempts,Ensure PAM Displays Last Logon/Access Notification,low,ism_o|pci-dss|stig|stig_gui,4,0.9412,no
9,22,18,anssi_bp28_enhanced|anssi_bp28_high|anssi_bp28_intermediary|ccn_advanced|ccn_basic|ccn_intermediate|cis|cis_server_l1|cis_workstation_l1|cis_workstation_l2|cui|e8|hipaa|ism_o|ospp|pci-dss|stig|stig_gui,xccdf_org.ssgproject.content_rule_sshd_disable_user_known_hosts,Disable SSH Support for User Known Hosts,xccdf_org.ssgproject.content_rule_sshd_disable_user_known_hosts,Disable SSH Support for User Known Hosts,medium,e8|ism_o|stig|stig_gui,4,1.0,yes
9,22,18,anssi_bp28_enhanced|anssi_bp28_high|anssi_bp28_intermediary|ccn_advanced|ccn_basic|ccn_intermediate|cis|cis_server_l1|cis_workstation_l1|cis_workstation_l2|cui|e8|hipaa|ism_o|ospp|pci-dss|stig|stig_gui,xccdf_org.ssgproject.content_rule_sshd_disable_user_known_hosts,Disable SSH Support for User Known Hosts,xccdf_org.ssgproject.content_rule_sshd_print_last_log,Enable SSH Print Last Log,medium,e8|ism_o|stig|stig_gui,4,0.9626,no
9,22,18,anssi_bp28_enhanced|anssi_bp28_high|anssi_bp28_intermediary|ccn_advanced|ccn_basic|ccn_intermediate|cis|cis_server_l1|cis_workstation_l1|cis_workstation_l2|cui|e8|hipaa|ism_o|ospp|pci-dss|stig|stig_gui,xccdf_org.ssgproject.content_rule_sshd_disable_user_known_hosts,Disable SSH Support for User Known Hosts,xccdf_org.ssgproject.content_rule_sshd_enable_strictmodes,Enable Use of Strict Mode Checking,medium,e8|hipaa|ism_o|stig|stig_gui,5,0.9612,no
9,22,18,anssi_bp28_enhanced|anssi_bp28_high|anssi_bp28_intermediary|ccn_advanced|ccn_basic|ccn_intermediate|cis|cis_server_l1|cis_workstation_l1|cis_workstation_l2|cui|e8|hipaa|ism_o|ospp|pci-dss|stig|stig_gui,xccdf_org.ssgproject.content_rule_sshd_disable_user_known_hosts,Disable SSH Support for User Known Hosts,xccdf_org.ssgproject.content_rule_sshd_disable_kerb_auth,Disable Kerberos Authentication,medium,cui|hipaa|ism_o|ospp|stig|stig_gui,6,0.9526,no
9,22,18,anssi_bp28_enhanced|anssi_bp28_high|anssi_bp28_intermediary|ccn_advanced|ccn_basic|ccn_intermediate|cis|cis_server_l1|cis_workstation_l1|cis_workstation_l2|cui|e8|hipaa|ism_o|ospp|pci-dss|stig|stig_gui,xccdf_org.ssgproject.content_rule_sshd_disable_user_known_hosts,Disable SSH Support for User Known Hosts,xccdf_org.ssgproject.content_rule_sshd_enable_warning_banner,Enable SSH Warning Banner,medium,cui|hipaa|ism_o|ospp|stig|stig_gui,6,0.9503,no
9,22,18,anssi_bp28_enhanced|anssi_bp28_high|anssi_bp28_intermediary|ccn_advanced|ccn_basic|ccn_intermediate|cis|cis_server_l1|cis_workstation_l1|cis_workstation_l2|cui|e8|hipaa|ism_o|ospp|pci-dss|stig|stig_gui,xccdf_org.ssgproject.content_rule_sshd_disable_user_known_hosts,Disable SSH Support for User Known Hosts,xccdf_org.ssgproject.content_rule_sshd_disable_gssapi_auth,Disable GSSAPI Authentication,medium,cui|e8|hipaa|ism_o|ospp|stig|stig_gui,7,0.9451,no
9,22,18,anssi_bp28_enhanced|anssi_bp28_high|anssi_bp28_intermediary|ccn_advanced|ccn_basic|ccn_intermediate|cis|cis_server_l1|cis_workstation_l1|cis_workstation_l2|cui|e8|hipaa|ism_o|ospp|pci-dss|stig|stig_gui,xccdf_org.ssgproject.content_rule_sshd_disable_user_known_hosts,Disable SSH Support for User Known Hosts,xccdf_org.ssgproject.content_rule_sshd_disable_x11_forwarding,Disable X11 Forwarding,medium,cis|cis_workstation_l1|cis_workstation_l2|ism_o|pci-dss|stig|stig_gui,7,0.9359,no
9,22,18,anssi_bp28_enhanced|anssi_bp28_high|anssi_bp28_intermediary|ccn_advanced|ccn_basic|ccn_intermediate|cis|cis_server_l1|cis_workstation_l1|cis_workstation_l2|cui|e8|hipaa|ism_o|ospp|pci-dss|stig|stig_gui,xccdf_org.ssgproject.content_rule_sshd_disable_user_known_hosts,Disable SSH Support for User Known Hosts,xccdf_org.ssgproject.content_rule_sshd_enable_pam,Enable PAM,medium,cis|cis_server_l1|cis_workstation_l1|cis_workstation_l2|pci-dss|stig|stig_gui,7,0.9508,no
9,22,18,anssi_bp28_enhanced|anssi_bp28_high|anssi_bp28_intermediary|ccn_advanced|ccn_basic|ccn_intermediate|cis|cis_server_l1|cis_workstation_l1|cis_workstation_l2|cui|e8|hipaa|ism_o|ospp|pci-dss|stig|stig_gui,xccdf_org.ssgproject.content_rule_sshd_disable_user_known_hosts,Disable SSH Support for User Known Hosts,xccdf_org.ssgproject.content_rule_sshd_enable_warning_banner_net,Enable SSH Warning Banner,medium,ccn_advanced|ccn_basic|ccn_intermediate|cis|cis_server_l1|cis_workstation_l1|cis_workstation_l2,7,0.9508,no
9,22,18,anssi_bp28_enhanced|anssi_bp28_high|anssi_bp28_intermediary|ccn_advanced|ccn_basic|ccn_intermediate|cis|cis_server_l1|cis_workstation_l1|cis_workstation_l2|cui|e8|hipaa|ism_o|ospp|pci-dss|stig|stig_gui,xccdf_org.ssgproject.content_rule_sshd_disable_user_known_hosts,Disable SSH Support for User Known Hosts,xccdf_org.ssgproject.content_rule_sshd_set_loglevel_verbose,Set SSH Daemon LogLevel to VERBOSE,medium,cis|cis_server_l1|cis_workstation_l1|cis_workstation_l2|pci-dss|stig|stig_gui,7,0.944,no
9,22,18,anssi_bp28_enhanced|anssi_bp28_high|anssi_bp28_intermediary|ccn_advanced|ccn_basic|ccn_intermediate|cis|cis_server_l1|cis_workstation_l1|cis_workstation_l2|cui|e8|hipaa|ism_o|ospp|pci-dss|stig|stig_gui,xccdf_org.ssgproject.content_rule_sshd_disable_user_known_hosts,Disable SSH Support for User Known Hosts,xccdf_org.ssgproject.content_rule_sshd_disable_rhosts,Disable SSH Support for .rhosts Files,medium,cis|cis_server_l1|cis_workstation_l1|cis_workstation_l2|e8|ism_o|pci-dss|stig|stig_gui,9,0.9671,no
9,22,18,anssi_bp28_enhanced|anssi_bp28_high|anssi_bp28_intermediary|ccn_advanced|ccn_basic|ccn_intermediate|cis|cis_server_l1|cis_workstation_l1|cis_workstation_l2|cui|e8|hipaa|ism_o|ospp|pci-dss|stig|stig_gui,xccdf_org.ssgproject.content_rule_sshd_disable_user_known_hosts,Disable SSH Support for User Known Hosts,xccdf_org.ssgproject.content_rule_sshd_do_not_permit_user_env,Do Not Allow SSH Environment Options,medium,cis|cis_server_l1|cis_workstation_l1|cis_workstation_l2|e8|hipaa|ism_o|pci-dss|stig|stig_gui,10,0.96,no
9,22,18,anssi_bp28_enhanced|anssi_bp28_high|anssi_bp28_intermediary|ccn_advanced|ccn_basic|ccn_intermediate|cis|cis_server_l1|cis_workstation_l1|cis_workstation_l2|cui|e8|hipaa|ism_o|ospp|pci-dss|stig|stig_gui,xccdf_org.ssgproject.content_rule_sshd_disable_user_known_hosts,Disable SSH Support for User Known Hosts,xccdf_org.ssgproject.content_rule_disable_host_auth,Disable Host-Based Authentication,medium,cis|cis_server_l1|cis_workstation_l1|cis_workstation_l2|cui|hipaa|ism_o|ospp|pci-dss|stig|stig_gui,11,0.9604,no
9,22,18,anssi_bp28_enhanced|anssi_bp28_high|anssi_bp28_intermediary|ccn_advanced|ccn_basic|ccn_intermediate|cis|cis_server_l1|cis_workstation_l1|cis_workstation_l2|cui|e8|hipaa|ism_o|ospp|pci-dss|stig|stig_gui,xccdf_org.ssgproject.content_rule_sshd_disable_user_known_hosts,Disable SSH Support for User Known Hosts,xccdf_org.ssgproject.content_rule_sshd_disable_empty_passwords,Disable SSH Access via Empty Passwords,high,cis|cis_server_l1|cis_workstation_l1|cis_workstation_l2|cui|e8|hipaa|ism_o|ospp|pci-dss|stig|stig_gui,12,0.9476,no
9,22,18,anssi_bp28_enhanced|anssi_bp28_high|anssi_bp28_intermediary|ccn_advanced|ccn_basic|ccn_intermediate|cis|cis_server_l1|cis_workstation_l1|cis_workstation_l2|cui|e8|hipaa|ism_o|ospp|pci-dss|stig|stig_gui,xccdf_org.ssgproject.content_rule_sshd_disable_user_known_hosts,Disable SSH Support for User Known Hosts,xccdf_org.ssgproject.content_rule_sshd_disable_root_login,Disable SSH Root Login,medium,anssi_bp28_enhanced|anssi_bp28_high|anssi_bp28_intermediary|cis|cis_server_l1|cis_workstation_l1|cis_workstation_l2|cui|e8|hipaa|ism_o|ospp|pci-dss|stig|stig_gui,15,0.968,no
10,21,17,anssi_bp28_enhanced|anssi_bp28_high|ccn_advanced|ccn_basic|ccn_intermediate|cis|cis_server_l1|cis_workstation_l1|cis_workstation_l2|cui|e8|hipaa|ism_o|ospp|pci-dss|stig|stig_gui,xccdf_org.ssgproject.content_rule_harden_sshd_ciphers_opensshserver_conf_crypto_policy,Configure SSH Server to Use FIPS 140-2 Validated Ciphers: opensshserver.config,xccdf_org.ssgproject.content_rule_configure_gnutls_tls_crypto_policy,Configure GnuTLS library to use DoD-approved TLS Encryption,medium,,0,0.9634,no
10,21,17,anssi_bp28_enhanced|anssi_bp28_high|ccn_advanced|ccn_basic|ccn_intermediate|cis|cis_server_l1|cis_workstation_l1|cis_workstation_l2|cui|e8|hipaa|ism_o|ospp|pci-dss|stig|stig_gui,xccdf_org.ssgproject.content_rule_harden_sshd_ciphers_opensshserver_conf_crypto_policy,Configure SSH Server to Use FIPS 140-2 Validated Ciphers: opensshserver.config,xccdf_org.ssgproject.content_rule_harden_ssh_client_crypto_policy,Harden SSH client Crypto Policy,medium,,0,0.9586,no
10,21,17,anssi_bp28_enhanced|anssi_bp28_high|ccn_advanced|ccn_basic|ccn_intermediate|cis|cis_server_l1|cis_workstation_l1|cis_workstation_l2|cui|e8|hipaa|ism_o|ospp|pci-dss|stig|stig_gui,xccdf_org.ssgproject.content_rule_harden_sshd_ciphers_opensshserver_conf_crypto_policy,Configure SSH Server to Use FIPS 140-2 Validated Ciphers: opensshserver.config,xccdf_org.ssgproject.content_rule_harden_sshd_macs_openssh_conf_crypto_policy,Configure SSH Client to Use FIPS 140-2 Validated MACs: openssh.config,medium,,0,0.9943,no
10,21,17,anssi_bp28_enhanced|anssi_bp28_high|ccn_advanced|ccn_basic|ccn_intermediate|cis|cis_server_l1|cis_workstation_l1|cis_workstation_l2|cui|e8|hipaa|ism_o|ospp|pci-dss|stig|stig_gui,xccdf_org.ssgproject.content_rule_harden_sshd_ciphers_opensshserver_conf_crypto_policy,Configure SSH Server to Use FIPS 140-2 Validated Ciphers: opensshserver.config,xccdf_org.ssgproject.content_rule_harden_sshd_macs_opensshserver_conf_crypto_policy,Configure SSH Server to Use FIPS 140-2 Validated MACs: opensshserver.config,medium,,0,0.9974,no
10,21,17,anssi_bp28_enhanced|anssi_bp28_high|ccn_advanced|ccn_basic|ccn_intermediate|cis|cis_server_l1|cis_workstation_l1|cis_workstation_l2|cui|e8|hipaa|ism_o|ospp|pci-dss|stig|stig_gui,xccdf_org.ssgproject.content_rule_harden_sshd_ciphers_opensshserver_conf_crypto_policy,Configure SSH Server to Use FIPS 140-2 Validated Ciphers: opensshserver.config,xccdf_org.ssgproject.content_rule_force_opensc_card_drivers,Force opensc To Use Defined Smart Card Driver,medium,,0,0.9302,no
10,21,17,anssi_bp28_enhanced|anssi_bp28_high|ccn_advanced|ccn_basic|ccn_intermediate|cis|cis_server_l1|cis_workstation_l1|cis_workstation_l2|cui|e8|hipaa|ism_o|ospp|pci-dss|stig|stig_gui,xccdf_org.ssgproject.content_rule_harden_sshd_ciphers_opensshserver_conf_crypto_policy,Configure SSH Server to Use FIPS 140-2 Validated Ciphers: opensshserver.config,xccdf_org.ssgproject.content_rule_mount_option_smb_client_signing,"Require Client SMB Packet Signing, if using mount.cifs",unknown,,0,0.9377,no
10,21,17,anssi_bp28_enhanced|anssi_bp28_high|ccn_advanced|ccn_basic|ccn_intermediate|cis|cis_server_l1|cis_workstation_l1|cis_workstation_l2|cui|e8|hipaa|ism_o|ospp|pci-dss|stig|stig_gui,xccdf_org.ssgproject.content_rule_harden_sshd_ciphers_opensshserver_conf_crypto_policy,Configure SSH Server to Use FIPS 140-2 Validated Ciphers: opensshserver.config,xccdf_org.ssgproject.content_rule_sshd_use_strong_rng,SSH server uses strong entropy to seed,low,,0,0.933,no
10,21,17,anssi_bp28_enhanced|anssi_bp28_high|ccn_advanced|ccn_basic|ccn_intermediate|cis|cis_server_l1|cis_workstation_l1|cis_workstation_l2|cui|e8|hipaa|ism_o|ospp|pci-dss|stig|stig_gui,xccdf_org.ssgproject.content_rule_harden_sshd_ciphers_opensshserver_conf_crypto_policy,Configure SSH Server to Use FIPS 140-2 Validated Ciphers: opensshserver.config,xccdf_org.ssgproject.content_rule_use_kerberos_security_all_exports,Use Kerberos Security on All Exports,medium,hipaa,1,0.93,no
10,21,17,anssi_bp28_enhanced|anssi_bp28_high|ccn_advanced|ccn_basic|ccn_intermediate|cis|cis_server_l1|cis_workstation_l1|cis_workstation_l2|cui|e8|hipaa|ism_o|ospp|pci-dss|stig|stig_gui,xccdf_org.ssgproject.content_rule_harden_sshd_ciphers_opensshserver_conf_crypto_policy,Configure SSH Server to Use FIPS 140-2 Validated Ciphers: opensshserver.config,xccdf_org.ssgproject.content_rule_aide_use_fips_hashes,Configure AIDE to Use FIPS 140-2 for Validating Hashes,medium,stig|stig_gui,2,0.938,no
10,21,17,anssi_bp28_enhanced|anssi_bp28_high|ccn_advanced|ccn_basic|ccn_intermediate|cis|cis_server_l1|cis_workstation_l1|cis_workstation_l2|cui|e8|hipaa|ism_o|ospp|pci-dss|stig|stig_gui,xccdf_org.ssgproject.content_rule_harden_sshd_ciphers_opensshserver_conf_crypto_policy,Configure SSH Server to Use FIPS 140-2 Validated Ciphers: opensshserver.config,xccdf_org.ssgproject.content_rule_configure_bind_crypto_policy,Configure BIND to use System Crypto Policy,high,stig|stig_gui,2,0.9686,no
10,21,17,anssi_bp28_enhanced|anssi_bp28_high|ccn_advanced|ccn_basic|ccn_intermediate|cis|cis_server_l1|cis_workstation_l1|cis_workstation_l2|cui|e8|hipaa|ism_o|ospp|pci-dss|stig|stig_gui,xccdf_org.ssgproject.content_rule_harden_sshd_ciphers_opensshserver_conf_crypto_policy,Configure SSH Server to Use FIPS 140-2 Validated Ciphers: opensshserver.config,xccdf_org.ssgproject.content_rule_configure_kerberos_crypto_policy,Configure Kerberos to use System Crypto Policy,high,stig|stig_gui,2,0.9658,no
10,21,17,anssi_bp28_enhanced|anssi_bp28_high|ccn_advanced|ccn_basic|ccn_intermediate|cis|cis_server_l1|cis_workstation_l1|cis_workstation_l2|cui|e8|hipaa|ism_o|ospp|pci-dss|stig|stig_gui,xccdf_org.ssgproject.content_rule_harden_sshd_ciphers_opensshserver_conf_crypto_policy,Configure SSH Server to Use FIPS 140-2 Validated Ciphers: opensshserver.config,xccdf_org.ssgproject.content_rule_configure_libreswan_crypto_policy,Configure Libreswan to use System Crypto Policy,high,stig|stig_gui,2,0.9739,no
10,21,17,anssi_bp28_enhanced|anssi_bp28_high|ccn_advanced|ccn_basic|ccn_intermediate|cis|cis_server_l1|cis_workstation_l1|cis_workstation_l2|cui|e8|hipaa|ism_o|ospp|pci-dss|stig|stig_gui,xccdf_org.ssgproject.content_rule_harden_sshd_ciphers_opensshserver_conf_crypto_policy,Configure SSH Server to Use FIPS 140-2 Validated Ciphers: opensshserver.config,xccdf_org.ssgproject.content_rule_configure_openssl_tls_crypto_policy,Configure OpenSSL library to use TLS Encryption,medium,stig|stig_gui,2,0.9463,no
10,21,17,anssi_bp28_enhanced|anssi_bp28_high|ccn_advanced|ccn_basic|ccn_intermediate|cis|cis_server_l1|cis_workstation_l1|cis_workstation_l2|cui|e8|hipaa|ism_o|ospp|pci-dss|stig|stig_gui,xccdf_org.ssgproject.content_rule_harden_sshd_ciphers_opensshserver_conf_crypto_policy,Configure SSH Server to Use FIPS 140-2 Validated Ciphers: opensshserver.config,xccdf_org.ssgproject.content_rule_harden_sshd_ciphers_openssh_conf_crypto_policy,Configure SSH Client to Use FIPS 140-2 Validated Ciphers: openssh.config,high,stig|stig_gui,2,0.9965,no
10,21,17,anssi_bp28_enhanced|anssi_bp28_high|ccn_advanced|ccn_basic|ccn_intermediate|cis|cis_server_l1|cis_workstation_l1|cis_workstation_l2|cui|e8|hipaa|ism_o|ospp|pci-dss|stig|stig_gui,xccdf_org.ssgproject.content_rule_harden_sshd_ciphers_opensshserver_conf_crypto_policy,Configure SSH Server to Use FIPS 140-2 Validated Ciphers: opensshserver.config,xccdf_org.ssgproject.content_rule_harden_sshd_ciphers_opensshserver_conf_crypto_policy,Configure SSH Server to Use FIPS 140-2 Validated Ciphers: opensshserver.config,medium,stig|stig_gui,2,1.0,yes
10,21,17,anssi_bp28_enhanced|anssi_bp28_high|ccn_advanced|ccn_basic|ccn_intermediate|cis|cis_server_l1|cis_workstation_l1|cis_workstation_l2|cui|e8|hipaa|ism_o|ospp|pci-dss|stig|stig_gui,xccdf_org.ssgproject.content_rule_harden_sshd_ciphers_opensshserver_conf_crypto_policy,Configure SSH Server to Use FIPS 140-2 Validated Ciphers: opensshserver.config,xccdf_org.ssgproject.content_rule_configure_opensc_card_drivers,Configure opensc Smart Card Drivers,medium,stig|stig_gui,2,0.9325,no
10,21,17,anssi_bp28_enhanced|anssi_bp28_high|ccn_advanced|ccn_basic|ccn_intermediate|cis|cis_server_l1|cis_workstation_l1|cis_workstation_l2|cui|e8|hipaa|ism_o|ospp|pci-dss|stig|stig_gui,xccdf_org.ssgproject.content_rule_harden_sshd_ciphers_opensshserver_conf_crypto_policy,Configure SSH Server to Use FIPS 140-2 Validated Ciphers: opensshserver.config,xccdf_org.ssgproject.content_rule_rsyslog_encrypt_offload_actionsendstreamdriverauthmode,Ensure Rsyslog Authenticates Off-Loaded Audit Records,medium,stig|stig_gui,2,0.9341,no
10,21,17,anssi_bp28_enhanced|anssi_bp28_high|ccn_advanced|ccn_basic|ccn_intermediate|cis|cis_server_l1|cis_workstation_l1|cis_workstation_l2|cui|e8|hipaa|ism_o|ospp|pci-dss|stig|stig_gui,xccdf_org.ssgproject.content_rule_harden_sshd_ciphers_opensshserver_conf_crypto_policy,Configure SSH Server to Use FIPS 140-2 Validated Ciphers: opensshserver.config,xccdf_org.ssgproject.content_rule_rsyslog_encrypt_offload_actionsendstreamdrivermode,Ensure Rsyslog Encrypts Off-Loaded Audit Records,medium,stig|stig_gui,2,0.9342,no
10,21,17,anssi_bp28_enhanced|anssi_bp28_high|ccn_advanced|ccn_basic|ccn_intermediate|cis|cis_server_l1|cis_workstation_l1|cis_workstation_l2|cui|e8|hipaa|ism_o|ospp|pci-dss|stig|stig_gui,xccdf_org.ssgproject.content_rule_harden_sshd_ciphers_opensshserver_conf_crypto_policy,Configure SSH Server to Use FIPS 140-2 Validated Ciphers: opensshserver.config,xccdf_org.ssgproject.content_rule_rsyslog_encrypt_offload_defaultnetstreamdriver,Ensure Rsyslog Encrypts Off-Loaded Audit Records,medium,stig|stig_gui,2,0.9353,no
10,21,17,anssi_bp28_enhanced|anssi_bp28_high|ccn_advanced|ccn_basic|ccn_intermediate|cis|cis_server_l1|cis_workstation_l1|cis_workstation_l2|cui|e8|hipaa|ism_o|ospp|pci-dss|stig|stig_gui,xccdf_org.ssgproject.content_rule_harden_sshd_ciphers_opensshserver_conf_crypto_policy,Configure SSH Server to Use FIPS 140-2 Validated Ciphers: opensshserver.config,xccdf_org.ssgproject.content_rule_kerberos_disable_no_keytab,Disable Kerberos by removing host keytab,medium,stig|stig_gui,2,0.9268,no
10,21,17,anssi_bp28_enhanced|anssi_bp28_high|ccn_advanced|ccn_basic|ccn_intermediate|cis|cis_server_l1|cis_workstation_l1|cis_workstation_l2|cui|e8|hipaa|ism_o|ospp|pci-dss|stig|stig_gui,xccdf_org.ssgproject.content_rule_harden_sshd_ciphers_opensshserver_conf_crypto_policy,Configure SSH Server to Use FIPS 140-2 Validated Ciphers: opensshserver.config,xccdf_org.ssgproject.content_rule_aide_verify_acls,Configure AIDE to Verify Access Control Lists (ACLs),low,anssi_bp28_high|stig|stig_gui,3,0.9353,no
10,21,17,anssi_bp28_enhanced|anssi_bp28_high|ccn_advanced|ccn_basic|ccn_intermediate|cis|cis_server_l1|cis_workstation_l1|cis_workstation_l2|cui|e8|hipaa|ism_o|ospp|pci-dss|stig|stig_gui,xccdf_org.ssgproject.content_rule_harden_sshd_ciphers_opensshserver_conf_crypto_policy,Configure SSH Server to Use FIPS 140-2 Validated Ciphers: opensshserver.config,xccdf_org.ssgproject.content_rule_aide_verify_ext_attributes,Configure AIDE to Verify Extended Attributes,low,anssi_bp28_high|stig|stig_gui,3,0.9331,no
10,21,17,anssi_bp28_enhanced|anssi_bp28_high|ccn_advanced|ccn_basic|ccn_intermediate|cis|cis_server_l1|cis_workstation_l1|cis_workstation_l2|cui|e8|hipaa|ism_o|ospp|pci-dss|stig|stig_gui,xccdf_org.ssgproject.content_rule_harden_sshd_ciphers_opensshserver_conf_crypto_policy,Configure SSH Server to Use FIPS 140-2 Validated Ciphers: opensshserver.config,xccdf_org.ssgproject.content_rule_libreswan_approved_tunnels,Verify Any Configured IPSec Tunnel Connections,medium,hipaa|stig|stig_gui,3,0.9334,no
10,21,17,anssi_bp28_enhanced|anssi_bp28_high|ccn_advanced|ccn_basic|ccn_intermediate|cis|cis_server_l1|cis_workstation_l1|cis_workstation_l2|cui|e8|hipaa|ism_o|ospp|pci-dss|stig|stig_gui,xccdf_org.ssgproject.content_rule_harden_sshd_ciphers_opensshserver_conf_crypto_policy,Configure SSH Server to Use FIPS 140-2 Validated Ciphers: opensshserver.config,xccdf_org.ssgproject.content_rule_configure_openssl_crypto_policy,Configure OpenSSL library to use System Crypto Policy,medium,cui|ospp|stig|stig_gui,4,0.9788,no
10,21,17,anssi_bp28_enhanced|anssi_bp28_high|ccn_advanced|ccn_basic|ccn_intermediate|cis|cis_server_l1|cis_workstation_l1|cis_workstation_l2|cui|e8|hipaa|ism_o|ospp|pci-dss|stig|stig_gui,xccdf_org.ssgproject.content_rule_harden_sshd_ciphers_opensshserver_conf_crypto_policy,Configure SSH Server to Use FIPS 140-2 Validated Ciphers: opensshserver.config,xccdf_org.ssgproject.content_rule_encrypt_partitions,Encrypt Partitions,high,ccn_advanced|hipaa|stig|stig_gui,4,0.9344,no
10,21,17,anssi_bp28_enhanced|anssi_bp28_high|ccn_advanced|ccn_basic|ccn_intermediate|cis|cis_server_l1|cis_workstation_l1|cis_workstation_l2|cui|e8|hipaa|ism_o|ospp|pci-dss|stig|stig_gui,xccdf_org.ssgproject.content_rule_harden_sshd_ciphers_opensshserver_conf_crypto_policy,Configure SSH Server to Use FIPS 140-2 Validated Ciphers: opensshserver.config,xccdf_org.ssgproject.content_rule_configure_crypto_policy,Configure System Cryptography Policy,high,ccn_advanced|ccn_basic|ccn_intermediate|cis|cis_server_l1|cis_workstation_l1|cis_workstation_l2|cui|e8|hipaa|ism_o|ospp|pci-dss|stig|stig_gui,15,0.9583,no
10,21,17,anssi_bp28_enhanced|anssi_bp28_high|ccn_advanced|ccn_basic|ccn_intermediate|cis|cis_server_l1|cis_workstation_l1|cis_workstation_l2|cui|e8|hipaa|ism_o|ospp|pci-dss|stig|stig_gui,xccdf_org.ssgproject.content_rule_harden_sshd_ciphers_opensshserver_conf_crypto_policy,Configure SSH Server to Use FIPS 140-2 Validated Ciphers: opensshserver.config,xccdf_org.ssgproject.content_rule_configure_ssh_crypto_policy,Configure SSH to use System Crypto Policy,medium,ccn_advanced|ccn_basic|ccn_intermediate|cis|cis_server_l1|cis_workstation_l1|cis_workstation_l2|cui|e8|hipaa|ism_o|ospp|pci-dss|stig|stig_gui,15,0.9741,no
10,21,17,anssi_bp28_enhanced|anssi_bp28_high|ccn_advanced|ccn_basic|ccn_intermediate|cis|cis_server_l1|cis_workstation_l1|cis_workstation_l2|cui|e8|hipaa|ism_o|ospp|pci-dss|stig|stig_gui,xccdf_org.ssgproject.content_rule_harden_sshd_ciphers_opensshserver_conf_crypto_policy,Configure SSH Server to Use FIPS 140-2 Validated Ciphers: opensshserver.config,xccdf_org.ssgproject.content_rule_selinux_policytype,Configure SELinux Policy,medium,anssi_bp28_enhanced|anssi_bp28_high|ccn_advanced|ccn_intermediate|cis|cis_server_l1|cis_workstation_l1|cis_workstation_l2|cui|e8|hipaa|ism_o|ospp|pci-dss|stig|stig_gui,16,0.9356,no
11,4,16,anssi_bp28_enhanced|anssi_bp28_high|anssi_bp28_intermediary|ccn_advanced|ccn_basic|ccn_intermediate|cis|cis_server_l1|cis_workstation_l1|cis_workstation_l2|e8|hipaa|ism_o|pci-dss|stig|stig_gui,xccdf_org.ssgproject.content_rule_audit_rules_usergroup_modification_passwd,Record Events that Modify User/Group Information - /etc/passwd,xccdf_org.ssgproject.content_rule_audit_rules_for_ospp,Configure audit according to OSPP requirements,medium,,0,0.9252,no
11,4,16,anssi_bp28_enhanced|anssi_bp28_high|anssi_bp28_intermediary|ccn_advanced|ccn_basic|ccn_intermediate|cis|cis_server_l1|cis_workstation_l1|cis_workstation_l2|e8|hipaa|ism_o|pci-dss|stig|stig_gui,xccdf_org.ssgproject.content_rule_audit_rules_usergroup_modification_passwd,Record Events that Modify User/Group Information - /etc/passwd,xccdf_org.ssgproject.content_rule_directory_access_var_log_audit,Record Access Events to Audit Log Directory,medium,pci-dss,1,0.9596,no
11,4,16,anssi_bp28_enhanced|anssi_bp28_high|anssi_bp28_intermediary|ccn_advanced|ccn_basic|ccn_intermediate|cis|cis_server_l1|cis_workstation_l1|cis_workstation_l2|e8|hipaa|ism_o|pci-dss|stig|stig_gui,xccdf_org.ssgproject.content_rule_audit_rules_usergroup_modification_passwd,Record Events that Modify User/Group Information - /etc/passwd,xccdf_org.ssgproject.content_rule_file_groupownership_audit_binaries,Verify that audit tools are owned by group root,medium,cis|cis_workstation_l2,2,0.8971,no
11,4,16,anssi_bp28_enhanced|anssi_bp28_high|anssi_bp28_intermediary|ccn_advanced|ccn_basic|ccn_intermediate|cis|cis_server_l1|cis_workstation_l1|cis_workstation_l2|e8|hipaa|ism_o|pci-dss|stig|stig_gui,xccdf_org.ssgproject.content_rule_audit_rules_usergroup_modification_passwd,Record Events that Modify User/Group Information - /etc/passwd,xccdf_org.ssgproject.content_rule_file_ownership_audit_binaries,Verify that audit tools are owned by root,medium,cis|cis_workstation_l2,2,0.8968,no
11,4,16,anssi_bp28_enhanced|anssi_bp28_high|anssi_bp28_intermediary|ccn_advanced|ccn_basic|ccn_intermediate|cis|cis_server_l1|cis_workstation_l1|cis_workstation_l2|e8|hipaa|ism_o|pci-dss|stig|stig_gui,xccdf_org.ssgproject.content_rule_audit_rules_usergroup_modification_passwd,Record Events that Modify User/Group Information - /etc/passwd,xccdf_org.ssgproject.content_rule_file_permissions_audit_binaries,Verify that audit tools Have Mode 0755 or less,medium,cis|cis_workstation_l2,2,0.8935,no
11,4,16,anssi_bp28_enhanced|anssi_bp28_high|anssi_bp28_intermediary|ccn_advanced|ccn_basic|ccn_intermediate|cis|cis_server_l1|cis_workstation_l1|cis_workstation_l2|e8|hipaa|ism_o|pci-dss|stig|stig_gui,xccdf_org.ssgproject.content_rule_audit_rules_usergroup_modification_passwd,Record Events that Modify User/Group Information - /etc/passwd,xccdf_org.ssgproject.content_rule_audit_rules_mac_modification_usr_share,Record Events that Modify the System's Mandatory Access Controls in usr/share,medium,cis|cis_workstation_l2,2,0.9747,no
11,4,16,anssi_bp28_enhanced|anssi_bp28_high|anssi_bp28_intermediary|ccn_advanced|ccn_basic|ccn_intermediate|cis|cis_server_l1|cis_workstation_l1|cis_workstation_l2|e8|hipaa|ism_o|pci-dss|stig|stig_gui,xccdf_org.ssgproject.content_rule_audit_rules_usergroup_modification_passwd,Record Events that Modify User/Group Information - /etc/passwd,xccdf_org.ssgproject.content_rule_audit_rules_networkconfig_modification_network_scripts,Record Events that Modify the System's Network Environment,medium,cis|cis_workstation_l2,2,0.9843,no
11,4,16,anssi_bp28_enhanced|anssi_bp28_high|anssi_bp28_intermediary|ccn_advanced|ccn_basic|ccn_intermediate|cis|cis_server_l1|cis_workstation_l1|cis_workstation_l2|e8|hipaa|ism_o|pci-dss|stig|stig_gui,xccdf_org.ssgproject.content_rule_audit_rules_usergroup_modification_passwd,Record Events that Modify User/Group Information - /etc/passwd,xccdf_org.ssgproject.content_rule_audit_rules_sudoers,Ensure auditd Collects System Administrator Actions - /etc/sudoers,medium,stig|stig_gui,2,0.9776,no
11,4,16,anssi_bp28_enhanced|anssi_bp28_high|anssi_bp28_intermediary|ccn_advanced|ccn_basic|ccn_intermediate|cis|cis_server_l1|cis_workstation_l1|cis_workstation_l2|e8|hipaa|ism_o|pci-dss|stig|stig_gui,xccdf_org.ssgproject.content_rule_audit_rules_usergroup_modification_passwd,Record Events that Modify User/Group Information - /etc/passwd,xccdf_org.ssgproject.content_rule_audit_rules_sudoers_d,Ensure auditd Collects System Administrator Actions - /etc/sudoers.d/,medium,stig|stig_gui,2,0.9777,no
11,4,16,anssi_bp28_enhanced|anssi_bp28_high|anssi_bp28_intermediary|ccn_advanced|ccn_basic|ccn_intermediate|cis|cis_server_l1|cis_workstation_l1|cis_workstation_l2|e8|hipaa|ism_o|pci-dss|stig|stig_gui,xccdf_org.ssgproject.content_rule_audit_rules_usergroup_modification_passwd,Record Events that Modify User/Group Information - /etc/passwd,xccdf_org.ssgproject.content_rule_audit_rules_usergroup_modification,Record Events that Modify User/Group Information,medium,e8|ism_o,2,0.9429,no
11,4,16,anssi_bp28_enhanced|anssi_bp28_high|anssi_bp28_intermediary|ccn_advanced|ccn_basic|ccn_intermediate|cis|cis_server_l1|cis_workstation_l1|cis_workstation_l2|e8|hipaa|ism_o|pci-dss|stig|stig_gui,xccdf_org.ssgproject.content_rule_audit_rules_usergroup_modification_passwd,Record Events that Modify User/Group Information - /etc/passwd,xccdf_org.ssgproject.content_rule_audit_rules_login_events,Record Attempts to Alter Logon and Logout Events,medium,e8|ism_o,2,0.9647,no
11,4,16,anssi_bp28_enhanced|anssi_bp28_high|anssi_bp28_intermediary|ccn_advanced|ccn_basic|ccn_intermediate|cis|cis_server_l1|cis_workstation_l1|cis_workstation_l2|e8|hipaa|ism_o|pci-dss|stig|stig_gui,xccdf_org.ssgproject.content_rule_audit_rules_usergroup_modification_passwd,Record Events that Modify User/Group Information - /etc/passwd,xccdf_org.ssgproject.content_rule_audit_privileged_commands_init,Ensure auditd Collects Information on the Use of Privileged Commands - init,medium,stig|stig_gui,2,0.966,no
11,4,16,anssi_bp28_enhanced|anssi_bp28_high|anssi_bp28_intermediary|ccn_advanced|ccn_basic|ccn_intermediate|cis|cis_server_l1|cis_workstation_l1|cis_workstation_l2|e8|hipaa|ism_o|pci-dss|stig|stig_gui,xccdf_org.ssgproject.content_rule_audit_rules_usergroup_modification_passwd,Record Events that Modify User/Group Information - /etc/passwd,xccdf_org.ssgproject.content_rule_audit_privileged_commands_poweroff,Ensure auditd Collects Information on the Use of Privileged Commands - poweroff,medium,stig|stig_gui,2,0.9642,no
11,4,16,anssi_bp28_enhanced|anssi_bp28_high|anssi_bp28_intermediary|ccn_advanced|ccn_basic|ccn_intermediate|cis|cis_server_l1|cis_workstation_l1|cis_workstation_l2|e8|hipaa|ism_o|pci-dss|stig|stig_gui,xccdf_org.ssgproject.content_rule_audit_rules_usergroup_modification_passwd,Record Events that Modify User/Group Information - /etc/passwd,xccdf_org.ssgproject.content_rule_audit_privileged_commands_reboot,Ensure auditd Collects Information on the Use of Privileged Commands - reboot,medium,stig|stig_gui,2,0.964,no
11,4,16,anssi_bp28_enhanced|anssi_bp28_high|anssi_bp28_intermediary|ccn_advanced|ccn_basic|ccn_intermediate|cis|cis_server_l1|cis_workstation_l1|cis_workstation_l2|e8|hipaa|ism_o|pci-dss|stig|stig_gui,xccdf_org.ssgproject.content_rule_audit_rules_usergroup_modification_passwd,Record Events that Modify User/Group Information - /etc/passwd,xccdf_org.ssgproject.content_rule_audit_privileged_commands_shutdown,Ensure auditd Collects Information on the Use of Privileged Commands - shutdown,medium,stig|stig_gui,2,0.9629,no
11,4,16,anssi_bp28_enhanced|anssi_bp28_high|anssi_bp28_intermediary|ccn_advanced|ccn_basic|ccn_intermediate|cis|cis_server_l1|cis_workstation_l1|cis_workstation_l2|e8|hipaa|ism_o|pci-dss|stig|stig_gui,xccdf_org.ssgproject.content_rule_audit_rules_usergroup_modification_passwd,Record Events that Modify User/Group Information - /etc/passwd,xccdf_org.ssgproject.content_rule_aide_scan_notification,Configure Notification of Post-AIDE Scan Details,medium,anssi_bp28_high|stig|stig_gui,3,0.9128,no
11,4,16,anssi_bp28_enhanced|anssi_bp28_high|anssi_bp28_intermediary|ccn_advanced|ccn_basic|ccn_intermediate|cis|cis_server_l1|cis_workstation_l1|cis_workstation_l2|e8|hipaa|ism_o|pci-dss|stig|stig_gui,xccdf_org.ssgproject.content_rule_audit_rules_usergroup_modification_passwd,Record Events that Modify User/Group Information - /etc/passwd,xccdf_org.ssgproject.content_rule_audit_rules_system_shutdown,Shutdown System When Auditing Failures Occur,medium,hipaa|stig|stig_gui,3,0.9615,no
11,4,16,anssi_bp28_enhanced|anssi_bp28_high|anssi_bp28_intermediary|ccn_advanced|ccn_basic|ccn_intermediate|cis|cis_server_l1|cis_workstation_l1|cis_workstation_l2|e8|hipaa|ism_o|pci-dss|stig|stig_gui,xccdf_org.ssgproject.content_rule_audit_rules_usergroup_modification_passwd,Record Events that Modify User/Group Information - /etc/passwd,xccdf_org.ssgproject.content_rule_account_password_pam_faillock_password_auth,Configure the Use of the pam_faillock.so Module in the /etc/pam.d/password-auth File.,medium,cis|cis_server_l1|cis_workstation_l1|cis_workstation_l2|stig|stig_gui,6,0.9184,no
11,4,16,anssi_bp28_enhanced|anssi_bp28_high|anssi_bp28_intermediary|ccn_advanced|ccn_basic|ccn_intermediate|cis|cis_server_l1|cis_workstation_l1|cis_workstation_l2|e8|hipaa|ism_o|pci-dss|stig|stig_gui,xccdf_org.ssgproject.content_rule_audit_rules_usergroup_modification_passwd,Record Events that Modify User/Group Information - /etc/passwd,xccdf_org.ssgproject.content_rule_account_password_pam_faillock_system_auth,Configure the Use of the pam_faillock.so Module in the /etc/pam.d/system-auth File.,medium,cis|cis_server_l1|cis_workstation_l1|cis_workstation_l2|stig|stig_gui,6,0.9204,no
11,4,16,anssi_bp28_enhanced|anssi_bp28_high|anssi_bp28_intermediary|ccn_advanced|ccn_basic|ccn_intermediate|cis|cis_server_l1|cis_workstation_l1|cis_workstation_l2|e8|hipaa|ism_o|pci-dss|stig|stig_gui,xccdf_org.ssgproject.content_rule_audit_rules_usergroup_modification_passwd,Record Events that Modify User/Group Information - /etc/passwd,xccdf_org.ssgproject.content_rule_audit_rules_mac_modification,Record Events that Modify the System's Mandatory Access Controls,medium,anssi_bp28_enhanced|anssi_bp28_high|cis|cis_workstation_l2|hipaa|pci-dss,6,0.9785,no
11,4,16,anssi_bp28_enhanced|anssi_bp28_high|anssi_bp28_intermediary|ccn_advanced|ccn_basic|ccn_intermediate|cis|cis_server_l1|cis_workstation_l1|cis_workstation_l2|e8|hipaa|ism_o|pci-dss|stig|stig_gui,xccdf_org.ssgproject.content_rule_audit_rules_usergroup_modification_passwd,Record Events that Modify User/Group Information - /etc/passwd,xccdf_org.ssgproject.content_rule_audit_rules_login_events_tallylog,Record Attempts to Alter Logon and Logout Events - tallylog,medium,e8|hipaa|ism_o|pci-dss|stig|stig_gui,6,0.9755,no
11,4,16,anssi_bp28_enhanced|anssi_bp28_high|anssi_bp28_intermediary|ccn_advanced|ccn_basic|ccn_intermediate|cis|cis_server_l1|cis_workstation_l1|cis_workstation_l2|e8|hipaa|ism_o|pci-dss|stig|stig_gui,xccdf_org.ssgproject.content_rule_audit_rules_usergroup_modification_passwd,Record Events that Modify User/Group Information - /etc/passwd,xccdf_org.ssgproject.content_rule_aide_periodic_cron_checking,Configure Periodic Execution of AIDE,medium,anssi_bp28_high|cis|cis_server_l1|cis_workstation_l1|cis_workstation_l2|pci-dss|stig|stig_gui,8,0.9093,no
11,4,16,anssi_bp28_enhanced|anssi_bp28_high|anssi_bp28_intermediary|ccn_advanced|ccn_basic|ccn_intermediate|cis|cis_server_l1|cis_workstation_l1|cis_workstation_l2|e8|hipaa|ism_o|pci-dss|stig|stig_gui,xccdf_org.ssgproject.content_rule_audit_rules_usergroup_modification_passwd,Record Events that Modify User/Group Information - /etc/passwd,xccdf_org.ssgproject.content_rule_audit_rules_immutable,Make the auditd Configuration Immutable,medium,anssi_bp28_enhanced|anssi_bp28_high|cis|cis_workstation_l2|hipaa|pci-dss|stig|stig_gui,8,0.9627,no
11,4,16,anssi_bp28_enhanced|anssi_bp28_high|anssi_bp28_intermediary|ccn_advanced|ccn_basic|ccn_intermediate|cis|cis_server_l1|cis_workstation_l1|cis_workstation_l2|e8|hipaa|ism_o|pci-dss|stig|stig_gui,xccdf_org.ssgproject.content_rule_audit_rules_usergroup_modification_passwd,Record Events that Modify User/Group Information - /etc/passwd,xccdf_org.ssgproject.content_rule_audit_rules_networkconfig_modification,Record Events that Modify the System's Network Environment,medium,anssi_bp28_enhanced|anssi_bp28_high|cis|cis_workstation_l2|e8|hipaa|ism_o|pci-dss,8,0.9368,no
11,4,16,anssi_bp28_enhanced|anssi_bp28_high|anssi_bp28_intermediary|ccn_advanced|ccn_basic|ccn_intermediate|cis|cis_server_l1|cis_workstation_l1|cis_workstation_l2|e8|hipaa|ism_o|pci-dss|stig|stig_gui,xccdf_org.ssgproject.content_rule_audit_rules_usergroup_modification_passwd,Record Events that Modify User/Group Information - /etc/passwd,xccdf_org.ssgproject.content_rule_audit_rules_time_watch_localtime,Record Attempts to Alter the localtime File,medium,anssi_bp28_enhanced|anssi_bp28_high|cis|cis_workstation_l2|e8|hipaa|ism_o|pci-dss,8,0.9731,no
11,4,16,anssi_bp28_enhanced|anssi_bp28_high|anssi_bp28_intermediary|ccn_advanced|ccn_basic|ccn_intermediate|cis|cis_server_l1|cis_workstation_l1|cis_workstation_l2|e8|hipaa|ism_o|pci-dss|stig|stig_gui,xccdf_org.ssgproject.content_rule_audit_rules_usergroup_modification_passwd,Record Events that Modify User/Group Information - /etc/passwd,xccdf_org.ssgproject.content_rule_aide_build_database,Build and Test AIDE Database,medium,anssi_bp28_enhanced|anssi_bp28_high|anssi_bp28_intermediary|cis|cis_server_l1|cis_workstation_l1|cis_workstation_l2|pci-dss|stig|stig_gui,10,0.9196,no
11,4,16,anssi_bp28_enhanced|anssi_bp28_high|anssi_bp28_intermediary|ccn_advanced|ccn_basic|ccn_intermediate|cis|cis_server_l1|cis_workstation_l1|cis_workstation_l2|e8|hipaa|ism_o|pci-dss|stig|stig_gui,xccdf_org.ssgproject.content_rule_audit_rules_usergroup_modification_passwd,Record Events that Modify User/Group Information - /etc/passwd,xccdf_org.ssgproject.content_rule_audit_rules_session_events,Record Attempts to Alter Process and Session Initiation Information,medium,anssi_bp28_enhanced|anssi_bp28_high|ccn_advanced|ccn_basic|ccn_intermediate|cis|cis_workstation_l2|hipaa|ism_o|pci-dss,10,0.9643,no
11,4,16,anssi_bp28_enhanced|anssi_bp28_high|anssi_bp28_intermediary|ccn_advanced|ccn_basic|ccn_intermediate|cis|cis_server_l1|cis_workstation_l1|cis_workstation_l2|e8|hipaa|ism_o|pci-dss|stig|stig_gui,xccdf_org.ssgproject.content_rule_audit_rules_usergroup_modification_passwd,Record Events that Modify User/Group Information - /etc/passwd,xccdf_org.ssgproject.content_rule_audit_rules_sysadmin_actions,Ensure auditd Collects System Administrator Actions,medium,anssi_bp28_enhanced|anssi_bp28_high|ccn_advanced|ccn_basic|ccn_intermediate|cis|cis_workstation_l2|e8|hipaa|ism_o|pci-dss,11,0.9763,no
11,4,16,anssi_bp28_enhanced|anssi_bp28_high|anssi_bp28_intermediary|ccn_advanced|ccn_basic|ccn_intermediate|cis|cis_server_l1|cis_workstation_l1|cis_workstation_l2|e8|hipaa|ism_o|pci-dss|stig|stig_gui,xccdf_org.ssgproject.content_rule_audit_rules_usergroup_modification_passwd,Record Events that Modify User/Group Information - /etc/passwd,xccdf_org.ssgproject.content_rule_audit_rules_usergroup_modification_group,Record Events that Modify User/Group Information - /etc/group,medium,anssi_bp28_enhanced|anssi_bp28_high|ccn_advanced|ccn_basic|ccn_intermediate|cis|cis_workstation_l2|hipaa|pci-dss|stig|stig_gui,11,0.9971,no
11,4,16,anssi_bp28_enhanced|anssi_bp28_high|anssi_bp28_intermediary|ccn_advanced|ccn_basic|ccn_intermediate|cis|cis_server_l1|cis_workstation_l1|cis_workstation_l2|e8|hipaa|ism_o|pci-dss|stig|stig_gui,xccdf_org.ssgproject.content_rule_audit_rules_usergroup_modification_passwd,Record Events that Modify User/Group Information - /etc/passwd,xccdf_org.ssgproject.content_rule_audit_rules_usergroup_modification_gshadow,Record Events that Modify User/Group Information - /etc/gshadow,medium,anssi_bp28_enhanced|anssi_bp28_high|ccn_advanced|ccn_basic|ccn_intermediate|cis|cis_workstation_l2|hipaa|pci-dss|stig|stig_gui,11,0.9963,no
11,4,16,anssi_bp28_enhanced|anssi_bp28_high|anssi_bp28_intermediary|ccn_advanced|ccn_basic|ccn_intermediate|cis|cis_server_l1|cis_workstation_l1|cis_workstation_l2|e8|hipaa|ism_o|pci-dss|stig|stig_gui,xccdf_org.ssgproject.content_rule_audit_rules_usergroup_modification_passwd,Record Events that Modify User/Group Information - /etc/passwd,xccdf_org.ssgproject.content_rule_audit_rules_usergroup_modification_opasswd,Record Events that Modify User/Group Information - /etc/security/opasswd,medium,anssi_bp28_enhanced|anssi_bp28_high|ccn_advanced|ccn_basic|ccn_intermediate|cis|cis_workstation_l2|hipaa|pci-dss|stig|stig_gui,11,0.9964,no
11,4,16,anssi_bp28_enhanced|anssi_bp28_high|anssi_bp28_intermediary|ccn_advanced|ccn_basic|ccn_intermediate|cis|cis_server_l1|cis_workstation_l1|cis_workstation_l2|e8|hipaa|ism_o|pci-dss|stig|stig_gui,xccdf_org.ssgproject.content_rule_audit_rules_usergroup_modification_passwd,Record Events that Modify User/Group Information - /etc/passwd,xccdf_org.ssgproject.content_rule_audit_rules_usergroup_modification_passwd,Record Events that Modify User/Group Information - /etc/passwd,medium,anssi_bp28_enhanced|anssi_bp28_high|ccn_advanced|ccn_basic|ccn_intermediate|cis|cis_workstation_l2|hipaa|pci-dss|stig|stig_gui,11,1.0,yes
11,4,16,anssi_bp28_enhanced|anssi_bp28_high|anssi_bp28_intermediary|ccn_advanced|ccn_basic|ccn_intermediate|cis|cis_server_l1|cis_workstation_l1|cis_workstation_l2|e8|hipaa|ism_o|pci-dss|stig|stig_gui,xccdf_org.ssgproject.content_rule_audit_rules_usergroup_modification_passwd,Record Events that Modify User/Group Information - /etc/passwd,xccdf_org.ssgproject.content_rule_audit_rules_usergroup_modification_shadow,Record Events that Modify User/Group Information - /etc/shadow,medium,anssi_bp28_enhanced|anssi_bp28_high|ccn_advanced|ccn_basic|ccn_intermediate|cis|cis_workstation_l2|hipaa|pci-dss|stig|stig_gui,11,0.9955,no
11,4,16,anssi_bp28_enhanced|anssi_bp28_high|anssi_bp28_intermediary|ccn_advanced|ccn_basic|ccn_intermediate|cis|cis_server_l1|cis_workstation_l1|cis_workstation_l2|e8|hipaa|ism_o|pci-dss|stig|stig_gui,xccdf_org.ssgproject.content_rule_audit_rules_usergroup_modification_passwd,Record Events that Modify User/Group Information - /etc/passwd,xccdf_org.ssgproject.content_rule_audit_rules_login_events_faillock,Record Attempts to Alter Logon and Logout Events - faillock,medium,anssi_bp28_enhanced|anssi_bp28_high|ccn_advanced|ccn_basic|ccn_intermediate|cis|cis_workstation_l2|e8|hipaa|ism_o|pci-dss|stig|stig_gui,13,0.9714,no
11,4,16,anssi_bp28_enhanced|anssi_bp28_high|anssi_bp28_intermediary|ccn_advanced|ccn_basic|ccn_intermediate|cis|cis_server_l1|cis_workstation_l1|cis_workstation_l2|e8|hipaa|ism_o|pci-dss|stig|stig_gui,xccdf_org.ssgproject.content_rule_audit_rules_usergroup_modification_passwd,Record Events that Modify User/Group Information - /etc/passwd,xccdf_org.ssgproject.content_rule_audit_rules_login_events_lastlog,Record Attempts to Alter Logon and Logout Events - lastlog,medium,anssi_bp28_enhanced|anssi_bp28_high|ccn_advanced|ccn_basic|ccn_intermediate|cis|cis_workstation_l2|e8|hipaa|ism_o|pci-dss|stig|stig_gui,13,0.9772,no
12,8,16,anssi_bp28_enhanced|anssi_bp28_high|anssi_bp28_intermediary|anssi_bp28_minimal|ccn_advanced|ccn_intermediate|cis|cis_server_l1|cis_workstation_l1|cis_workstation_l2|e8|hipaa|ism_o|pci-dss|stig|stig_gui,xccdf_org.ssgproject.content_rule_package_samba_removed,Uninstall Samba Package,xccdf_org.ssgproject.content_rule_package_geolite2-city_removed,Uninstall geolite2-city Package,low,,0,0.9395,no
12,8,16,anssi_bp28_enhanced|anssi_bp28_high|anssi_bp28_intermediary|anssi_bp28_minimal|ccn_advanced|ccn_intermediate|cis|cis_server_l1|cis_workstation_l1|cis_workstation_l2|e8|hipaa|ism_o|pci-dss|stig|stig_gui,xccdf_org.ssgproject.content_rule_package_samba_removed,Uninstall Samba Package,xccdf_org.ssgproject.content_rule_package_geolite2-country_removed,Uninstall geolite2-country Package,low,,0,0.9413,no
12,8,16,anssi_bp28_enhanced|anssi_bp28_high|anssi_bp28_intermediary|anssi_bp28_minimal|ccn_advanced|ccn_intermediate|cis|cis_server_l1|cis_workstation_l1|cis_workstation_l2|e8|hipaa|ism_o|pci-dss|stig|stig_gui,xccdf_org.ssgproject.content_rule_package_samba_removed,Uninstall Samba Package,xccdf_org.ssgproject.content_rule_package_krb5-workstation_removed,Uninstall krb5-workstation Package,medium,,0,0.9476,no
12,8,16,anssi_bp28_enhanced|anssi_bp28_high|anssi_bp28_intermediary|anssi_bp28_minimal|ccn_advanced|ccn_intermediate|cis|cis_server_l1|cis_workstation_l1|cis_workstation_l2|e8|hipaa|ism_o|pci-dss|stig|stig_gui,xccdf_org.ssgproject.content_rule_package_samba_removed,Uninstall Samba Package,xccdf_org.ssgproject.content_rule_package_openssh-server_removed,Remove the OpenSSH Server Package,medium,,0,0.943,no
12,8,16,anssi_bp28_enhanced|anssi_bp28_high|anssi_bp28_intermediary|anssi_bp28_minimal|ccn_advanced|ccn_intermediate|cis|cis_server_l1|cis_workstation_l1|cis_workstation_l2|e8|hipaa|ism_o|pci-dss|stig|stig_gui,xccdf_org.ssgproject.content_rule_package_samba_removed,Uninstall Samba Package,xccdf_org.ssgproject.content_rule_package_nfs-utils_removed,Uninstall nfs-utils Package,low,stig,1,0.9476,no
12,8,16,anssi_bp28_enhanced|anssi_bp28_high|anssi_bp28_intermediary|anssi_bp28_minimal|ccn_advanced|ccn_intermediate|cis|cis_server_l1|cis_workstation_l1|cis_workstation_l2|e8|hipaa|ism_o|pci-dss|stig|stig_gui,xccdf_org.ssgproject.content_rule_package_samba_removed,Uninstall Samba Package,xccdf_org.ssgproject.content_rule_package_gssproxy_removed,Uninstall gssproxy Package,medium,stig|stig_gui,2,0.9464,no
12,8,16,anssi_bp28_enhanced|anssi_bp28_high|anssi_bp28_intermediary|anssi_bp28_minimal|ccn_advanced|ccn_intermediate|cis|cis_server_l1|cis_workstation_l1|cis_workstation_l2|e8|hipaa|ism_o|pci-dss|stig|stig_gui,xccdf_org.ssgproject.content_rule_package_samba_removed,Uninstall Samba Package,xccdf_org.ssgproject.content_rule_package_iprutils_removed,Uninstall iprutils Package,medium,stig|stig_gui,2,0.9694,no
12,8,16,anssi_bp28_enhanced|anssi_bp28_high|anssi_bp28_intermediary|anssi_bp28_minimal|ccn_advanced|ccn_intermediate|cis|cis_server_l1|cis_workstation_l1|cis_workstation_l2|e8|hipaa|ism_o|pci-dss|stig|stig_gui,xccdf_org.ssgproject.content_rule_package_samba_removed,Uninstall Samba Package,xccdf_org.ssgproject.content_rule_package_tuned_removed,Uninstall tuned Package,medium,stig|stig_gui,2,0.9675,no
12,8,16,anssi_bp28_enhanced|anssi_bp28_high|anssi_bp28_intermediary|anssi_bp28_minimal|ccn_advanced|ccn_intermediate|cis|cis_server_l1|cis_workstation_l1|cis_workstation_l2|e8|hipaa|ism_o|pci-dss|stig|stig_gui,xccdf_org.ssgproject.content_rule_package_samba_removed,Uninstall Samba Package,xccdf_org.ssgproject.content_rule_package_cups_removed,Uninstall CUPS Package,unknown,cis|cis_server_l1,2,0.9822,no
12,8,16,anssi_bp28_enhanced|anssi_bp28_high|anssi_bp28_intermediary|anssi_bp28_minimal|ccn_advanced|ccn_intermediate|cis|cis_server_l1|cis_workstation_l1|cis_workstation_l2|e8|hipaa|ism_o|pci-dss|stig|stig_gui,xccdf_org.ssgproject.content_rule_package_samba_removed,Uninstall Samba Package,xccdf_org.ssgproject.content_rule_package_httpd_removed,Uninstall httpd Package,unknown,cis|cis_server_l1|cis_workstation_l1|cis_workstation_l2,4,0.9734,no
12,8,16,anssi_bp28_enhanced|anssi_bp28_high|anssi_bp28_intermediary|anssi_bp28_minimal|ccn_advanced|ccn_intermediate|cis|cis_server_l1|cis_workstation_l1|cis_workstation_l2|e8|hipaa|ism_o|pci-dss|stig|stig_gui,xccdf_org.ssgproject.content_rule_package_samba_removed,Uninstall Samba Package,xccdf_org.ssgproject.content_rule_package_nginx_removed,Uninstall nginx Package,unknown,cis|cis_server_l1|cis_workstation_l1|cis_workstation_l2,4,0.965,no
12,8,16,anssi_bp28_enhanced|anssi_bp28_high|anssi_bp28_intermediary|anssi_bp28_minimal|ccn_advanced|ccn_intermediate|cis|cis_server_l1|cis_workstation_l1|cis_workstation_l2|e8|hipaa|ism_o|pci-dss|stig|stig_gui,xccdf_org.ssgproject.content_rule_package_samba_removed,Uninstall Samba Package,xccdf_org.ssgproject.content_rule_package_xinetd_removed,Uninstall xinetd Package,low,anssi_bp28_enhanced|anssi_bp28_high|anssi_bp28_intermediary|anssi_bp28_minimal,4,0.9653,no
12,8,16,anssi_bp28_enhanced|anssi_bp28_high|anssi_bp28_intermediary|anssi_bp28_minimal|ccn_advanced|ccn_intermediate|cis|cis_server_l1|cis_workstation_l1|cis_workstation_l2|e8|hipaa|ism_o|pci-dss|stig|stig_gui,xccdf_org.ssgproject.content_rule_package_samba_removed,Uninstall Samba Package,xccdf_org.ssgproject.content_rule_package_quagga_removed,Uninstall quagga Package,low,e8|ism_o|stig|stig_gui,4,0.9575,no
12,8,16,anssi_bp28_enhanced|anssi_bp28_high|anssi_bp28_intermediary|anssi_bp28_minimal|ccn_advanced|ccn_intermediate|cis|cis_server_l1|cis_workstation_l1|cis_workstation_l2|e8|hipaa|ism_o|pci-dss|stig|stig_gui,xccdf_org.ssgproject.content_rule_package_samba_removed,Uninstall Samba Package,xccdf_org.ssgproject.content_rule_package_samba_removed,Uninstall Samba Package,unknown,cis|cis_server_l1|cis_workstation_l1|cis_workstation_l2,4,1.0,yes
12,8,16,anssi_bp28_enhanced|anssi_bp28_high|anssi_bp28_intermediary|anssi_bp28_minimal|ccn_advanced|ccn_intermediate|cis|cis_server_l1|cis_workstation_l1|cis_workstation_l2|e8|hipaa|ism_o|pci-dss|stig|stig_gui,xccdf_org.ssgproject.content_rule_package_samba_removed,Uninstall Samba Package,xccdf_org.ssgproject.content_rule_package_bind_removed,Uninstall bind Package,low,ccn_advanced|ccn_intermediate|cis|cis_server_l1|cis_workstation_l1|cis_workstation_l2,6,0.9663,no
12,8,16,anssi_bp28_enhanced|anssi_bp28_high|anssi_bp28_intermediary|anssi_bp28_minimal|ccn_advanced|ccn_intermediate|cis|cis_server_l1|cis_workstation_l1|cis_workstation_l2|e8|hipaa|ism_o|pci-dss|stig|stig_gui,xccdf_org.ssgproject.content_rule_package_samba_removed,Uninstall Samba Package,xccdf_org.ssgproject.content_rule_package_cyrus-imapd_removed,Uninstall cyrus-imapd Package,unknown,ccn_advanced|ccn_intermediate|cis|cis_server_l1|cis_workstation_l1|cis_workstation_l2,6,0.9505,no
12,8,16,anssi_bp28_enhanced|anssi_bp28_high|anssi_bp28_intermediary|anssi_bp28_minimal|ccn_advanced|ccn_intermediate|cis|cis_server_l1|cis_workstation_l1|cis_workstation_l2|e8|hipaa|ism_o|pci-dss|stig|stig_gui,xccdf_org.ssgproject.content_rule_package_samba_removed,Uninstall Samba Package,xccdf_org.ssgproject.content_rule_package_dovecot_removed,Uninstall dovecot Package,unknown,ccn_advanced|ccn_intermediate|cis|cis_server_l1|cis_workstation_l1|cis_workstation_l2,6,0.961,no
12,8,16,anssi_bp28_enhanced|anssi_bp28_high|anssi_bp28_intermediary|anssi_bp28_minimal|ccn_advanced|ccn_intermediate|cis|cis_server_l1|cis_workstation_l1|cis_workstation_l2|e8|hipaa|ism_o|pci-dss|stig|stig_gui,xccdf_org.ssgproject.content_rule_package_samba_removed,Uninstall Samba Package,xccdf_org.ssgproject.content_rule_package_sendmail_removed,Uninstall Sendmail Package,medium,anssi_bp28_enhanced|anssi_bp28_high|anssi_bp28_intermediary|anssi_bp28_minimal|stig|stig_gui,6,0.9461,no
12,8,16,anssi_bp28_enhanced|anssi_bp28_high|anssi_bp28_intermediary|anssi_bp28_minimal|ccn_advanced|ccn_intermediate|cis|cis_server_l1|cis_workstation_l1|cis_workstation_l2|e8|hipaa|ism_o|pci-dss|stig|stig_gui,xccdf_org.ssgproject.content_rule_package_samba_removed,Uninstall Samba Package,xccdf_org.ssgproject.content_rule_package_ypserv_removed,Uninstall ypserv Package,high,anssi_bp28_enhanced|anssi_bp28_high|anssi_bp28_intermediary|anssi_bp28_minimal|stig|stig_gui,6,0.951,no
12,8,16,anssi_bp28_enhanced|anssi_bp28_high|anssi_bp28_intermediary|anssi_bp28_minimal|ccn_advanced|ccn_intermediate|cis|cis_server_l1|cis_workstation_l1|cis_workstation_l2|e8|hipaa|ism_o|pci-dss|stig|stig_gui,xccdf_org.ssgproject.content_rule_package_samba_removed,Uninstall Samba Package,xccdf_org.ssgproject.content_rule_package_rsh_removed,Uninstall rsh Package,unknown,anssi_bp28_enhanced|anssi_bp28_high|anssi_bp28_intermediary|anssi_bp28_minimal|e8|ism_o,6,0.8993,no
12,8,16,anssi_bp28_enhanced|anssi_bp28_high|anssi_bp28_intermediary|anssi_bp28_minimal|ccn_advanced|ccn_intermediate|cis|cis_server_l1|cis_workstation_l1|cis_workstation_l2|e8|hipaa|ism_o|pci-dss|stig|stig_gui,xccdf_org.ssgproject.content_rule_package_samba_removed,Uninstall Samba Package,xccdf_org.ssgproject.content_rule_package_talk-server_removed,Uninstall talk-server Package,medium,anssi_bp28_enhanced|anssi_bp28_high|anssi_bp28_intermediary|anssi_bp28_minimal|e8|hipaa|ism_o,7,0.9578,no
12,8,16,anssi_bp28_enhanced|anssi_bp28_high|anssi_bp28_intermediary|anssi_bp28_minimal|ccn_advanced|ccn_intermediate|cis|cis_server_l1|cis_workstation_l1|cis_workstation_l2|e8|hipaa|ism_o|pci-dss|stig|stig_gui,xccdf_org.ssgproject.content_rule_package_samba_removed,Uninstall Samba Package,xccdf_org.ssgproject.content_rule_package_net-snmp_removed,Uninstall net-snmp Package,unknown,ccn_advanced|ccn_intermediate|cis|cis_server_l1|cis_workstation_l1|cis_workstation_l2|pci-dss,7,0.9325,no
12,8,16,anssi_bp28_enhanced|anssi_bp28_high|anssi_bp28_intermediary|anssi_bp28_minimal|ccn_advanced|ccn_intermediate|cis|cis_server_l1|cis_workstation_l1|cis_workstation_l2|e8|hipaa|ism_o|pci-dss|stig|stig_gui,xccdf_org.ssgproject.content_rule_package_samba_removed,Uninstall Samba Package,xccdf_org.ssgproject.content_rule_package_vsftpd_removed,Uninstall vsftpd Package,high,ccn_advanced|ccn_intermediate|cis|cis_server_l1|cis_workstation_l1|cis_workstation_l2|stig|stig_gui,8,0.9614,no
12,8,16,anssi_bp28_enhanced|anssi_bp28_high|anssi_bp28_intermediary|anssi_bp28_minimal|ccn_advanced|ccn_intermediate|cis|cis_server_l1|cis_workstation_l1|cis_workstation_l2|e8|hipaa|ism_o|pci-dss|stig|stig_gui,xccdf_org.ssgproject.content_rule_package_samba_removed,Uninstall Samba Package,xccdf_org.ssgproject.content_rule_package_rsh-server_removed,Uninstall rsh-server Package,high,anssi_bp28_enhanced|anssi_bp28_high|anssi_bp28_intermediary|anssi_bp28_minimal|e8|ism_o|stig|stig_gui,8,0.9618,no
12,8,16,anssi_bp28_enhanced|anssi_bp28_high|anssi_bp28_intermediary|anssi_bp28_minimal|ccn_advanced|ccn_intermediate|cis|cis_server_l1|cis_workstation_l1|cis_workstation_l2|e8|hipaa|ism_o|pci-dss|stig|stig_gui,xccdf_org.ssgproject.content_rule_package_samba_removed,Uninstall Samba Package,xccdf_org.ssgproject.content_rule_package_squid_removed,Uninstall squid Package,unknown,ccn_advanced|ccn_intermediate|cis|cis_server_l1|cis_workstation_l1|cis_workstation_l2|e8|ism_o,8,0.9762,no
12,8,16,anssi_bp28_enhanced|anssi_bp28_high|anssi_bp28_intermediary|anssi_bp28_minimal|ccn_advanced|ccn_intermediate|cis|cis_server_l1|cis_workstation_l1|cis_workstation_l2|e8|hipaa|ism_o|pci-dss|stig|stig_gui,xccdf_org.ssgproject.content_rule_package_samba_removed,Uninstall Samba Package,xccdf_org.ssgproject.content_rule_package_dhcp_removed,Uninstall DHCP Server Package,medium,anssi_bp28_enhanced|anssi_bp28_high|anssi_bp28_intermediary|anssi_bp28_minimal|cis|cis_server_l1|cis_workstation_l1|cis_workstation_l2|pci-dss,9,0.9486,no
12,8,16,anssi_bp28_enhanced|anssi_bp28_high|anssi_bp28_intermediary|anssi_bp28_minimal|ccn_advanced|ccn_intermediate|cis|cis_server_l1|cis_workstation_l1|cis_workstation_l2|e8|hipaa|ism_o|pci-dss|stig|stig_gui,xccdf_org.ssgproject.content_rule_package_samba_removed,Uninstall Samba Package,xccdf_org.ssgproject.content_rule_package_tftp-server_removed,Uninstall tftp-server Package,high,anssi_bp28_enhanced|anssi_bp28_high|anssi_bp28_intermediary|anssi_bp28_minimal|ccn_advanced|ccn_intermediate|cis|cis_server_l1|cis_workstation_l1|cis_workstation_l2|pci-dss|stig|stig_gui,13,0.9451,no
12,8,16,anssi_bp28_enhanced|anssi_bp28_high|anssi_bp28_intermediary|anssi_bp28_minimal|ccn_advanced|ccn_intermediate|cis|cis_server_l1|cis_workstation_l1|cis_workstation_l2|e8|hipaa|ism_o|pci-dss|stig|stig_gui,xccdf_org.ssgproject.content_rule_package_samba_removed,Uninstall Samba Package,xccdf_org.ssgproject.content_rule_package_telnet-server_removed,Uninstall telnet-server Package,high,anssi_bp28_enhanced|anssi_bp28_high|anssi_bp28_intermediary|anssi_bp28_minimal|ccn_advanced|ccn_intermediate|cis|cis_server_l1|cis_workstation_l1|cis_workstation_l2|e8|hipaa|ism_o|pci-dss|stig|stig_gui,16,0.9536,no
13,26,16,anssi_bp28_enhanced|anssi_bp28_high|anssi_bp28_intermediary|ccn_advanced|ccn_basic|ccn_intermediate|cis|cis_server_l1|cis_workstation_l1|cis_workstation_l2|e8|hipaa|ism_o|pci-dss|stig|stig_gui,xccdf_org.ssgproject.content_rule_ftp_configure_firewall,Configure Firewalls to Protect the FTP Server,xccdf_org.ssgproject.content_rule_enable_dconf_user_profile,Configure GNOME3 DConf User Profile,high,,0,0.9218,no
13,26,16,anssi_bp28_enhanced|anssi_bp28_high|anssi_bp28_intermediary|ccn_advanced|ccn_basic|ccn_intermediate|cis|cis_server_l1|cis_workstation_l1|cis_workstation_l2|e8|hipaa|ism_o|pci-dss|stig|stig_gui,xccdf_org.ssgproject.content_rule_ftp_configure_firewall,Configure Firewalls to Protect the FTP Server,xccdf_org.ssgproject.content_rule_rsyslog_logging_configured,Ensure logging is configured,medium,,0,0.9101,no
13,26,16,anssi_bp28_enhanced|anssi_bp28_high|anssi_bp28_intermediary|ccn_advanced|ccn_basic|ccn_intermediate|cis|cis_server_l1|cis_workstation_l1|cis_workstation_l2|e8|hipaa|ism_o|pci-dss|stig|stig_gui,xccdf_org.ssgproject.content_rule_ftp_configure_firewall,Configure Firewalls to Protect the FTP Server,xccdf_org.ssgproject.content_rule_rsyslog_accept_remote_messages_tcp,"Enable rsyslog to Accept Messages via TCP, if Acting As Log Server",unknown,,0,0.9354,no
13,26,16,anssi_bp28_enhanced|anssi_bp28_high|anssi_bp28_intermediary|ccn_advanced|ccn_basic|ccn_intermediate|cis|cis_server_l1|cis_workstation_l1|cis_workstation_l2|e8|hipaa|ism_o|pci-dss|stig|stig_gui,xccdf_org.ssgproject.content_rule_ftp_configure_firewall,Configure Firewalls to Protect the FTP Server,xccdf_org.ssgproject.content_rule_rsyslog_accept_remote_messages_udp,"Enable rsyslog to Accept Messages via UDP, if Acting As Log Server",unknown,,0,0.9361,no
13,26,16,anssi_bp28_enhanced|anssi_bp28_high|anssi_bp28_intermediary|ccn_advanced|ccn_basic|ccn_intermediate|cis|cis_server_l1|cis_workstation_l1|cis_workstation_l2|e8|hipaa|ism_o|pci-dss|stig|stig_gui,xccdf_org.ssgproject.content_rule_ftp_configure_firewall,Configure Firewalls to Protect the FTP Server,xccdf_org.ssgproject.content_rule_set_ipv6_loopback_traffic,Set configuration for IPv6 loopback traffic,medium,,0,0.9057,no
13,26,16,anssi_bp28_enhanced|anssi_bp28_high|anssi_bp28_intermediary|ccn_advanced|ccn_basic|ccn_intermediate|cis|cis_server_l1|cis_workstation_l1|cis_workstation_l2|e8|hipaa|ism_o|pci-dss|stig|stig_gui,xccdf_org.ssgproject.content_rule_ftp_configure_firewall,Configure Firewalls to Protect the FTP Server,xccdf_org.ssgproject.content_rule_set_loopback_traffic,Set configuration for loopback traffic,medium,,0,0.8983,no
13,26,16,anssi_bp28_enhanced|anssi_bp28_high|anssi_bp28_intermediary|ccn_advanced|ccn_basic|ccn_intermediate|cis|cis_server_l1|cis_workstation_l1|cis_workstation_l2|e8|hipaa|ism_o|pci-dss|stig|stig_gui,xccdf_org.ssgproject.content_rule_ftp_configure_firewall,Configure Firewalls to Protect the FTP Server,xccdf_org.ssgproject.content_rule_set_iptables_default_rule,Set Default iptables Policy for Incoming Packets,medium,,0,0.9441,no
13,26,16,anssi_bp28_enhanced|anssi_bp28_high|anssi_bp28_intermediary|ccn_advanced|ccn_basic|ccn_intermediate|cis|cis_server_l1|cis_workstation_l1|cis_workstation_l2|e8|hipaa|ism_o|pci-dss|stig|stig_gui,xccdf_org.ssgproject.content_rule_ftp_configure_firewall,Configure Firewalls to Protect the FTP Server,xccdf_org.ssgproject.content_rule_set_iptables_default_rule_forward,Set Default iptables Policy for Forwarded Packets,medium,,0,0.9478,no
13,26,16,anssi_bp28_enhanced|anssi_bp28_high|anssi_bp28_intermediary|ccn_advanced|ccn_basic|ccn_intermediate|cis|cis_server_l1|cis_workstation_l1|cis_workstation_l2|e8|hipaa|ism_o|pci-dss|stig|stig_gui,xccdf_org.ssgproject.content_rule_ftp_configure_firewall,Configure Firewalls to Protect the FTP Server,xccdf_org.ssgproject.content_rule_dhcp_client_restrict_options,Minimize the DHCP-Configured Options,unknown,,0,0.9447,no
13,26,16,anssi_bp28_enhanced|anssi_bp28_high|anssi_bp28_intermediary|ccn_advanced|ccn_basic|ccn_intermediate|cis|cis_server_l1|cis_workstation_l1|cis_workstation_l2|e8|hipaa|ism_o|pci-dss|stig|stig_gui,xccdf_org.ssgproject.content_rule_ftp_configure_firewall,Configure Firewalls to Protect the FTP Server,xccdf_org.ssgproject.content_rule_dhcp_server_minimize_served_info,Minimize Served Information,unknown,,0,0.9251,no
13,26,16,anssi_bp28_enhanced|anssi_bp28_high|anssi_bp28_intermediary|ccn_advanced|ccn_basic|ccn_intermediate|cis|cis_server_l1|cis_workstation_l1|cis_workstation_l2|e8|hipaa|ism_o|pci-dss|stig|stig_gui,xccdf_org.ssgproject.content_rule_ftp_configure_firewall,Configure Firewalls to Protect the FTP Server,xccdf_org.ssgproject.content_rule_fapolicy_default_deny,"Configure Fapolicy Module to Employ a Deny-all, Permit-by-exception Policy to Allow the Execution of Authorized Software Programs.",medium,,0,0.868,no
13,26,16,anssi_bp28_enhanced|anssi_bp28_high|anssi_bp28_intermediary|ccn_advanced|ccn_basic|ccn_intermediate|cis|cis_server_l1|cis_workstation_l1|cis_workstation_l2|e8|hipaa|ism_o|pci-dss|stig|stig_gui,xccdf_org.ssgproject.content_rule_ftp_configure_firewall,Configure Firewalls to Protect the FTP Server,xccdf_org.ssgproject.content_rule_ftp_configure_firewall,Configure Firewalls to Protect the FTP Server,unknown,,0,1.0,yes
13,26,16,anssi_bp28_enhanced|anssi_bp28_high|anssi_bp28_intermediary|ccn_advanced|ccn_basic|ccn_intermediate|cis|cis_server_l1|cis_workstation_l1|cis_workstation_l2|e8|hipaa|ism_o|pci-dss|stig|stig_gui,xccdf_org.ssgproject.content_rule_ftp_configure_firewall,Configure Firewalls to Protect the FTP Server,xccdf_org.ssgproject.content_rule_postfix_client_configure_relayhost,Configure System to Forward All Mail through a specific host,medium,,0,0.9334,no
13,26,16,anssi_bp28_enhanced|anssi_bp28_high|anssi_bp28_intermediary|ccn_advanced|ccn_basic|ccn_intermediate|cis|cis_server_l1|cis_workstation_l1|cis_workstation_l2|e8|hipaa|ism_o|pci-dss|stig|stig_gui,xccdf_org.ssgproject.content_rule_ftp_configure_firewall,Configure Firewalls to Protect the FTP Server,xccdf_org.ssgproject.content_rule_ntpd_specify_multiple_servers,Specify Additional Remote NTP Servers,unknown,,0,0.9247,no
13,26,16,anssi_bp28_enhanced|anssi_bp28_high|anssi_bp28_intermediary|ccn_advanced|ccn_basic|ccn_intermediate|cis|cis_server_l1|cis_workstation_l1|cis_workstation_l2|e8|hipaa|ism_o|pci-dss|stig|stig_gui,xccdf_org.ssgproject.content_rule_ftp_configure_firewall,Configure Firewalls to Protect the FTP Server,xccdf_org.ssgproject.content_rule_ntpd_specify_remote_server,Specify a Remote NTP Server,medium,,0,0.9322,no
13,26,16,anssi_bp28_enhanced|anssi_bp28_high|anssi_bp28_intermediary|ccn_advanced|ccn_basic|ccn_intermediate|cis|cis_server_l1|cis_workstation_l1|cis_workstation_l2|e8|hipaa|ism_o|pci-dss|stig|stig_gui,xccdf_org.ssgproject.content_rule_ftp_configure_firewall,Configure Firewalls to Protect the FTP Server,xccdf_org.ssgproject.content_rule_iptables_sshd_disabled,Remove SSH Server iptables Firewall exception (Unusual),unknown,,0,0.9721,no
13,26,16,anssi_bp28_enhanced|anssi_bp28_high|anssi_bp28_intermediary|ccn_advanced|ccn_basic|ccn_intermediate|cis|cis_server_l1|cis_workstation_l1|cis_workstation_l2|e8|hipaa|ism_o|pci-dss|stig|stig_gui,xccdf_org.ssgproject.content_rule_ftp_configure_firewall,Configure Firewalls to Protect the FTP Server,xccdf_org.ssgproject.content_rule_set_ip6tables_default_rule,Set Default ip6tables Policy for Incoming Packets,medium,pci-dss,1,0.9569,no
13,26,16,anssi_bp28_enhanced|anssi_bp28_high|anssi_bp28_intermediary|ccn_advanced|ccn_basic|ccn_intermediate|cis|cis_server_l1|cis_workstation_l1|cis_workstation_l2|e8|hipaa|ism_o|pci-dss|stig|stig_gui,xccdf_org.ssgproject.content_rule_ftp_configure_firewall,Configure Firewalls to Protect the FTP Server,xccdf_org.ssgproject.content_rule_xwindows_runlevel_target,Disable X Windows Startup By Setting Default Target,medium,stig,1,0.92,no
13,26,16,anssi_bp28_enhanced|anssi_bp28_high|anssi_bp28_intermediary|ccn_advanced|ccn_basic|ccn_intermediate|cis|cis_server_l1|cis_workstation_l1|cis_workstation_l2|e8|hipaa|ism_o|pci-dss|stig|stig_gui,xccdf_org.ssgproject.content_rule_ftp_configure_firewall,Configure Firewalls to Protect the FTP Server,xccdf_org.ssgproject.content_rule_rsyslog_remote_access_monitoring,Ensure remote access methods are monitored in Rsyslog,medium,stig|stig_gui,2,0.9303,no
13,26,16,anssi_bp28_enhanced|anssi_bp28_high|anssi_bp28_intermediary|ccn_advanced|ccn_basic|ccn_intermediate|cis|cis_server_l1|cis_workstation_l1|cis_workstation_l2|e8|hipaa|ism_o|pci-dss|stig|stig_gui,xccdf_org.ssgproject.content_rule_ftp_configure_firewall,Configure Firewalls to Protect the FTP Server,xccdf_org.ssgproject.content_rule_ensure_logrotate_activated,Ensure Logrotate Runs Periodically,medium,anssi_bp28_enhanced|anssi_bp28_high,2,0.9071,no
13,26,16,anssi_bp28_enhanced|anssi_bp28_high|anssi_bp28_intermediary|ccn_advanced|ccn_basic|ccn_intermediate|cis|cis_server_l1|cis_workstation_l1|cis_workstation_l2|e8|hipaa|ism_o|pci-dss|stig|stig_gui,xccdf_org.ssgproject.content_rule_ftp_configure_firewall,Configure Firewalls to Protect the FTP Server,xccdf_org.ssgproject.content_rule_configured_firewalld_default_deny,"Firewalld Must Employ a Deny-all, Allow-by-exception Policy for Allowing Connections to Other Systems",medium,stig|stig_gui,2,0.9208,no
13,26,16,anssi_bp28_enhanced|anssi_bp28_high|anssi_bp28_intermediary|ccn_advanced|ccn_basic|ccn_intermediate|cis|cis_server_l1|cis_workstation_l1|cis_workstation_l2|e8|hipaa|ism_o|pci-dss|stig|stig_gui,xccdf_org.ssgproject.content_rule_ftp_configure_firewall,Configure Firewalls to Protect the FTP Server,xccdf_org.ssgproject.content_rule_postfix_prevent_unrestricted_relay,Prevent Unrestricted Mail Relaying,medium,stig|stig_gui,2,0.9295,no
13,26,16,anssi_bp28_enhanced|anssi_bp28_high|anssi_bp28_intermediary|ccn_advanced|ccn_basic|ccn_intermediate|cis|cis_server_l1|cis_workstation_l1|cis_workstation_l2|e8|hipaa|ism_o|pci-dss|stig|stig_gui,xccdf_org.ssgproject.content_rule_ftp_configure_firewall,Configure Firewalls to Protect the FTP Server,xccdf_org.ssgproject.content_rule_chronyd_or_ntpd_set_maxpoll,Configure Time Service Maxpoll Interval,medium,stig|stig_gui,2,0.9298,no
13,26,16,anssi_bp28_enhanced|anssi_bp28_high|anssi_bp28_intermediary|ccn_advanced|ccn_basic|ccn_intermediate|cis|cis_server_l1|cis_workstation_l1|cis_workstation_l2|e8|hipaa|ism_o|pci-dss|stig|stig_gui,xccdf_org.ssgproject.content_rule_ftp_configure_firewall,Configure Firewalls to Protect the FTP Server,xccdf_org.ssgproject.content_rule_tftpd_uses_secure_mode,Ensure tftp Daemon Uses Secure Mode,medium,stig|stig_gui,2,0.9472,no
13,26,16,anssi_bp28_enhanced|anssi_bp28_high|anssi_bp28_intermediary|ccn_advanced|ccn_basic|ccn_intermediate|cis|cis_server_l1|cis_workstation_l1|cis_workstation_l2|e8|hipaa|ism_o|pci-dss|stig|stig_gui,xccdf_org.ssgproject.content_rule_ftp_configure_firewall,Configure Firewalls to Protect the FTP Server,xccdf_org.ssgproject.content_rule_sssd_offline_cred_expiration,Configure SSSD to Expire Offline Credentials,medium,stig|stig_gui,2,0.8938,no
13,26,16,anssi_bp28_enhanced|anssi_bp28_high|anssi_bp28_intermediary|ccn_advanced|ccn_basic|ccn_intermediate|cis|cis_server_l1|cis_workstation_l1|cis_workstation_l2|e8|hipaa|ism_o|pci-dss|stig|stig_gui,xccdf_org.ssgproject.content_rule_ftp_configure_firewall,Configure Firewalls to Protect the FTP Server,xccdf_org.ssgproject.content_rule_audit_rules_kernel_module_loading,Ensure auditd Collects Information on Kernel Module Loading and Unloading,medium,e8|ism_o,2,0.9467,no
13,26,16,anssi_bp28_enhanced|anssi_bp28_high|anssi_bp28_intermediary|ccn_advanced|ccn_basic|ccn_intermediate|cis|cis_server_l1|cis_workstation_l1|cis_workstation_l2|e8|hipaa|ism_o|pci-dss|stig|stig_gui,xccdf_org.ssgproject.content_rule_ftp_configure_firewall,Configure Firewalls to Protect the FTP Server,xccdf_org.ssgproject.content_rule_audit_rules_kernel_module_loading_create,Ensure auditd Collects Information on Kernel Module Unloading - create_module,medium,cis|cis_workstation_l2,2,0.9461,no
13,26,16,anssi_bp28_enhanced|anssi_bp28_high|anssi_bp28_intermediary|ccn_advanced|ccn_basic|ccn_intermediate|cis|cis_server_l1|cis_workstation_l1|cis_workstation_l2|e8|hipaa|ism_o|pci-dss|stig|stig_gui,xccdf_org.ssgproject.content_rule_ftp_configure_firewall,Configure Firewalls to Protect the FTP Server,xccdf_org.ssgproject.content_rule_rsyslog_cron_logging,Ensure cron Is Logging To Rsyslog,medium,ism_o|stig|stig_gui,3,0.914,no
13,26,16,anssi_bp28_enhanced|anssi_bp28_high|anssi_bp28_intermediary|ccn_advanced|ccn_basic|ccn_intermediate|cis|cis_server_l1|cis_workstation_l1|cis_workstation_l2|e8|hipaa|ism_o|pci-dss|stig|stig_gui,xccdf_org.ssgproject.content_rule_ftp_configure_firewall,Configure Firewalls to Protect the FTP Server,xccdf_org.ssgproject.content_rule_rsyslog_remote_tls,Configure TLS for rsyslog remote logging,medium,anssi_bp28_enhanced|anssi_bp28_high|ism_o,3,0.9367,no
13,26,16,anssi_bp28_enhanced|anssi_bp28_high|anssi_bp28_intermediary|ccn_advanced|ccn_basic|ccn_intermediate|cis|cis_server_l1|cis_workstation_l1|cis_workstation_l2|e8|hipaa|ism_o|pci-dss|stig|stig_gui,xccdf_org.ssgproject.content_rule_ftp_configure_firewall,Configure Firewalls to Protect the FTP Server,xccdf_org.ssgproject.content_rule_rsyslog_remote_tls_cacert,Configure CA certificate for rsyslog remote logging,medium,anssi_bp28_enhanced|anssi_bp28_high|ism_o,3,0.9261,no
13,26,16,anssi_bp28_enhanced|anssi_bp28_high|anssi_bp28_intermediary|ccn_advanced|ccn_basic|ccn_intermediate|cis|cis_server_l1|cis_workstation_l1|cis_workstation_l2|e8|hipaa|ism_o|pci-dss|stig|stig_gui,xccdf_org.ssgproject.content_rule_ftp_configure_firewall,Configure Firewalls to Protect the FTP Server,xccdf_org.ssgproject.content_rule_firewalld_sshd_port_enabled,Enable SSH Server firewalld Firewall Exception,medium,ism_o|stig|stig_gui,3,0.9471,no
13,26,16,anssi_bp28_enhanced|anssi_bp28_high|anssi_bp28_intermediary|ccn_advanced|ccn_basic|ccn_intermediate|cis|cis_server_l1|cis_workstation_l1|cis_workstation_l2|e8|hipaa|ism_o|pci-dss|stig|stig_gui,xccdf_org.ssgproject.content_rule_ftp_configure_firewall,Configure Firewalls to Protect the FTP Server,xccdf_org.ssgproject.content_rule_sssd_enable_pam_services,Configure PAM in SSSD Services,medium,anssi_bp28_enhanced|anssi_bp28_high|anssi_bp28_intermediary,3,0.8932,no
13,26,16,anssi_bp28_enhanced|anssi_bp28_high|anssi_bp28_intermediary|ccn_advanced|ccn_basic|ccn_intermediate|cis|cis_server_l1|cis_workstation_l1|cis_workstation_l2|e8|hipaa|ism_o|pci-dss|stig|stig_gui,xccdf_org.ssgproject.content_rule_ftp_configure_firewall,Configure Firewalls to Protect the FTP Server,xccdf_org.ssgproject.content_rule_sssd_ldap_configure_tls_reqcert,Configure SSSD LDAP Backend Client to Demand a Valid Certificate from the Server,medium,anssi_bp28_enhanced|anssi_bp28_high|anssi_bp28_intermediary,3,0.9181,no
13,26,16,anssi_bp28_enhanced|anssi_bp28_high|anssi_bp28_intermediary|ccn_advanced|ccn_basic|ccn_intermediate|cis|cis_server_l1|cis_workstation_l1|cis_workstation_l2|e8|hipaa|ism_o|pci-dss|stig|stig_gui,xccdf_org.ssgproject.content_rule_ftp_configure_firewall,Configure Firewalls to Protect the FTP Server,xccdf_org.ssgproject.content_rule_sssd_ldap_start_tls,Configure SSSD LDAP Backend to Use TLS For All Transactions,high,anssi_bp28_enhanced|anssi_bp28_high|anssi_bp28_intermediary,3,0.9207,no
13,26,16,anssi_bp28_enhanced|anssi_bp28_high|anssi_bp28_intermediary|ccn_advanced|ccn_basic|ccn_intermediate|cis|cis_server_l1|cis_workstation_l1|cis_workstation_l2|e8|hipaa|ism_o|pci-dss|stig|stig_gui,xccdf_org.ssgproject.content_rule_ftp_configure_firewall,Configure Firewalls to Protect the FTP Server,xccdf_org.ssgproject.content_rule_configure_firewalld_ports,Configure the Firewalld Ports,medium,ism_o|pci-dss|stig|stig_gui,4,0.9238,no
13,26,16,anssi_bp28_enhanced|anssi_bp28_high|anssi_bp28_intermediary|ccn_advanced|ccn_basic|ccn_intermediate|cis|cis_server_l1|cis_workstation_l1|cis_workstation_l2|e8|hipaa|ism_o|pci-dss|stig|stig_gui,xccdf_org.ssgproject.content_rule_ftp_configure_firewall,Configure Firewalls to Protect the FTP Server,xccdf_org.ssgproject.content_rule_has_nonlocal_mta,Ensure Mail Transfer Agent is not Listening on any non-loopback Address,medium,cis|cis_server_l1|cis_workstation_l1|cis_workstation_l2,4,0.9104,no
13,26,16,anssi_bp28_enhanced|anssi_bp28_high|anssi_bp28_intermediary|ccn_advanced|ccn_basic|ccn_intermediate|cis|cis_server_l1|cis_workstation_l1|cis_workstation_l2|e8|hipaa|ism_o|pci-dss|stig|stig_gui,xccdf_org.ssgproject.content_rule_ftp_configure_firewall,Configure Firewalls to Protect the FTP Server,xccdf_org.ssgproject.content_rule_sudo_custom_logfile,Ensure Sudo Logfile Exists - sudo logfile,low,cis|cis_server_l1|cis_workstation_l1|cis_workstation_l2|pci-dss,5,0.9189,no
13,26,16,anssi_bp28_enhanced|anssi_bp28_high|anssi_bp28_intermediary|ccn_advanced|ccn_basic|ccn_intermediate|cis|cis_server_l1|cis_workstation_l1|cis_workstation_l2|e8|hipaa|ism_o|pci-dss|stig|stig_gui,xccdf_org.ssgproject.content_rule_ftp_configure_firewall,Configure Firewalls to Protect the FTP Server,xccdf_org.ssgproject.content_rule_audit_rules_privileged_commands,Ensure auditd Collects Information on the Use of Privileged Commands,medium,anssi_bp28_enhanced|anssi_bp28_high|cis|cis_workstation_l2|ism_o,5,0.9449,no
13,26,16,anssi_bp28_enhanced|anssi_bp28_high|anssi_bp28_intermediary|ccn_advanced|ccn_basic|ccn_intermediate|cis|cis_server_l1|cis_workstation_l1|cis_workstation_l2|e8|hipaa|ism_o|pci-dss|stig|stig_gui,xccdf_org.ssgproject.content_rule_ftp_configure_firewall,Configure Firewalls to Protect the FTP Server,xccdf_org.ssgproject.content_rule_rsyslog_remote_loghost,Ensure Logs Sent To Remote Host,medium,anssi_bp28_enhanced|anssi_bp28_high|hipaa|ism_o|stig|stig_gui,6,0.9481,no
13,26,16,anssi_bp28_enhanced|anssi_bp28_high|anssi_bp28_intermediary|ccn_advanced|ccn_basic|ccn_intermediate|cis|cis_server_l1|cis_workstation_l1|cis_workstation_l2|e8|hipaa|ism_o|pci-dss|stig|stig_gui,xccdf_org.ssgproject.content_rule_ftp_configure_firewall,Configure Firewalls to Protect the FTP Server,xccdf_org.ssgproject.content_rule_rsyslog_nolisten,Ensure rsyslog Does Not Accept Remote Messages Unless Acting As Log Server,medium,cis|cis_server_l1|cis_workstation_l1|cis_workstation_l2|ism_o|stig|stig_gui,7,0.9247,no
13,26,16,anssi_bp28_enhanced|anssi_bp28_high|anssi_bp28_intermediary|ccn_advanced|ccn_basic|ccn_intermediate|cis|cis_server_l1|cis_workstation_l1|cis_workstation_l2|e8|hipaa|ism_o|pci-dss|stig|stig_gui,xccdf_org.ssgproject.content_rule_ftp_configure_firewall,Configure Firewalls to Protect the FTP Server,xccdf_org.ssgproject.content_rule_audit_rules_kernel_module_loading_delete,Ensure auditd Collects Information on Kernel Module Unloading - delete_module,medium,anssi_bp28_enhanced|anssi_bp28_high|cis|cis_workstation_l2|hipaa|stig|stig_gui,7,0.9469,no
13,26,16,anssi_bp28_enhanced|anssi_bp28_high|anssi_bp28_intermediary|ccn_advanced|ccn_basic|ccn_intermediate|cis|cis_server_l1|cis_workstation_l1|cis_workstation_l2|e8|hipaa|ism_o|pci-dss|stig|stig_gui,xccdf_org.ssgproject.content_rule_ftp_configure_firewall,Configure Firewalls to Protect the FTP Server,xccdf_org.ssgproject.content_rule_audit_rules_kernel_module_loading_init,Ensure auditd Collects Information on Kernel Module Loading - init_module,medium,anssi_bp28_enhanced|anssi_bp28_high|cis|cis_workstation_l2|hipaa|stig|stig_gui,7,0.9454,no
13,26,16,anssi_bp28_enhanced|anssi_bp28_high|anssi_bp28_intermediary|ccn_advanced|ccn_basic|ccn_intermediate|cis|cis_server_l1|cis_workstation_l1|cis_workstation_l2|e8|hipaa|ism_o|pci-dss|stig|stig_gui,xccdf_org.ssgproject.content_rule_ftp_configure_firewall,Configure Firewalls to Protect the FTP Server,xccdf_org.ssgproject.content_rule_rsyslog_files_groupownership,Ensure Log Files Are Owned By Appropriate Group,medium,anssi_bp28_enhanced|anssi_bp28_high|cis|cis_server_l1|cis_workstation_l1|cis_workstation_l2|ism_o|pci-dss,8,0.9306,no
13,26,16,anssi_bp28_enhanced|anssi_bp28_high|anssi_bp28_intermediary|ccn_advanced|ccn_basic|ccn_intermediate|cis|cis_server_l1|cis_workstation_l1|cis_workstation_l2|e8|hipaa|ism_o|pci-dss|stig|stig_gui,xccdf_org.ssgproject.content_rule_ftp_configure_firewall,Configure Firewalls to Protect the FTP Server,xccdf_org.ssgproject.content_rule_rsyslog_files_ownership,Ensure Log Files Are Owned By Appropriate User,medium,anssi_bp28_enhanced|anssi_bp28_high|cis|cis_server_l1|cis_workstation_l1|cis_workstation_l2|ism_o|pci-dss,8,0.9307,no
13,26,16,anssi_bp28_enhanced|anssi_bp28_high|anssi_bp28_intermediary|ccn_advanced|ccn_basic|ccn_intermediate|cis|cis_server_l1|cis_workstation_l1|cis_workstation_l2|e8|hipaa|ism_o|pci-dss|stig|stig_gui,xccdf_org.ssgproject.content_rule_ftp_configure_firewall,Configure Firewalls to Protect the FTP Server,xccdf_org.ssgproject.content_rule_rsyslog_files_permissions,Ensure System Log Files Have Correct Permissions,medium,anssi_bp28_enhanced|anssi_bp28_high|cis|cis_server_l1|cis_workstation_l1|cis_workstation_l2|ism_o|pci-dss,8,0.9293,no
13,26,16,anssi_bp28_enhanced|anssi_bp28_high|anssi_bp28_intermediary|ccn_advanced|ccn_basic|ccn_intermediate|cis|cis_server_l1|cis_workstation_l1|cis_workstation_l2|e8|hipaa|ism_o|pci-dss|stig|stig_gui,xccdf_org.ssgproject.content_rule_ftp_configure_firewall,Configure Firewalls to Protect the FTP Server,xccdf_org.ssgproject.content_rule_firewalld_loopback_traffic_restricted,Configure Firewalld to Restrict Loopback Traffic,medium,ccn_advanced|ccn_basic|ccn_intermediate|cis|cis_server_l1|cis_workstation_l1|cis_workstation_l2|pci-dss,8,0.9219,no
13,26,16,anssi_bp28_enhanced|anssi_bp28_high|anssi_bp28_intermediary|ccn_advanced|ccn_basic|ccn_intermediate|cis|cis_server_l1|cis_workstation_l1|cis_workstation_l2|e8|hipaa|ism_o|pci-dss|stig|stig_gui,xccdf_org.ssgproject.content_rule_ftp_configure_firewall,Configure Firewalls to Protect the FTP Server,xccdf_org.ssgproject.content_rule_firewalld_loopback_traffic_trusted,Configure Firewalld to Trust Loopback Traffic,medium,ccn_advanced|ccn_basic|ccn_intermediate|cis|cis_server_l1|cis_workstation_l1|cis_workstation_l2|pci-dss,8,0.93,no
13,26,16,anssi_bp28_enhanced|anssi_bp28_high|anssi_bp28_intermediary|ccn_advanced|ccn_basic|ccn_intermediate|cis|cis_server_l1|cis_workstation_l1|cis_workstation_l2|e8|hipaa|ism_o|pci-dss|stig|stig_gui,xccdf_org.ssgproject.content_rule_ftp_configure_firewall,Configure Firewalls to Protect the FTP Server,xccdf_org.ssgproject.content_rule_postfix_network_listening_disabled,Disable Postfix Network Listening,medium,anssi_bp28_enhanced|anssi_bp28_high|anssi_bp28_intermediary|cis|cis_server_l1|cis_workstation_l1|cis_workstation_l2|pci-dss,8,0.9242,no
13,26,16,anssi_bp28_enhanced|anssi_bp28_high|anssi_bp28_intermediary|ccn_advanced|ccn_basic|ccn_intermediate|cis|cis_server_l1|cis_workstation_l1|cis_workstation_l2|e8|hipaa|ism_o|pci-dss|stig|stig_gui,xccdf_org.ssgproject.content_rule_ftp_configure_firewall,Configure Firewalls to Protect the FTP Server,xccdf_org.ssgproject.content_rule_set_firewalld_default_zone,Set Default firewalld Zone for Incoming Packets,medium,ccn_advanced|ccn_basic|ccn_intermediate|cis|cis_server_l1|cis_workstation_l1|cis_workstation_l2|ism_o|pci-dss,9,0.9383,no
14,27,16,anssi_bp28_enhanced|anssi_bp28_high|anssi_bp28_intermediary|ccn_advanced|ccn_basic|ccn_intermediate|cis|cis_workstation_l2|cui|e8|hipaa|ism_o|ospp|pci-dss|stig|stig_gui,xccdf_org.ssgproject.content_rule_auditd_audispd_disk_full_action,Configure audispd's Plugin disk_full_action When Disk Is Full,xccdf_org.ssgproject.content_rule_sysctl_net_ipv4_tcp_invalid_ratelimit,Configure Kernel to Rate Limit Sending of Duplicate TCP Acknowledgments,medium,,0,0.9424,no
14,27,16,anssi_bp28_enhanced|anssi_bp28_high|anssi_bp28_intermediary|ccn_advanced|ccn_basic|ccn_intermediate|cis|cis_workstation_l2|cui|e8|hipaa|ism_o|ospp|pci-dss|stig|stig_gui,xccdf_org.ssgproject.content_rule_auditd_audispd_disk_full_action,Configure audispd's Plugin disk_full_action When Disk Is Full,xccdf_org.ssgproject.content_rule_auditd_audispd_configure_remote_server,Configure audispd Plugin To Send Logs To Remote Server,medium,,0,0.9315,no
14,27,16,anssi_bp28_enhanced|anssi_bp28_high|anssi_bp28_intermediary|ccn_advanced|ccn_basic|ccn_intermediate|cis|cis_workstation_l2|cui|e8|hipaa|ism_o|ospp|pci-dss|stig|stig_gui,xccdf_org.ssgproject.content_rule_auditd_audispd_disk_full_action,Configure audispd's Plugin disk_full_action When Disk Is Full,xccdf_org.ssgproject.content_rule_auditd_audispd_disk_full_action,Configure audispd's Plugin disk_full_action When Disk Is Full,medium,,0,1.0,yes
14,27,16,anssi_bp28_enhanced|anssi_bp28_high|anssi_bp28_intermediary|ccn_advanced|ccn_basic|ccn_intermediate|cis|cis_workstation_l2|cui|e8|hipaa|ism_o|ospp|pci-dss|stig|stig_gui,xccdf_org.ssgproject.content_rule_auditd_audispd_disk_full_action,Configure audispd's Plugin disk_full_action When Disk Is Full,xccdf_org.ssgproject.content_rule_auditd_audispd_encrypt_sent_records,Encrypt Audit Records Sent With audispd Plugin,medium,,0,0.9407,no
14,27,16,anssi_bp28_enhanced|anssi_bp28_high|anssi_bp28_intermediary|ccn_advanced|ccn_basic|ccn_intermediate|cis|cis_workstation_l2|cui|e8|hipaa|ism_o|ospp|pci-dss|stig|stig_gui,xccdf_org.ssgproject.content_rule_auditd_audispd_disk_full_action,Configure audispd's Plugin disk_full_action When Disk Is Full,xccdf_org.ssgproject.content_rule_auditd_audispd_network_failure_action,Configure audispd's Plugin network_failure_action On Network Failure,medium,,0,0.9893,no
14,27,16,anssi_bp28_enhanced|anssi_bp28_high|anssi_bp28_intermediary|ccn_advanced|ccn_basic|ccn_intermediate|cis|cis_workstation_l2|cui|e8|hipaa|ism_o|ospp|pci-dss|stig|stig_gui,xccdf_org.ssgproject.content_rule_auditd_audispd_disk_full_action,Configure audispd's Plugin disk_full_action When Disk Is Full,xccdf_org.ssgproject.content_rule_auditd_data_disk_error_action,Configure auditd Disk Error Action on Disk Error,medium,,0,0.9854,no
14,27,16,anssi_bp28_enhanced|anssi_bp28_high|anssi_bp28_intermediary|ccn_advanced|ccn_basic|ccn_intermediate|cis|cis_workstation_l2|cui|e8|hipaa|ism_o|ospp|pci-dss|stig|stig_gui,xccdf_org.ssgproject.content_rule_auditd_audispd_disk_full_action,Configure audispd's Plugin disk_full_action When Disk Is Full,xccdf_org.ssgproject.content_rule_auditd_data_disk_full_action,Configure auditd Disk Full Action when Disk Space Is Full,medium,,0,0.9883,no
14,27,16,anssi_bp28_enhanced|anssi_bp28_high|anssi_bp28_intermediary|ccn_advanced|ccn_basic|ccn_intermediate|cis|cis_workstation_l2|cui|e8|hipaa|ism_o|ospp|pci-dss|stig|stig_gui,xccdf_org.ssgproject.content_rule_auditd_audispd_disk_full_action,Configure audispd's Plugin disk_full_action When Disk Is Full,xccdf_org.ssgproject.content_rule_auditd_data_retention_num_logs,Configure auditd Number of Logs Retained,medium,,0,0.9591,no
14,27,16,anssi_bp28_enhanced|anssi_bp28_high|anssi_bp28_intermediary|ccn_advanced|ccn_basic|ccn_intermediate|cis|cis_workstation_l2|cui|e8|hipaa|ism_o|ospp|pci-dss|stig|stig_gui,xccdf_org.ssgproject.content_rule_auditd_audispd_disk_full_action,Configure audispd's Plugin disk_full_action When Disk Is Full,xccdf_org.ssgproject.content_rule_bios_enable_execution_restrictions,Enable NX or XD Support in the BIOS,medium,pci-dss,1,0.9305,no
14,27,16,anssi_bp28_enhanced|anssi_bp28_high|anssi_bp28_intermediary|ccn_advanced|ccn_basic|ccn_intermediate|cis|cis_workstation_l2|cui|e8|hipaa|ism_o|ospp|pci-dss|stig|stig_gui,xccdf_org.ssgproject.content_rule_auditd_audispd_disk_full_action,Configure audispd's Plugin disk_full_action When Disk Is Full,xccdf_org.ssgproject.content_rule_auditd_data_retention_space_left,Configure auditd space_left on Low Disk Space,medium,pci-dss,1,0.966,no
14,27,16,anssi_bp28_enhanced|anssi_bp28_high|anssi_bp28_intermediary|ccn_advanced|ccn_basic|ccn_intermediate|cis|cis_workstation_l2|cui|e8|hipaa|ism_o|ospp|pci-dss|stig|stig_gui,xccdf_org.ssgproject.content_rule_auditd_audispd_disk_full_action,Configure audispd's Plugin disk_full_action When Disk Is Full,xccdf_org.ssgproject.content_rule_configure_tmux_lock_keybinding,Configure the tmux lock session key binding,low,stig|stig_gui,2,0.9207,no
14,27,16,anssi_bp28_enhanced|anssi_bp28_high|anssi_bp28_intermediary|ccn_advanced|ccn_basic|ccn_intermediate|cis|cis_workstation_l2|cui|e8|hipaa|ism_o|ospp|pci-dss|stig|stig_gui,xccdf_org.ssgproject.content_rule_auditd_audispd_disk_full_action,Configure audispd's Plugin disk_full_action When Disk Is Full,xccdf_org.ssgproject.content_rule_auditd_data_disk_error_action_stig,Configure auditd Disk Error Action on Disk Error,medium,stig|stig_gui,2,0.9854,no
14,27,16,anssi_bp28_enhanced|anssi_bp28_high|anssi_bp28_intermediary|ccn_advanced|ccn_basic|ccn_intermediate|cis|cis_workstation_l2|cui|e8|hipaa|ism_o|ospp|pci-dss|stig|stig_gui,xccdf_org.ssgproject.content_rule_auditd_audispd_disk_full_action,Configure audispd's Plugin disk_full_action When Disk Is Full,xccdf_org.ssgproject.content_rule_auditd_data_disk_full_action_stig,Configure auditd Disk Full Action when Disk Space Is Full,medium,stig|stig_gui,2,0.9877,no
14,27,16,anssi_bp28_enhanced|anssi_bp28_high|anssi_bp28_intermediary|ccn_advanced|ccn_basic|ccn_intermediate|cis|cis_workstation_l2|cui|e8|hipaa|ism_o|ospp|pci-dss|stig|stig_gui,xccdf_org.ssgproject.content_rule_auditd_audispd_disk_full_action,Configure audispd's Plugin disk_full_action When Disk Is Full,xccdf_org.ssgproject.content_rule_auditd_data_retention_admin_space_left_percentage,Configure auditd admin_space_left on Low Disk Space,medium,stig|stig_gui,2,0.9664,no
14,27,16,anssi_bp28_enhanced|anssi_bp28_high|anssi_bp28_intermediary|ccn_advanced|ccn_basic|ccn_intermediate|cis|cis_workstation_l2|cui|e8|hipaa|ism_o|ospp|pci-dss|stig|stig_gui,xccdf_org.ssgproject.content_rule_auditd_audispd_disk_full_action,Configure audispd's Plugin disk_full_action When Disk Is Full,xccdf_org.ssgproject.content_rule_auditd_data_retention_max_log_file,Configure auditd Max Log File Size,medium,cis|cis_workstation_l2,2,0.9501,no
14,27,16,anssi_bp28_enhanced|anssi_bp28_high|anssi_bp28_intermediary|ccn_advanced|ccn_basic|ccn_intermediate|cis|cis_workstation_l2|cui|e8|hipaa|ism_o|ospp|pci-dss|stig|stig_gui,xccdf_org.ssgproject.content_rule_auditd_audispd_disk_full_action,Configure audispd's Plugin disk_full_action When Disk Is Full,xccdf_org.ssgproject.content_rule_auditd_data_retention_max_log_file_action_stig,Configure auditd max_log_file_action Upon Reaching Maximum Log Size,medium,stig|stig_gui,2,0.9633,no
14,27,16,anssi_bp28_enhanced|anssi_bp28_high|anssi_bp28_intermediary|ccn_advanced|ccn_basic|ccn_intermediate|cis|cis_workstation_l2|cui|e8|hipaa|ism_o|ospp|pci-dss|stig|stig_gui,xccdf_org.ssgproject.content_rule_auditd_audispd_disk_full_action,Configure audispd's Plugin disk_full_action When Disk Is Full,xccdf_org.ssgproject.content_rule_auditd_data_retention_space_left_percentage,Configure auditd space_left on Low Disk Space,medium,stig|stig_gui,2,0.9699,no
14,27,16,anssi_bp28_enhanced|anssi_bp28_high|anssi_bp28_intermediary|ccn_advanced|ccn_basic|ccn_intermediate|cis|cis_workstation_l2|cui|e8|hipaa|ism_o|ospp|pci-dss|stig|stig_gui,xccdf_org.ssgproject.content_rule_auditd_audispd_disk_full_action,Configure audispd's Plugin disk_full_action When Disk Is Full,xccdf_org.ssgproject.content_rule_auditd_overflow_action,Appropriate Action Must be Setup When the Internal Audit Event Queue is Full,medium,stig|stig_gui,2,0.9475,no
14,27,16,anssi_bp28_enhanced|anssi_bp28_high|anssi_bp28_intermediary|ccn_advanced|ccn_basic|ccn_intermediate|cis|cis_workstation_l2|cui|e8|hipaa|ism_o|ospp|pci-dss|stig|stig_gui,xccdf_org.ssgproject.content_rule_auditd_audispd_disk_full_action,Configure audispd's Plugin disk_full_action When Disk Is Full,xccdf_org.ssgproject.content_rule_gnome_gdm_disable_automatic_login,Disable GDM Automatic Login,high,pci-dss|stig|stig_gui,3,0.934,no
14,27,16,anssi_bp28_enhanced|anssi_bp28_high|anssi_bp28_intermediary|ccn_advanced|ccn_basic|ccn_intermediate|cis|cis_workstation_l2|cui|e8|hipaa|ism_o|ospp|pci-dss|stig|stig_gui,xccdf_org.ssgproject.content_rule_auditd_audispd_disk_full_action,Configure audispd's Plugin disk_full_action When Disk Is Full,xccdf_org.ssgproject.content_rule_sshd_disable_compression,Disable Compression Or Set Compression to delayed,medium,hipaa|stig|stig_gui,3,0.9335,no
14,27,16,anssi_bp28_enhanced|anssi_bp28_high|anssi_bp28_intermediary|ccn_advanced|ccn_basic|ccn_intermediate|cis|cis_workstation_l2|cui|e8|hipaa|ism_o|ospp|pci-dss|stig|stig_gui,xccdf_org.ssgproject.content_rule_auditd_audispd_disk_full_action,Configure audispd's Plugin disk_full_action When Disk Is Full,xccdf_org.ssgproject.content_rule_configure_tmux_lock_after_time,Configure tmux to lock session after inactivity,medium,cui|ospp|stig|stig_gui,4,0.9313,no
14,27,16,anssi_bp28_enhanced|anssi_bp28_high|anssi_bp28_intermediary|ccn_advanced|ccn_basic|ccn_intermediate|cis|cis_workstation_l2|cui|e8|hipaa|ism_o|ospp|pci-dss|stig|stig_gui,xccdf_org.ssgproject.content_rule_auditd_audispd_disk_full_action,Configure audispd's Plugin disk_full_action When Disk Is Full,xccdf_org.ssgproject.content_rule_configure_tmux_lock_command,Configure the tmux Lock Command,medium,cui|ospp|stig|stig_gui,4,0.9334,no
14,27,16,anssi_bp28_enhanced|anssi_bp28_high|anssi_bp28_intermediary|ccn_advanced|ccn_basic|ccn_intermediate|cis|cis_workstation_l2|cui|e8|hipaa|ism_o|ospp|pci-dss|stig|stig_gui,xccdf_org.ssgproject.content_rule_auditd_audispd_disk_full_action,Configure audispd's Plugin disk_full_action When Disk Is Full,xccdf_org.ssgproject.content_rule_configure_usbguard_auditbackend,Log USBGuard daemon audit events using Linux Audit,low,cui|ospp|stig|stig_gui,4,0.9198,no
14,27,16,anssi_bp28_enhanced|anssi_bp28_high|anssi_bp28_intermediary|ccn_advanced|ccn_basic|ccn_intermediate|cis|cis_workstation_l2|cui|e8|hipaa|ism_o|ospp|pci-dss|stig|stig_gui,xccdf_org.ssgproject.content_rule_auditd_audispd_disk_full_action,Configure audispd's Plugin disk_full_action When Disk Is Full,xccdf_org.ssgproject.content_rule_auditd_audispd_syslog_plugin_activated,Configure auditd to use audispd's syslog plugin,medium,hipaa|pci-dss|stig|stig_gui,4,0.929,no
14,27,16,anssi_bp28_enhanced|anssi_bp28_high|anssi_bp28_intermediary|ccn_advanced|ccn_basic|ccn_intermediate|cis|cis_workstation_l2|cui|e8|hipaa|ism_o|ospp|pci-dss|stig|stig_gui,xccdf_org.ssgproject.content_rule_auditd_audispd_disk_full_action,Configure audispd's Plugin disk_full_action When Disk Is Full,xccdf_org.ssgproject.content_rule_auditd_data_retention_action_mail_acct,Configure auditd mail_acct Action on Low Disk Space,medium,cis|cis_workstation_l2|stig|stig_gui,4,0.9471,no
14,27,16,anssi_bp28_enhanced|anssi_bp28_high|anssi_bp28_intermediary|ccn_advanced|ccn_basic|ccn_intermediate|cis|cis_workstation_l2|cui|e8|hipaa|ism_o|ospp|pci-dss|stig|stig_gui,xccdf_org.ssgproject.content_rule_auditd_audispd_disk_full_action,Configure audispd's Plugin disk_full_action When Disk Is Full,xccdf_org.ssgproject.content_rule_auditd_local_events,Include Local Events in Audit Logs,medium,e8|ism_o|stig|stig_gui,4,0.9163,no
14,27,16,anssi_bp28_enhanced|anssi_bp28_high|anssi_bp28_intermediary|ccn_advanced|ccn_basic|ccn_intermediate|cis|cis_workstation_l2|cui|e8|hipaa|ism_o|ospp|pci-dss|stig|stig_gui,xccdf_org.ssgproject.content_rule_auditd_audispd_disk_full_action,Configure audispd's Plugin disk_full_action When Disk Is Full,xccdf_org.ssgproject.content_rule_auditd_write_logs,Write Audit Logs to the Disk,medium,e8|ism_o|stig|stig_gui,4,0.9257,no
14,27,16,anssi_bp28_enhanced|anssi_bp28_high|anssi_bp28_intermediary|ccn_advanced|ccn_basic|ccn_intermediate|cis|cis_workstation_l2|cui|e8|hipaa|ism_o|ospp|pci-dss|stig|stig_gui,xccdf_org.ssgproject.content_rule_auditd_audispd_disk_full_action,Configure audispd's Plugin disk_full_action When Disk Is Full,xccdf_org.ssgproject.content_rule_disable_ctrlaltdel_burstaction,Disable Ctrl-Alt-Del Burst Action,high,cui|hipaa|ospp|stig|stig_gui,5,0.915,no
14,27,16,anssi_bp28_enhanced|anssi_bp28_high|anssi_bp28_intermediary|ccn_advanced|ccn_basic|ccn_intermediate|cis|cis_workstation_l2|cui|e8|hipaa|ism_o|ospp|pci-dss|stig|stig_gui,xccdf_org.ssgproject.content_rule_auditd_audispd_disk_full_action,Configure audispd's Plugin disk_full_action When Disk Is Full,xccdf_org.ssgproject.content_rule_logind_session_timeout,Configure Logind to terminate idle sessions after certain time of inactivity,medium,anssi_bp28_enhanced|anssi_bp28_high|anssi_bp28_intermediary|stig|stig_gui,5,0.944,no
14,27,16,anssi_bp28_enhanced|anssi_bp28_high|anssi_bp28_intermediary|ccn_advanced|ccn_basic|ccn_intermediate|cis|cis_workstation_l2|cui|e8|hipaa|ism_o|ospp|pci-dss|stig|stig_gui,xccdf_org.ssgproject.content_rule_auditd_audispd_disk_full_action,Configure audispd's Plugin disk_full_action When Disk Is Full,xccdf_org.ssgproject.content_rule_auditd_data_retention_admin_space_left_action,Configure auditd admin_space_left Action on Low Disk Space,medium,cis|cis_workstation_l2|pci-dss|stig|stig_gui,5,0.9847,no
14,27,16,anssi_bp28_enhanced|anssi_bp28_high|anssi_bp28_intermediary|ccn_advanced|ccn_basic|ccn_intermediate|cis|cis_workstation_l2|cui|e8|hipaa|ism_o|ospp|pci-dss|stig|stig_gui,xccdf_org.ssgproject.content_rule_auditd_audispd_disk_full_action,Configure audispd's Plugin disk_full_action When Disk Is Full,xccdf_org.ssgproject.content_rule_auditd_data_retention_flush,Configure auditd flush priority,medium,cui|e8|hipaa|ism_o|ospp,5,0.9391,no
14,27,16,anssi_bp28_enhanced|anssi_bp28_high|anssi_bp28_intermediary|ccn_advanced|ccn_basic|ccn_intermediate|cis|cis_workstation_l2|cui|e8|hipaa|ism_o|ospp|pci-dss|stig|stig_gui,xccdf_org.ssgproject.content_rule_auditd_audispd_disk_full_action,Configure audispd's Plugin disk_full_action When Disk Is Full,xccdf_org.ssgproject.content_rule_auditd_data_retention_max_log_file_action,Configure auditd max_log_file_action Upon Reaching Maximum Log Size,medium,ccn_advanced|ccn_basic|ccn_intermediate|cis|cis_workstation_l2,5,0.9629,no
14,27,16,anssi_bp28_enhanced|anssi_bp28_high|anssi_bp28_intermediary|ccn_advanced|ccn_basic|ccn_intermediate|cis|cis_workstation_l2|cui|e8|hipaa|ism_o|ospp|pci-dss|stig|stig_gui,xccdf_org.ssgproject.content_rule_auditd_audispd_disk_full_action,Configure audispd's Plugin disk_full_action When Disk Is Full,xccdf_org.ssgproject.content_rule_auditd_data_retention_space_left_action,Configure auditd space_left Action on Low Disk Space,medium,cis|cis_workstation_l2|pci-dss|stig|stig_gui,5,0.9718,no
14,27,16,anssi_bp28_enhanced|anssi_bp28_high|anssi_bp28_intermediary|ccn_advanced|ccn_basic|ccn_intermediate|cis|cis_workstation_l2|cui|e8|hipaa|ism_o|ospp|pci-dss|stig|stig_gui,xccdf_org.ssgproject.content_rule_auditd_audispd_disk_full_action,Configure audispd's Plugin disk_full_action When Disk Is Full,xccdf_org.ssgproject.content_rule_auditd_freq,Set number of records to cause an explicit flush to audit logs,medium,cui|e8|ism_o|ospp|stig|stig_gui,6,0.9211,no
14,27,16,anssi_bp28_enhanced|anssi_bp28_high|anssi_bp28_intermediary|ccn_advanced|ccn_basic|ccn_intermediate|cis|cis_workstation_l2|cui|e8|hipaa|ism_o|ospp|pci-dss|stig|stig_gui,xccdf_org.ssgproject.content_rule_auditd_audispd_disk_full_action,Configure audispd's Plugin disk_full_action When Disk Is Full,xccdf_org.ssgproject.content_rule_auditd_log_format,Resolve information before writing to audit logs,low,cui|e8|ism_o|ospp|stig|stig_gui,6,0.9246,no
14,27,16,anssi_bp28_enhanced|anssi_bp28_high|anssi_bp28_intermediary|ccn_advanced|ccn_basic|ccn_intermediate|cis|cis_workstation_l2|cui|e8|hipaa|ism_o|ospp|pci-dss|stig|stig_gui,xccdf_org.ssgproject.content_rule_auditd_audispd_disk_full_action,Configure audispd's Plugin disk_full_action When Disk Is Full,xccdf_org.ssgproject.content_rule_auditd_name_format,Set type of computer node name logging in audit logs,medium,cui|e8|ism_o|ospp|pci-dss|stig|stig_gui,7,0.9103,no
14,27,16,anssi_bp28_enhanced|anssi_bp28_high|anssi_bp28_intermediary|ccn_advanced|ccn_basic|ccn_intermediate|cis|cis_workstation_l2|cui|e8|hipaa|ism_o|ospp|pci-dss|stig|stig_gui,xccdf_org.ssgproject.content_rule_auditd_audispd_disk_full_action,Configure audispd's Plugin disk_full_action When Disk Is Full,xccdf_org.ssgproject.content_rule_audit_sudo_log_events,Record Attempts to perform maintenance activities,medium,anssi_bp28_enhanced|anssi_bp28_high|ccn_advanced|ccn_basic|ccn_intermediate|cis|cis_workstation_l2|pci-dss,8,0.9229,no
15,30,16,anssi_bp28_enhanced|anssi_bp28_high|anssi_bp28_intermediary|anssi_bp28_minimal|cis|cis_server_l1|cis_workstation_l1|cis_workstation_l2|cui|e8|hipaa|ism_o|ospp|pci-dss|stig|stig_gui,xccdf_org.ssgproject.content_rule_package_telnetd_removed,Uninstall the telnet server,xccdf_org.ssgproject.content_rule_kernel_module_uvcvideo_disabled,Disable the uvcvideo module,medium,,0,0.9114,no
15,30,16,anssi_bp28_enhanced|anssi_bp28_high|anssi_bp28_intermediary|anssi_bp28_minimal|cis|cis_server_l1|cis_workstation_l1|cis_workstation_l2|cui|e8|hipaa|ism_o|ospp|pci-dss|stig|stig_gui,xccdf_org.ssgproject.content_rule_package_telnetd_removed,Uninstall the telnet server,xccdf_org.ssgproject.content_rule_avahi_disable_publishing,Disable Avahi Publishing,low,,0,0.8802,no
15,30,16,anssi_bp28_enhanced|anssi_bp28_high|anssi_bp28_intermediary|anssi_bp28_minimal|cis|cis_server_l1|cis_workstation_l1|cis_workstation_l2|cui|e8|hipaa|ism_o|ospp|pci-dss|stig|stig_gui,xccdf_org.ssgproject.content_rule_package_telnetd_removed,Uninstall the telnet server,xccdf_org.ssgproject.content_rule_package_avahi-autoipd_removed,Uninstall avahi-autoipd Server Package,medium,,0,0.9189,no
15,30,16,anssi_bp28_enhanced|anssi_bp28_high|anssi_bp28_intermediary|anssi_bp28_minimal|cis|cis_server_l1|cis_workstation_l1|cis_workstation_l2|cui|e8|hipaa|ism_o|ospp|pci-dss|stig|stig_gui,xccdf_org.ssgproject.content_rule_package_telnetd_removed,Uninstall the telnet server,xccdf_org.ssgproject.content_rule_package_cron_installed,Install the cron service,medium,,0,0.9418,no
15,30,16,anssi_bp28_enhanced|anssi_bp28_high|anssi_bp28_intermediary|anssi_bp28_minimal|cis|cis_server_l1|cis_workstation_l1|cis_workstation_l2|cui|e8|hipaa|ism_o|ospp|pci-dss|stig|stig_gui,xccdf_org.ssgproject.content_rule_package_telnetd_removed,Uninstall the telnet server,xccdf_org.ssgproject.content_rule_package_inetutils-telnetd_removed,Uninstall the inet-based telnet server,high,,0,0.9749,no
15,30,16,anssi_bp28_enhanced|anssi_bp28_high|anssi_bp28_intermediary|anssi_bp28_minimal|cis|cis_server_l1|cis_workstation_l1|cis_workstation_l2|cui|e8|hipaa|ism_o|ospp|pci-dss|stig|stig_gui,xccdf_org.ssgproject.content_rule_package_telnetd_removed,Uninstall the telnet server,xccdf_org.ssgproject.content_rule_package_nis_removed,Uninstall the nis package,low,,0,0.935,no
15,30,16,anssi_bp28_enhanced|anssi_bp28_high|anssi_bp28_intermediary|anssi_bp28_minimal|cis|cis_server_l1|cis_workstation_l1|cis_workstation_l2|cui|e8|hipaa|ism_o|ospp|pci-dss|stig|stig_gui,xccdf_org.ssgproject.content_rule_package_telnetd_removed,Uninstall the telnet server,xccdf_org.ssgproject.content_rule_package_ntpdate_removed,Uninstall the ntpdate package,low,,0,0.9254,no
15,30,16,anssi_bp28_enhanced|anssi_bp28_high|anssi_bp28_intermediary|anssi_bp28_minimal|cis|cis_server_l1|cis_workstation_l1|cis_workstation_l2|cui|e8|hipaa|ism_o|ospp|pci-dss|stig|stig_gui,xccdf_org.ssgproject.content_rule_package_telnetd_removed,Uninstall the telnet server,xccdf_org.ssgproject.content_rule_package_telnetd-ssl_removed,Uninstall the ssl compliant telnet server,high,,0,0.9667,no
15,30,16,anssi_bp28_enhanced|anssi_bp28_high|anssi_bp28_intermediary|anssi_bp28_minimal|cis|cis_server_l1|cis_workstation_l1|cis_workstation_l2|cui|e8|hipaa|ism_o|ospp|pci-dss|stig|stig_gui,xccdf_org.ssgproject.content_rule_package_telnetd_removed,Uninstall the telnet server,xccdf_org.ssgproject.content_rule_package_telnetd_removed,Uninstall the telnet server,high,,0,1.0,yes
15,30,16,anssi_bp28_enhanced|anssi_bp28_high|anssi_bp28_intermediary|anssi_bp28_minimal|cis|cis_server_l1|cis_workstation_l1|cis_workstation_l2|cui|e8|hipaa|ism_o|ospp|pci-dss|stig|stig_gui,xccdf_org.ssgproject.content_rule_package_telnetd_removed,Uninstall the telnet server,xccdf_org.ssgproject.content_rule_package_ntp_installed,Install the ntp service,high,,0,0.9412,no
15,30,16,anssi_bp28_enhanced|anssi_bp28_high|anssi_bp28_intermediary|anssi_bp28_minimal|cis|cis_server_l1|cis_workstation_l1|cis_workstation_l2|cui|e8|hipaa|ism_o|ospp|pci-dss|stig|stig_gui,xccdf_org.ssgproject.content_rule_package_telnetd_removed,Uninstall the telnet server,xccdf_org.ssgproject.content_rule_package_audit-audispd-plugins_installed,Ensure the default plugins for the audit dispatcher are Installed,medium,,0,0.901,no
15,30,16,anssi_bp28_enhanced|anssi_bp28_high|anssi_bp28_intermediary|anssi_bp28_minimal|cis|cis_server_l1|cis_workstation_l1|cis_workstation_l2|cui|e8|hipaa|ism_o|ospp|pci-dss|stig|stig_gui,xccdf_org.ssgproject.content_rule_package_telnetd_removed,Uninstall the telnet server,xccdf_org.ssgproject.content_rule_prefer_64bit_os,Prefer to use a 64-bit Operating System when supported,medium,anssi_bp28_enhanced|anssi_bp28_high,2,0.8838,no
15,30,16,anssi_bp28_enhanced|anssi_bp28_high|anssi_bp28_intermediary|anssi_bp28_minimal|cis|cis_server_l1|cis_workstation_l1|cis_workstation_l2|cui|e8|hipaa|ism_o|ospp|pci-dss|stig|stig_gui,xccdf_org.ssgproject.content_rule_package_telnetd_removed,Uninstall the telnet server,xccdf_org.ssgproject.content_rule_firewalld-backend,Configure Firewalld to Use the Nftables Backend,medium,stig|stig_gui,2,0.9002,no
15,30,16,anssi_bp28_enhanced|anssi_bp28_high|anssi_bp28_intermediary|anssi_bp28_minimal|cis|cis_server_l1|cis_workstation_l1|cis_workstation_l2|cui|e8|hipaa|ism_o|ospp|pci-dss|stig|stig_gui,xccdf_org.ssgproject.content_rule_package_telnetd_removed,Uninstall the telnet server,xccdf_org.ssgproject.content_rule_package_avahi_removed,Uninstall avahi Server Package,medium,cis|cis_server_l1,2,0.9187,no
15,30,16,anssi_bp28_enhanced|anssi_bp28_high|anssi_bp28_intermediary|anssi_bp28_minimal|cis|cis_server_l1|cis_workstation_l1|cis_workstation_l2|cui|e8|hipaa|ism_o|ospp|pci-dss|stig|stig_gui,xccdf_org.ssgproject.content_rule_package_telnetd_removed,Uninstall the telnet server,xccdf_org.ssgproject.content_rule_sssd_has_trust_anchor,SSSD Has a Correct Trust Anchor,medium,stig|stig_gui,2,0.8709,no
15,30,16,anssi_bp28_enhanced|anssi_bp28_high|anssi_bp28_intermediary|anssi_bp28_minimal|cis|cis_server_l1|cis_workstation_l1|cis_workstation_l2|cui|e8|hipaa|ism_o|ospp|pci-dss|stig|stig_gui,xccdf_org.ssgproject.content_rule_package_telnetd_removed,Uninstall the telnet server,xccdf_org.ssgproject.content_rule_aide_check_audit_tools,Configure AIDE to Verify the Audit Tools,medium,cis|cis_server_l1|cis_workstation_l1|cis_workstation_l2|stig|stig_gui,6,0.9122,no
15,30,16,anssi_bp28_enhanced|anssi_bp28_high|anssi_bp28_intermediary|anssi_bp28_minimal|cis|cis_server_l1|cis_workstation_l1|cis_workstation_l2|cui|e8|hipaa|ism_o|ospp|pci-dss|stig|stig_gui,xccdf_org.ssgproject.content_rule_package_telnetd_removed,Uninstall the telnet server,xccdf_org.ssgproject.content_rule_package_audit_installed,Ensure the audit Subsystem is Installed,medium,anssi_bp28_enhanced|anssi_bp28_high|anssi_bp28_intermediary|cis|cis_workstation_l2|cui|ospp|pci-dss|stig|stig_gui,10,0.9101,no
15,30,16,anssi_bp28_enhanced|anssi_bp28_high|anssi_bp28_intermediary|anssi_bp28_minimal|cis|cis_server_l1|cis_workstation_l1|cis_workstation_l2|cui|e8|hipaa|ism_o|ospp|pci-dss|stig|stig_gui,xccdf_org.ssgproject.content_rule_package_telnetd_removed,Uninstall the telnet server,xccdf_org.ssgproject.content_rule_package_telnet_removed,Remove telnet Clients,low,anssi_bp28_enhanced|anssi_bp28_high|anssi_bp28_intermediary|anssi_bp28_minimal|cis|cis_server_l1|cis_workstation_l1|cis_workstation_l2|e8|hipaa|ism_o|pci-dss,12,0.925,no
16,7,15,anssi_bp28_enhanced|anssi_bp28_high|ccn_advanced|ccn_basic|ccn_intermediate|cis|cis_server_l1|cis_workstation_l1|cis_workstation_l2|e8|hipaa|ism_o|pci-dss|stig|stig_gui,xccdf_org.ssgproject.content_rule_audit_rules_file_deletion_events_renameat,Ensure auditd Collects File Deletion Events by User - renameat,xccdf_org.ssgproject.content_rule_audit_rules_file_deletion_events,Ensure auditd Collects File Deletion Events by User,medium,,0,0.9946,no
16,7,15,anssi_bp28_enhanced|anssi_bp28_high|ccn_advanced|ccn_basic|ccn_intermediate|cis|cis_server_l1|cis_workstation_l1|cis_workstation_l2|e8|hipaa|ism_o|pci-dss|stig|stig_gui,xccdf_org.ssgproject.content_rule_audit_rules_file_deletion_events_renameat,Ensure auditd Collects File Deletion Events by User - renameat,xccdf_org.ssgproject.content_rule_xwindows_remove_packages,Disable graphical user interface,medium,stig,1,0.8936,no
16,7,15,anssi_bp28_enhanced|anssi_bp28_high|ccn_advanced|ccn_basic|ccn_intermediate|cis|cis_server_l1|cis_workstation_l1|cis_workstation_l2|e8|hipaa|ism_o|pci-dss|stig|stig_gui,xccdf_org.ssgproject.content_rule_audit_rules_file_deletion_events_renameat,Ensure auditd Collects File Deletion Events by User - renameat,xccdf_org.ssgproject.content_rule_audit_rules_kernel_module_loading_query,Ensure auditd Collects Information on Kernel Module Loading and Unloading - query_module,medium,cis|cis_workstation_l2,2,0.9865,no
16,7,15,anssi_bp28_enhanced|anssi_bp28_high|ccn_advanced|ccn_basic|ccn_intermediate|cis|cis_server_l1|cis_workstation_l1|cis_workstation_l2|e8|hipaa|ism_o|pci-dss|stig|stig_gui,xccdf_org.ssgproject.content_rule_audit_rules_file_deletion_events_renameat,Ensure auditd Collects File Deletion Events by User - renameat,xccdf_org.ssgproject.content_rule_audit_rules_dac_modification_umount2,Record Events that Modify the System's Discretionary Access Controls - umount2,medium,anssi_bp28_enhanced|anssi_bp28_high|stig|stig_gui,4,0.9779,no
16,7,15,anssi_bp28_enhanced|anssi_bp28_high|ccn_advanced|ccn_basic|ccn_intermediate|cis|cis_server_l1|cis_workstation_l1|cis_workstation_l2|e8|hipaa|ism_o|pci-dss|stig|stig_gui,xccdf_org.ssgproject.content_rule_audit_rules_file_deletion_events_renameat,Ensure auditd Collects File Deletion Events by User - renameat,xccdf_org.ssgproject.content_rule_audit_rules_file_deletion_events_rmdir,Ensure auditd Collects File Deletion Events by User - rmdir,medium,anssi_bp28_enhanced|anssi_bp28_high|hipaa|pci-dss|stig|stig_gui,6,0.9979,no
16,7,15,anssi_bp28_enhanced|anssi_bp28_high|ccn_advanced|ccn_basic|ccn_intermediate|cis|cis_server_l1|cis_workstation_l1|cis_workstation_l2|e8|hipaa|ism_o|pci-dss|stig|stig_gui,xccdf_org.ssgproject.content_rule_audit_rules_file_deletion_events_renameat,Ensure auditd Collects File Deletion Events by User - renameat,xccdf_org.ssgproject.content_rule_audit_rules_kernel_module_loading_finit,Ensure auditd Collects Information on Kernel Module Loading and Unloading - finit_module,medium,anssi_bp28_enhanced|anssi_bp28_high|cis|cis_workstation_l2|stig|stig_gui,6,0.9869,no
16,7,15,anssi_bp28_enhanced|anssi_bp28_high|ccn_advanced|ccn_basic|ccn_intermediate|cis|cis_server_l1|cis_workstation_l1|cis_workstation_l2|e8|hipaa|ism_o|pci-dss|stig|stig_gui,xccdf_org.ssgproject.content_rule_audit_rules_file_deletion_events_renameat,Ensure auditd Collects File Deletion Events by User - renameat,xccdf_org.ssgproject.content_rule_audit_rules_time_settimeofday,Record attempts to alter time through settimeofday,medium,cis|cis_workstation_l2|e8|hipaa|ism_o|pci-dss,6,0.9721,no
16,7,15,anssi_bp28_enhanced|anssi_bp28_high|ccn_advanced|ccn_basic|ccn_intermediate|cis|cis_server_l1|cis_workstation_l1|cis_workstation_l2|e8|hipaa|ism_o|pci-dss|stig|stig_gui,xccdf_org.ssgproject.content_rule_audit_rules_file_deletion_events_renameat,Ensure auditd Collects File Deletion Events by User - renameat,xccdf_org.ssgproject.content_rule_sshd_limit_user_access,Limit Users' SSH Access,unknown,ccn_advanced|ccn_basic|ccn_intermediate|cis|cis_server_l1|cis_workstation_l1|cis_workstation_l2|pci-dss,8,0.9093,no
16,7,15,anssi_bp28_enhanced|anssi_bp28_high|ccn_advanced|ccn_basic|ccn_intermediate|cis|cis_server_l1|cis_workstation_l1|cis_workstation_l2|e8|hipaa|ism_o|pci-dss|stig|stig_gui,xccdf_org.ssgproject.content_rule_audit_rules_file_deletion_events_renameat,Ensure auditd Collects File Deletion Events by User - renameat,xccdf_org.ssgproject.content_rule_audit_rules_media_export,Ensure auditd Collects Information on Exporting to Media (successful),medium,anssi_bp28_enhanced|anssi_bp28_high|ccn_advanced|ccn_intermediate|cis|cis_workstation_l2|hipaa|pci-dss,8,0.9937,no
16,7,15,anssi_bp28_enhanced|anssi_bp28_high|ccn_advanced|ccn_basic|ccn_intermediate|cis|cis_server_l1|cis_workstation_l1|cis_workstation_l2|e8|hipaa|ism_o|pci-dss|stig|stig_gui,xccdf_org.ssgproject.content_rule_audit_rules_file_deletion_events_renameat,Ensure auditd Collects File Deletion Events by User - renameat,xccdf_org.ssgproject.content_rule_audit_rules_file_deletion_events_rename,Ensure auditd Collects File Deletion Events by User - rename,medium,anssi_bp28_enhanced|anssi_bp28_high|cis|cis_workstation_l2|hipaa|pci-dss|stig|stig_gui,8,0.9995,no
16,7,15,anssi_bp28_enhanced|anssi_bp28_high|ccn_advanced|ccn_basic|ccn_intermediate|cis|cis_server_l1|cis_workstation_l1|cis_workstation_l2|e8|hipaa|ism_o|pci-dss|stig|stig_gui,xccdf_org.ssgproject.content_rule_audit_rules_file_deletion_events_renameat,Ensure auditd Collects File Deletion Events by User - renameat,xccdf_org.ssgproject.content_rule_audit_rules_file_deletion_events_renameat,Ensure auditd Collects File Deletion Events by User - renameat,medium,anssi_bp28_enhanced|anssi_bp28_high|cis|cis_workstation_l2|hipaa|pci-dss|stig|stig_gui,8,1.0,yes
16,7,15,anssi_bp28_enhanced|anssi_bp28_high|ccn_advanced|ccn_basic|ccn_intermediate|cis|cis_server_l1|cis_workstation_l1|cis_workstation_l2|e8|hipaa|ism_o|pci-dss|stig|stig_gui,xccdf_org.ssgproject.content_rule_audit_rules_file_deletion_events_renameat,Ensure auditd Collects File Deletion Events by User - renameat,xccdf_org.ssgproject.content_rule_audit_rules_file_deletion_events_unlink,Ensure auditd Collects File Deletion Events by User - unlink,medium,anssi_bp28_enhanced|anssi_bp28_high|cis|cis_workstation_l2|hipaa|pci-dss|stig|stig_gui,8,0.9985,no
16,7,15,anssi_bp28_enhanced|anssi_bp28_high|ccn_advanced|ccn_basic|ccn_intermediate|cis|cis_server_l1|cis_workstation_l1|cis_workstation_l2|e8|hipaa|ism_o|pci-dss|stig|stig_gui,xccdf_org.ssgproject.content_rule_audit_rules_file_deletion_events_renameat,Ensure auditd Collects File Deletion Events by User - renameat,xccdf_org.ssgproject.content_rule_audit_rules_file_deletion_events_unlinkat,Ensure auditd Collects File Deletion Events by User - unlinkat,medium,anssi_bp28_enhanced|anssi_bp28_high|cis|cis_workstation_l2|hipaa|pci-dss|stig|stig_gui,8,0.9988,no
16,7,15,anssi_bp28_enhanced|anssi_bp28_high|ccn_advanced|ccn_basic|ccn_intermediate|cis|cis_server_l1|cis_workstation_l1|cis_workstation_l2|e8|hipaa|ism_o|pci-dss|stig|stig_gui,xccdf_org.ssgproject.content_rule_audit_rules_file_deletion_events_renameat,Ensure auditd Collects File Deletion Events by User - renameat,xccdf_org.ssgproject.content_rule_audit_rules_time_adjtimex,Record attempts to alter time through adjtimex,medium,anssi_bp28_enhanced|anssi_bp28_high|cis|cis_workstation_l2|e8|hipaa|ism_o|pci-dss,8,0.9706,no
16,7,15,anssi_bp28_enhanced|anssi_bp28_high|ccn_advanced|ccn_basic|ccn_intermediate|cis|cis_server_l1|cis_workstation_l1|cis_workstation_l2|e8|hipaa|ism_o|pci-dss|stig|stig_gui,xccdf_org.ssgproject.content_rule_audit_rules_file_deletion_events_renameat,Ensure auditd Collects File Deletion Events by User - renameat,xccdf_org.ssgproject.content_rule_audit_rules_time_clock_settime,Record Attempts to Alter Time Through clock_settime,medium,anssi_bp28_enhanced|anssi_bp28_high|cis|cis_workstation_l2|e8|hipaa|ism_o|pci-dss,8,0.9713,no
16,7,15,anssi_bp28_enhanced|anssi_bp28_high|ccn_advanced|ccn_basic|ccn_intermediate|cis|cis_server_l1|cis_workstation_l1|cis_workstation_l2|e8|hipaa|ism_o|pci-dss|stig|stig_gui,xccdf_org.ssgproject.content_rule_audit_rules_file_deletion_events_renameat,Ensure auditd Collects File Deletion Events by User - renameat,xccdf_org.ssgproject.content_rule_audit_rules_time_stime,Record Attempts to Alter Time Through stime,medium,anssi_bp28_enhanced|anssi_bp28_high|cis|cis_workstation_l2|e8|hipaa|ism_o|pci-dss,8,0.9656,no
16,7,15,anssi_bp28_enhanced|anssi_bp28_high|ccn_advanced|ccn_basic|ccn_intermediate|cis|cis_server_l1|cis_workstation_l1|cis_workstation_l2|e8|hipaa|ism_o|pci-dss|stig|stig_gui,xccdf_org.ssgproject.content_rule_audit_rules_file_deletion_events_renameat,Ensure auditd Collects File Deletion Events by User - renameat,xccdf_org.ssgproject.content_rule_audit_rules_dac_modification_fchmod,Record Events that Modify the System's Discretionary Access Controls - fchmod,medium,anssi_bp28_enhanced|anssi_bp28_high|ccn_advanced|ccn_basic|ccn_intermediate|cis|cis_workstation_l2|hipaa|pci-dss|stig|stig_gui,11,0.9757,no
16,7,15,anssi_bp28_enhanced|anssi_bp28_high|ccn_advanced|ccn_basic|ccn_intermediate|cis|cis_server_l1|cis_workstation_l1|cis_workstation_l2|e8|hipaa|ism_o|pci-dss|stig|stig_gui,xccdf_org.ssgproject.content_rule_audit_rules_file_deletion_events_renameat,Ensure auditd Collects File Deletion Events by User - renameat,xccdf_org.ssgproject.content_rule_audit_rules_dac_modification_fchmodat,Record Events that Modify the System's Discretionary Access Controls - fchmodat,medium,anssi_bp28_enhanced|anssi_bp28_high|ccn_advanced|ccn_basic|ccn_intermediate|cis|cis_workstation_l2|hipaa|pci-dss|stig|stig_gui,11,0.9763,no
16,7,15,anssi_bp28_enhanced|anssi_bp28_high|ccn_advanced|ccn_basic|ccn_intermediate|cis|cis_server_l1|cis_workstation_l1|cis_workstation_l2|e8|hipaa|ism_o|pci-dss|stig|stig_gui,xccdf_org.ssgproject.content_rule_audit_rules_file_deletion_events_renameat,Ensure auditd Collects File Deletion Events by User - renameat,xccdf_org.ssgproject.content_rule_audit_rules_dac_modification_fchown,Record Events that Modify the System's Discretionary Access Controls - fchown,medium,anssi_bp28_enhanced|anssi_bp28_high|ccn_advanced|ccn_basic|ccn_intermediate|cis|cis_workstation_l2|hipaa|pci-dss|stig|stig_gui,11,0.9764,no
16,7,15,anssi_bp28_enhanced|anssi_bp28_high|ccn_advanced|ccn_basic|ccn_intermediate|cis|cis_server_l1|cis_workstation_l1|cis_workstation_l2|e8|hipaa|ism_o|pci-dss|stig|stig_gui,xccdf_org.ssgproject.content_rule_audit_rules_file_deletion_events_renameat,Ensure auditd Collects File Deletion Events by User - renameat,xccdf_org.ssgproject.content_rule_audit_rules_dac_modification_fchownat,Record Events that Modify the System's Discretionary Access Controls - fchownat,medium,anssi_bp28_enhanced|anssi_bp28_high|ccn_advanced|ccn_basic|ccn_intermediate|cis|cis_workstation_l2|hipaa|pci-dss|stig|stig_gui,11,0.9767,no
16,7,15,anssi_bp28_enhanced|anssi_bp28_high|ccn_advanced|ccn_basic|ccn_intermediate|cis|cis_server_l1|cis_workstation_l1|cis_workstation_l2|e8|hipaa|ism_o|pci-dss|stig|stig_gui,xccdf_org.ssgproject.content_rule_audit_rules_file_deletion_events_renameat,Ensure auditd Collects File Deletion Events by User - renameat,xccdf_org.ssgproject.content_rule_audit_rules_dac_modification_lchown,Record Events that Modify the System's Discretionary Access Controls - lchown,medium,anssi_bp28_enhanced|anssi_bp28_high|ccn_advanced|ccn_basic|ccn_intermediate|cis|cis_workstation_l2|hipaa|pci-dss|stig|stig_gui,11,0.9786,no
16,7,15,anssi_bp28_enhanced|anssi_bp28_high|ccn_advanced|ccn_basic|ccn_intermediate|cis|cis_server_l1|cis_workstation_l1|cis_workstation_l2|e8|hipaa|ism_o|pci-dss|stig|stig_gui,xccdf_org.ssgproject.content_rule_audit_rules_file_deletion_events_renameat,Ensure auditd Collects File Deletion Events by User - renameat,xccdf_org.ssgproject.content_rule_audit_rules_dac_modification_chmod,Record Events that Modify the System's Discretionary Access Controls - chmod,medium,anssi_bp28_enhanced|anssi_bp28_high|ccn_advanced|ccn_basic|ccn_intermediate|cis|cis_workstation_l2|e8|hipaa|ism_o|pci-dss|stig|stig_gui,13,0.9788,no
16,7,15,anssi_bp28_enhanced|anssi_bp28_high|ccn_advanced|ccn_basic|ccn_intermediate|cis|cis_server_l1|cis_workstation_l1|cis_workstation_l2|e8|hipaa|ism_o|pci-dss|stig|stig_gui,xccdf_org.ssgproject.content_rule_audit_rules_file_deletion_events_renameat,Ensure auditd Collects File Deletion Events by User - renameat,xccdf_org.ssgproject.content_rule_audit_rules_dac_modification_chown,Record Events that Modify the System's Discretionary Access Controls - chown,medium,anssi_bp28_enhanced|anssi_bp28_high|ccn_advanced|ccn_basic|ccn_intermediate|cis|cis_workstation_l2|e8|hipaa|ism_o|pci-dss|stig|stig_gui,13,0.9779,no
17,17,15,anssi_bp28_enhanced|anssi_bp28_high|anssi_bp28_intermediary|cis|cis_server_l1|cis_workstation_l1|cis_workstation_l2|cui|e8|hipaa|ism_o|ospp|pci-dss|stig|stig_gui,xccdf_org.ssgproject.content_rule_directory_permissions_etc_ipsecd,Verify Permissions On /etc/ipsec.d Directory,xccdf_org.ssgproject.content_rule_file_permissions_httpd_server_conf_d_files,Set Permissions on All Configuration Files Inside /etc/httpd/conf.d/,unknown,,0,0.9512,no
17,17,15,anssi_bp28_enhanced|anssi_bp28_high|anssi_bp28_intermediary|cis|cis_server_l1|cis_workstation_l1|cis_workstation_l2|cui|e8|hipaa|ism_o|ospp|pci-dss|stig|stig_gui,xccdf_org.ssgproject.content_rule_directory_permissions_etc_ipsecd,Verify Permissions On /etc/ipsec.d Directory,xccdf_org.ssgproject.content_rule_file_permissions_httpd_server_conf_files,Set Permissions on All Configuration Files Inside /etc/httpd/conf/,unknown,,0,0.9463,no
17,17,15,anssi_bp28_enhanced|anssi_bp28_high|anssi_bp28_intermediary|cis|cis_server_l1|cis_workstation_l1|cis_workstation_l2|cui|e8|hipaa|ism_o|ospp|pci-dss|stig|stig_gui,xccdf_org.ssgproject.content_rule_directory_permissions_etc_ipsecd,Verify Permissions On /etc/ipsec.d Directory,xccdf_org.ssgproject.content_rule_file_permissions_httpd_server_modules_files,Set Permissions on All Configuration Files Inside /etc/httpd/conf.modules.d/,unknown,,0,0.9463,no
17,17,15,anssi_bp28_enhanced|anssi_bp28_high|anssi_bp28_intermediary|cis|cis_server_l1|cis_workstation_l1|cis_workstation_l2|cui|e8|hipaa|ism_o|ospp|pci-dss|stig|stig_gui,xccdf_org.ssgproject.content_rule_directory_permissions_etc_ipsecd,Verify Permissions On /etc/ipsec.d Directory,xccdf_org.ssgproject.content_rule_file_permissions_etc_audit_auditd,Verify Permissions on /etc/audit/auditd.conf,medium,stig|stig_gui,2,0.949,no
17,17,15,anssi_bp28_enhanced|anssi_bp28_high|anssi_bp28_intermediary|cis|cis_server_l1|cis_workstation_l1|cis_workstation_l2|cui|e8|hipaa|ism_o|ospp|pci-dss|stig|stig_gui,xccdf_org.ssgproject.content_rule_directory_permissions_etc_ipsecd,Verify Permissions On /etc/ipsec.d Directory,xccdf_org.ssgproject.content_rule_file_permissions_etc_audit_rulesd,Verify Permissions on /etc/audit/rules.d/*.rules,medium,stig|stig_gui,2,0.9348,no
17,17,15,anssi_bp28_enhanced|anssi_bp28_high|anssi_bp28_intermediary|cis|cis_server_l1|cis_workstation_l1|cis_workstation_l2|cui|e8|hipaa|ism_o|ospp|pci-dss|stig|stig_gui,xccdf_org.ssgproject.content_rule_directory_permissions_etc_ipsecd,Verify Permissions On /etc/ipsec.d Directory,xccdf_org.ssgproject.content_rule_directory_groupowner_etc_sudoersd,Verify Group Who Owns /etc/sudoers.d Directory,medium,anssi_bp28_enhanced|anssi_bp28_high|anssi_bp28_intermediary,3,0.9596,no
17,17,15,anssi_bp28_enhanced|anssi_bp28_high|anssi_bp28_intermediary|cis|cis_server_l1|cis_workstation_l1|cis_workstation_l2|cui|e8|hipaa|ism_o|ospp|pci-dss|stig|stig_gui,xccdf_org.ssgproject.content_rule_directory_permissions_etc_ipsecd,Verify Permissions On /etc/ipsec.d Directory,xccdf_org.ssgproject.content_rule_directory_owner_etc_sudoersd,Verify User Who Owns /etc/sudoers.d Directory,medium,anssi_bp28_enhanced|anssi_bp28_high|anssi_bp28_intermediary,3,0.96,no
17,17,15,anssi_bp28_enhanced|anssi_bp28_high|anssi_bp28_intermediary|cis|cis_server_l1|cis_workstation_l1|cis_workstation_l2|cui|e8|hipaa|ism_o|ospp|pci-dss|stig|stig_gui,xccdf_org.ssgproject.content_rule_directory_permissions_etc_ipsecd,Verify Permissions On /etc/ipsec.d Directory,xccdf_org.ssgproject.content_rule_directory_permissions_etc_sudoersd,Verify Permissions On /etc/sudoers.d Directory,medium,anssi_bp28_enhanced|anssi_bp28_high|anssi_bp28_intermediary,3,0.9705,no
17,17,15,anssi_bp28_enhanced|anssi_bp28_high|anssi_bp28_intermediary|cis|cis_server_l1|cis_workstation_l1|cis_workstation_l2|cui|e8|hipaa|ism_o|ospp|pci-dss|stig|stig_gui,xccdf_org.ssgproject.content_rule_directory_permissions_etc_ipsecd,Verify Permissions On /etc/ipsec.d Directory,xccdf_org.ssgproject.content_rule_directory_groupowner_etc_ipsecd,Verify Group Who Owns /etc/ipsec.d Directory,medium,anssi_bp28_enhanced|anssi_bp28_high|anssi_bp28_intermediary,3,0.9821,no
17,17,15,anssi_bp28_enhanced|anssi_bp28_high|anssi_bp28_intermediary|cis|cis_server_l1|cis_workstation_l1|cis_workstation_l2|cui|e8|hipaa|ism_o|ospp|pci-dss|stig|stig_gui,xccdf_org.ssgproject.content_rule_directory_permissions_etc_ipsecd,Verify Permissions On /etc/ipsec.d Directory,xccdf_org.ssgproject.content_rule_directory_owner_etc_ipsecd,Verify User Who Owns /etc/ipsec.d Directory,medium,anssi_bp28_enhanced|anssi_bp28_high|anssi_bp28_intermediary,3,0.9819,no
17,17,15,anssi_bp28_enhanced|anssi_bp28_high|anssi_bp28_intermediary|cis|cis_server_l1|cis_workstation_l1|cis_workstation_l2|cui|e8|hipaa|ism_o|ospp|pci-dss|stig|stig_gui,xccdf_org.ssgproject.content_rule_directory_permissions_etc_ipsecd,Verify Permissions On /etc/ipsec.d Directory,xccdf_org.ssgproject.content_rule_directory_permissions_etc_ipsecd,Verify Permissions On /etc/ipsec.d Directory,medium,anssi_bp28_enhanced|anssi_bp28_high|anssi_bp28_intermediary,3,1.0,yes
17,17,15,anssi_bp28_enhanced|anssi_bp28_high|anssi_bp28_intermediary|cis|cis_server_l1|cis_workstation_l1|cis_workstation_l2|cui|e8|hipaa|ism_o|ospp|pci-dss|stig|stig_gui,xccdf_org.ssgproject.content_rule_directory_permissions_etc_ipsecd,Verify Permissions On /etc/ipsec.d Directory,xccdf_org.ssgproject.content_rule_file_groupowner_etc_ipsec_conf,Verify Group Who Owns /etc/ipsec.conf File,medium,anssi_bp28_enhanced|anssi_bp28_high|anssi_bp28_intermediary,3,0.9674,no
17,17,15,anssi_bp28_enhanced|anssi_bp28_high|anssi_bp28_intermediary|cis|cis_server_l1|cis_workstation_l1|cis_workstation_l2|cui|e8|hipaa|ism_o|ospp|pci-dss|stig|stig_gui,xccdf_org.ssgproject.content_rule_directory_permissions_etc_ipsecd,Verify Permissions On /etc/ipsec.d Directory,xccdf_org.ssgproject.content_rule_file_groupowner_etc_ipsec_secrets,Verify Group Who Owns /etc/ipsec.secrets File,medium,anssi_bp28_enhanced|anssi_bp28_high|anssi_bp28_intermediary,3,0.9642,no
17,17,15,anssi_bp28_enhanced|anssi_bp28_high|anssi_bp28_intermediary|cis|cis_server_l1|cis_workstation_l1|cis_workstation_l2|cui|e8|hipaa|ism_o|ospp|pci-dss|stig|stig_gui,xccdf_org.ssgproject.content_rule_directory_permissions_etc_ipsecd,Verify Permissions On /etc/ipsec.d Directory,xccdf_org.ssgproject.content_rule_file_owner_etc_ipsec_conf,Verify User Who Owns /etc/ipsec.conf File,medium,anssi_bp28_enhanced|anssi_bp28_high|anssi_bp28_intermediary,3,0.964,no
17,17,15,anssi_bp28_enhanced|anssi_bp28_high|anssi_bp28_intermediary|cis|cis_server_l1|cis_workstation_l1|cis_workstation_l2|cui|e8|hipaa|ism_o|ospp|pci-dss|stig|stig_gui,xccdf_org.ssgproject.content_rule_directory_permissions_etc_ipsecd,Verify Permissions On /etc/ipsec.d Directory,xccdf_org.ssgproject.content_rule_file_owner_etc_ipsec_secrets,Verify User Who Owns /etc/ipsec.secrets File,medium,anssi_bp28_enhanced|anssi_bp28_high|anssi_bp28_intermediary,3,0.9653,no
17,17,15,anssi_bp28_enhanced|anssi_bp28_high|anssi_bp28_intermediary|cis|cis_server_l1|cis_workstation_l1|cis_workstation_l2|cui|e8|hipaa|ism_o|ospp|pci-dss|stig|stig_gui,xccdf_org.ssgproject.content_rule_directory_permissions_etc_ipsecd,Verify Permissions On /etc/ipsec.d Directory,xccdf_org.ssgproject.content_rule_file_permissions_etc_ipsec_conf,Verify Permissions On /etc/ipsec.conf File,medium,anssi_bp28_enhanced|anssi_bp28_high|anssi_bp28_intermediary,3,0.9812,no
17,17,15,anssi_bp28_enhanced|anssi_bp28_high|anssi_bp28_intermediary|cis|cis_server_l1|cis_workstation_l1|cis_workstation_l2|cui|e8|hipaa|ism_o|ospp|pci-dss|stig|stig_gui,xccdf_org.ssgproject.content_rule_directory_permissions_etc_ipsecd,Verify Permissions On /etc/ipsec.d Directory,xccdf_org.ssgproject.content_rule_file_permissions_etc_ipsec_secrets,Verify Permissions On /etc/ipsec.secrets File,medium,anssi_bp28_enhanced|anssi_bp28_high|anssi_bp28_intermediary,3,0.9814,no
17,17,15,anssi_bp28_enhanced|anssi_bp28_high|anssi_bp28_intermediary|cis|cis_server_l1|cis_workstation_l1|cis_workstation_l2|cui|e8|hipaa|ism_o|ospp|pci-dss|stig|stig_gui,xccdf_org.ssgproject.content_rule_directory_permissions_etc_ipsecd,Verify Permissions On /etc/ipsec.d Directory,xccdf_org.ssgproject.content_rule_directory_groupowner_etc_sysctld,Verify Group Who Owns /etc/sysctl.d Directory,medium,anssi_bp28_enhanced|anssi_bp28_high|anssi_bp28_intermediary,3,0.9667,no
17,17,15,anssi_bp28_enhanced|anssi_bp28_high|anssi_bp28_intermediary|cis|cis_server_l1|cis_workstation_l1|cis_workstation_l2|cui|e8|hipaa|ism_o|ospp|pci-dss|stig|stig_gui,xccdf_org.ssgproject.content_rule_directory_permissions_etc_ipsecd,Verify Permissions On /etc/ipsec.d Directory,xccdf_org.ssgproject.content_rule_directory_owner_etc_sysctld,Verify User Who Owns /etc/sysctl.d Directory,medium,anssi_bp28_enhanced|anssi_bp28_high|anssi_bp28_intermediary,3,0.9659,no
17,17,15,anssi_bp28_enhanced|anssi_bp28_high|anssi_bp28_intermediary|cis|cis_server_l1|cis_workstation_l1|cis_workstation_l2|cui|e8|hipaa|ism_o|ospp|pci-dss|stig|stig_gui,xccdf_org.ssgproject.content_rule_directory_permissions_etc_ipsecd,Verify Permissions On /etc/ipsec.d Directory,xccdf_org.ssgproject.content_rule_directory_permissions_etc_sysctld,Verify Permissions On /etc/sysctl.d Directory,medium,anssi_bp28_enhanced|anssi_bp28_high|anssi_bp28_intermediary,3,0.9787,no
17,17,15,anssi_bp28_enhanced|anssi_bp28_high|anssi_bp28_intermediary|cis|cis_server_l1|cis_workstation_l1|cis_workstation_l2|cui|e8|hipaa|ism_o|ospp|pci-dss|stig|stig_gui,xccdf_org.ssgproject.content_rule_directory_permissions_etc_ipsecd,Verify Permissions On /etc/ipsec.d Directory,xccdf_org.ssgproject.content_rule_file_groupowner_etc_sestatus_conf,Verify Group Who Owns /etc/sestatus.conf File,medium,anssi_bp28_enhanced|anssi_bp28_high|anssi_bp28_intermediary,3,0.9463,no
17,17,15,anssi_bp28_enhanced|anssi_bp28_high|anssi_bp28_intermediary|cis|cis_server_l1|cis_workstation_l1|cis_workstation_l2|cui|e8|hipaa|ism_o|ospp|pci-dss|stig|stig_gui,xccdf_org.ssgproject.content_rule_directory_permissions_etc_ipsecd,Verify Permissions On /etc/ipsec.d Directory,xccdf_org.ssgproject.content_rule_file_owner_etc_sestatus_conf,Verify User Who Owns /etc/sestatus.conf File,medium,anssi_bp28_enhanced|anssi_bp28_high|anssi_bp28_intermediary,3,0.9422,no
17,17,15,anssi_bp28_enhanced|anssi_bp28_high|anssi_bp28_intermediary|cis|cis_server_l1|cis_workstation_l1|cis_workstation_l2|cui|e8|hipaa|ism_o|ospp|pci-dss|stig|stig_gui,xccdf_org.ssgproject.content_rule_directory_permissions_etc_ipsecd,Verify Permissions On /etc/ipsec.d Directory,xccdf_org.ssgproject.content_rule_file_permissions_etc_sestatus_conf,Verify Permissions On /etc/sestatus.conf File,medium,anssi_bp28_enhanced|anssi_bp28_high|anssi_bp28_intermediary,3,0.957,no
17,17,15,anssi_bp28_enhanced|anssi_bp28_high|anssi_bp28_intermediary|cis|cis_server_l1|cis_workstation_l1|cis_workstation_l2|cui|e8|hipaa|ism_o|ospp|pci-dss|stig|stig_gui,xccdf_org.ssgproject.content_rule_directory_permissions_etc_ipsecd,Verify Permissions On /etc/ipsec.d Directory,xccdf_org.ssgproject.content_rule_file_groupowner_etc_chrony_keys,Verify Group Who Owns /etc/chrony.keys File,medium,anssi_bp28_enhanced|anssi_bp28_high|anssi_bp28_intermediary,3,0.9463,no
17,17,15,anssi_bp28_enhanced|anssi_bp28_high|anssi_bp28_intermediary|cis|cis_server_l1|cis_workstation_l1|cis_workstation_l2|cui|e8|hipaa|ism_o|ospp|pci-dss|stig|stig_gui,xccdf_org.ssgproject.content_rule_directory_permissions_etc_ipsecd,Verify Permissions On /etc/ipsec.d Directory,xccdf_org.ssgproject.content_rule_file_owner_etc_chrony_keys,Verify User Who Owns /etc/chrony.keys File,medium,anssi_bp28_enhanced|anssi_bp28_high|anssi_bp28_intermediary,3,0.9475,no
17,17,15,anssi_bp28_enhanced|anssi_bp28_high|anssi_bp28_intermediary|cis|cis_server_l1|cis_workstation_l1|cis_workstation_l2|cui|e8|hipaa|ism_o|ospp|pci-dss|stig|stig_gui,xccdf_org.ssgproject.content_rule_directory_permissions_etc_ipsecd,Verify Permissions On /etc/ipsec.d Directory,xccdf_org.ssgproject.content_rule_file_permissions_etc_chrony_keys,Verify Permissions On /etc/chrony.keys File,medium,anssi_bp28_enhanced|anssi_bp28_high|anssi_bp28_intermediary,3,0.9596,no
17,17,15,anssi_bp28_enhanced|anssi_bp28_high|anssi_bp28_intermediary|cis|cis_server_l1|cis_workstation_l1|cis_workstation_l2|cui|e8|hipaa|ism_o|ospp|pci-dss|stig|stig_gui,xccdf_org.ssgproject.content_rule_directory_permissions_etc_ipsecd,Verify Permissions On /etc/ipsec.d Directory,xccdf_org.ssgproject.content_rule_sshd_use_directory_configuration,Distribute the SSH Server configuration to multiple files in a config directory.,medium,cui|e8|hipaa|ism_o|ospp,5,0.9191,no
17,17,15,anssi_bp28_enhanced|anssi_bp28_high|anssi_bp28_intermediary|cis|cis_server_l1|cis_workstation_l1|cis_workstation_l2|cui|e8|hipaa|ism_o|ospp|pci-dss|stig|stig_gui,xccdf_org.ssgproject.content_rule_directory_permissions_etc_ipsecd,Verify Permissions On /etc/ipsec.d Directory,xccdf_org.ssgproject.content_rule_file_groupowner_sshd_config,Verify Group Who Owns SSH Server config file,medium,anssi_bp28_enhanced|anssi_bp28_high|anssi_bp28_intermediary|cis|cis_server_l1|cis_workstation_l1|cis_workstation_l2|stig|stig_gui,9,0.9264,no
17,17,15,anssi_bp28_enhanced|anssi_bp28_high|anssi_bp28_intermediary|cis|cis_server_l1|cis_workstation_l1|cis_workstation_l2|cui|e8|hipaa|ism_o|ospp|pci-dss|stig|stig_gui,xccdf_org.ssgproject.content_rule_directory_permissions_etc_ipsecd,Verify Permissions On /etc/ipsec.d Directory,xccdf_org.ssgproject.content_rule_file_owner_sshd_config,Verify Owner on SSH Server config file,medium,anssi_bp28_enhanced|anssi_bp28_high|anssi_bp28_intermediary|cis|cis_server_l1|cis_workstation_l1|cis_workstation_l2|stig|stig_gui,9,0.9331,no
17,17,15,anssi_bp28_enhanced|anssi_bp28_high|anssi_bp28_intermediary|cis|cis_server_l1|cis_workstation_l1|cis_workstation_l2|cui|e8|hipaa|ism_o|ospp|pci-dss|stig|stig_gui,xccdf_org.ssgproject.content_rule_directory_permissions_etc_ipsecd,Verify Permissions On /etc/ipsec.d Directory,xccdf_org.ssgproject.content_rule_file_permissions_sshd_config,Verify Permissions on SSH Server config file,medium,anssi_bp28_enhanced|anssi_bp28_high|anssi_bp28_intermediary|cis|cis_server_l1|cis_workstation_l1|cis_workstation_l2|pci-dss|stig|stig_gui,10,0.9457,no
18,19,14,anssi_bp28_enhanced|anssi_bp28_high|anssi_bp28_intermediary|cis|cis_server_l1|cis_workstation_l1|cis_workstation_l2|cui|e8|ism_o|ospp|pci-dss|stig|stig_gui,xccdf_org.ssgproject.content_rule_mount_option_var_log_nodev,Add nodev Option to /var/log,xccdf_org.ssgproject.content_rule_no_legacy_plus_entries_etc_group,Ensure there are no legacy + NIS entries in /etc/group,medium,,0,0.9244,no
18,19,14,anssi_bp28_enhanced|anssi_bp28_high|anssi_bp28_intermediary|cis|cis_server_l1|cis_workstation_l1|cis_workstation_l2|cui|e8|ism_o|ospp|pci-dss|stig|stig_gui,xccdf_org.ssgproject.content_rule_mount_option_var_log_nodev,Add nodev Option to /var/log,xccdf_org.ssgproject.content_rule_no_legacy_plus_entries_etc_passwd,Ensure there are no legacy + NIS entries in /etc/passwd,medium,,0,0.9232,no
18,19,14,anssi_bp28_enhanced|anssi_bp28_high|anssi_bp28_intermediary|cis|cis_server_l1|cis_workstation_l1|cis_workstation_l2|cui|e8|ism_o|ospp|pci-dss|stig|stig_gui,xccdf_org.ssgproject.content_rule_mount_option_var_log_nodev,Add nodev Option to /var/log,xccdf_org.ssgproject.content_rule_no_legacy_plus_entries_etc_shadow,Ensure there are no legacy + NIS entries in /etc/shadow,medium,,0,0.9226,no
18,19,14,anssi_bp28_enhanced|anssi_bp28_high|anssi_bp28_intermediary|cis|cis_server_l1|cis_workstation_l1|cis_workstation_l2|cui|e8|ism_o|ospp|pci-dss|stig|stig_gui,xccdf_org.ssgproject.content_rule_mount_option_var_log_nodev,Add nodev Option to /var/log,xccdf_org.ssgproject.content_rule_mount_option_boot_noauto,Add noauto Option to /boot,medium,,0,0.9514,no
18,19,14,anssi_bp28_enhanced|anssi_bp28_high|anssi_bp28_intermediary|cis|cis_server_l1|cis_workstation_l1|cis_workstation_l2|cui|e8|ism_o|ospp|pci-dss|stig|stig_gui,xccdf_org.ssgproject.content_rule_mount_option_var_log_nodev,Add nodev Option to /var/log,xccdf_org.ssgproject.content_rule_mount_option_home_grpquota,Add grpquota Option to /home,medium,,0,0.959,no
18,19,14,anssi_bp28_enhanced|anssi_bp28_high|anssi_bp28_intermediary|cis|cis_server_l1|cis_workstation_l1|cis_workstation_l2|cui|e8|ism_o|ospp|pci-dss|stig|stig_gui,xccdf_org.ssgproject.content_rule_mount_option_var_log_nodev,Add nodev Option to /var/log,xccdf_org.ssgproject.content_rule_mount_option_home_usrquota,Add usrquota Option to /home,medium,,0,0.9579,no
18,19,14,anssi_bp28_enhanced|anssi_bp28_high|anssi_bp28_intermediary|cis|cis_server_l1|cis_workstation_l1|cis_workstation_l2|cui|e8|ism_o|ospp|pci-dss|stig|stig_gui,xccdf_org.ssgproject.content_rule_mount_option_var_log_nodev,Add nodev Option to /var/log,xccdf_org.ssgproject.content_rule_mount_option_proc_hidepid,Add hidepid Option to /proc,low,,0,0.9434,no
18,19,14,anssi_bp28_enhanced|anssi_bp28_high|anssi_bp28_intermediary|cis|cis_server_l1|cis_workstation_l1|cis_workstation_l2|cui|e8|ism_o|ospp|pci-dss|stig|stig_gui,xccdf_org.ssgproject.content_rule_mount_option_var_log_nodev,Add nodev Option to /var/log,xccdf_org.ssgproject.content_rule_mount_option_var_tmp_bind,Bind Mount /var/tmp To /tmp,unknown,,0,0.9498,no
18,19,14,anssi_bp28_enhanced|anssi_bp28_high|anssi_bp28_intermediary|cis|cis_server_l1|cis_workstation_l1|cis_workstation_l2|cui|e8|ism_o|ospp|pci-dss|stig|stig_gui,xccdf_org.ssgproject.content_rule_mount_option_var_log_nodev,Add nodev Option to /var/log,xccdf_org.ssgproject.content_rule_no_all_squash_exports,Ensure All-Squashing Disabled On All Exports,low,,0,0.9038,no
18,19,14,anssi_bp28_enhanced|anssi_bp28_high|anssi_bp28_intermediary|cis|cis_server_l1|cis_workstation_l1|cis_workstation_l2|cui|e8|ism_o|ospp|pci-dss|stig|stig_gui,xccdf_org.ssgproject.content_rule_mount_option_var_log_nodev,Add nodev Option to /var/log,xccdf_org.ssgproject.content_rule_accounts_user_home_paths_only,Ensure that Users Path Contains Only Local Directories,medium,stig|stig_gui,2,0.9022,no
18,19,14,anssi_bp28_enhanced|anssi_bp28_high|anssi_bp28_intermediary|cis|cis_server_l1|cis_workstation_l1|cis_workstation_l2|cui|e8|ism_o|ospp|pci-dss|stig|stig_gui,xccdf_org.ssgproject.content_rule_mount_option_var_log_nodev,Add nodev Option to /var/log,xccdf_org.ssgproject.content_rule_mount_option_boot_efi_nosuid,Add nosuid Option to /boot/efi,medium,stig|stig_gui,2,0.9594,no
18,19,14,anssi_bp28_enhanced|anssi_bp28_high|anssi_bp28_intermediary|cis|cis_server_l1|cis_workstation_l1|cis_workstation_l2|cui|e8|ism_o|ospp|pci-dss|stig|stig_gui,xccdf_org.ssgproject.content_rule_mount_option_var_log_nodev,Add nodev Option to /var/log,xccdf_org.ssgproject.content_rule_mount_option_boot_nodev,Add nodev Option to /boot,medium,stig|stig_gui,2,0.988,no
18,19,14,anssi_bp28_enhanced|anssi_bp28_high|anssi_bp28_intermediary|cis|cis_server_l1|cis_workstation_l1|cis_workstation_l2|cui|e8|ism_o|ospp|pci-dss|stig|stig_gui,xccdf_org.ssgproject.content_rule_mount_option_var_log_nodev,Add nodev Option to /var/log,xccdf_org.ssgproject.content_rule_mount_option_nodev_removable_partitions,Add nodev Option to Removable Media Partitions,medium,stig|stig_gui,2,0.975,no
18,19,14,anssi_bp28_enhanced|anssi_bp28_high|anssi_bp28_intermediary|cis|cis_server_l1|cis_workstation_l1|cis_workstation_l2|cui|e8|ism_o|ospp|pci-dss|stig|stig_gui,xccdf_org.ssgproject.content_rule_mount_option_var_log_nodev,Add nodev Option to /var/log,xccdf_org.ssgproject.content_rule_mount_option_noexec_removable_partitions,Add noexec Option to Removable Media Partitions,medium,stig|stig_gui,2,0.932,no
18,19,14,anssi_bp28_enhanced|anssi_bp28_high|anssi_bp28_intermediary|cis|cis_server_l1|cis_workstation_l1|cis_workstation_l2|cui|e8|ism_o|ospp|pci-dss|stig|stig_gui,xccdf_org.ssgproject.content_rule_mount_option_var_log_nodev,Add nodev Option to /var/log,xccdf_org.ssgproject.content_rule_mount_option_nosuid_removable_partitions,Add nosuid Option to Removable Media Partitions,medium,stig|stig_gui,2,0.9349,no
18,19,14,anssi_bp28_enhanced|anssi_bp28_high|anssi_bp28_intermediary|cis|cis_server_l1|cis_workstation_l1|cis_workstation_l2|cui|e8|ism_o|ospp|pci-dss|stig|stig_gui,xccdf_org.ssgproject.content_rule_mount_option_var_log_nodev,Add nodev Option to /var/log,xccdf_org.ssgproject.content_rule_mount_option_krb_sec_remote_filesystems,Mount Remote Filesystems with Kerberos Security,medium,stig|stig_gui,2,0.9335,no
18,19,14,anssi_bp28_enhanced|anssi_bp28_high|anssi_bp28_intermediary|cis|cis_server_l1|cis_workstation_l1|cis_workstation_l2|cui|e8|ism_o|ospp|pci-dss|stig|stig_gui,xccdf_org.ssgproject.content_rule_mount_option_var_log_nodev,Add nodev Option to /var/log,xccdf_org.ssgproject.content_rule_mount_option_nodev_remote_filesystems,Mount Remote Filesystems with nodev,medium,stig|stig_gui,2,0.96,no
18,19,14,anssi_bp28_enhanced|anssi_bp28_high|anssi_bp28_intermediary|cis|cis_server_l1|cis_workstation_l1|cis_workstation_l2|cui|e8|ism_o|ospp|pci-dss|stig|stig_gui,xccdf_org.ssgproject.content_rule_mount_option_var_log_nodev,Add nodev Option to /var/log,xccdf_org.ssgproject.content_rule_mount_option_noexec_remote_filesystems,Mount Remote Filesystems with noexec,medium,stig|stig_gui,2,0.9501,no
18,19,14,anssi_bp28_enhanced|anssi_bp28_high|anssi_bp28_intermediary|cis|cis_server_l1|cis_workstation_l1|cis_workstation_l2|cui|e8|ism_o|ospp|pci-dss|stig|stig_gui,xccdf_org.ssgproject.content_rule_mount_option_var_log_nodev,Add nodev Option to /var/log,xccdf_org.ssgproject.content_rule_mount_option_nosuid_remote_filesystems,Mount Remote Filesystems with nosuid,medium,stig|stig_gui,2,0.9573,no
18,19,14,anssi_bp28_enhanced|anssi_bp28_high|anssi_bp28_intermediary|cis|cis_server_l1|cis_workstation_l1|cis_workstation_l2|cui|e8|ism_o|ospp|pci-dss|stig|stig_gui,xccdf_org.ssgproject.content_rule_mount_option_var_log_nodev,Add nodev Option to /var/log,xccdf_org.ssgproject.content_rule_partition_for_srv,Ensure /srv Located On Separate Partition,unknown,anssi_bp28_enhanced|anssi_bp28_high|anssi_bp28_intermediary,3,0.927,no
18,19,14,anssi_bp28_enhanced|anssi_bp28_high|anssi_bp28_intermediary|cis|cis_server_l1|cis_workstation_l1|cis_workstation_l2|cui|e8|ism_o|ospp|pci-dss|stig|stig_gui,xccdf_org.ssgproject.content_rule_mount_option_var_log_nodev,Add nodev Option to /var/log,xccdf_org.ssgproject.content_rule_systemd_tmp_mount_enabled,Ensure tmp.mount Unit Us Enabled,low,anssi_bp28_enhanced|anssi_bp28_high|anssi_bp28_intermediary,3,0.9242,no
18,19,14,anssi_bp28_enhanced|anssi_bp28_high|anssi_bp28_intermediary|cis|cis_server_l1|cis_workstation_l1|cis_workstation_l2|cui|e8|ism_o|ospp|pci-dss|stig|stig_gui,xccdf_org.ssgproject.content_rule_mount_option_var_log_nodev,Add nodev Option to /var/log,xccdf_org.ssgproject.content_rule_accounts_polyinstantiated_tmp,Configure Polyinstantiation of /tmp Directories,low,anssi_bp28_enhanced|anssi_bp28_high|anssi_bp28_intermediary,3,0.9146,no
18,19,14,anssi_bp28_enhanced|anssi_bp28_high|anssi_bp28_intermediary|cis|cis_server_l1|cis_workstation_l1|cis_workstation_l2|cui|e8|ism_o|ospp|pci-dss|stig|stig_gui,xccdf_org.ssgproject.content_rule_mount_option_var_log_nodev,Add nodev Option to /var/log,xccdf_org.ssgproject.content_rule_accounts_polyinstantiated_var_tmp,Configure Polyinstantiation of /var/tmp Directories,low,anssi_bp28_enhanced|anssi_bp28_high|anssi_bp28_intermediary,3,0.9184,no
18,19,14,anssi_bp28_enhanced|anssi_bp28_high|anssi_bp28_intermediary|cis|cis_server_l1|cis_workstation_l1|cis_workstation_l2|cui|e8|ism_o|ospp|pci-dss|stig|stig_gui,xccdf_org.ssgproject.content_rule_mount_option_var_log_nodev,Add nodev Option to /var/log,xccdf_org.ssgproject.content_rule_mount_option_boot_noexec,Add noexec Option to /boot,medium,anssi_bp28_enhanced|anssi_bp28_high|anssi_bp28_intermediary,3,0.9572,no
18,19,14,anssi_bp28_enhanced|anssi_bp28_high|anssi_bp28_intermediary|cis|cis_server_l1|cis_workstation_l1|cis_workstation_l2|cui|e8|ism_o|ospp|pci-dss|stig|stig_gui,xccdf_org.ssgproject.content_rule_mount_option_var_log_nodev,Add nodev Option to /var/log,xccdf_org.ssgproject.content_rule_mount_option_opt_nosuid,Add nosuid Option to /opt,medium,anssi_bp28_enhanced|anssi_bp28_high|anssi_bp28_intermediary,3,0.967,no
18,19,14,anssi_bp28_enhanced|anssi_bp28_high|anssi_bp28_intermediary|cis|cis_server_l1|cis_workstation_l1|cis_workstation_l2|cui|e8|ism_o|ospp|pci-dss|stig|stig_gui,xccdf_org.ssgproject.content_rule_mount_option_var_log_nodev,Add nodev Option to /var/log,xccdf_org.ssgproject.content_rule_mount_option_srv_nosuid,Add nosuid Option to /srv,medium,anssi_bp28_enhanced|anssi_bp28_high|anssi_bp28_intermediary,3,0.9707,no
18,19,14,anssi_bp28_enhanced|anssi_bp28_high|anssi_bp28_intermediary|cis|cis_server_l1|cis_workstation_l1|cis_workstation_l2|cui|e8|ism_o|ospp|pci-dss|stig|stig_gui,xccdf_org.ssgproject.content_rule_mount_option_var_log_nodev,Add nodev Option to /var/log,xccdf_org.ssgproject.content_rule_mount_option_var_noexec,Add noexec Option to /var,medium,anssi_bp28_enhanced|anssi_bp28_high|anssi_bp28_intermediary,3,0.9589,no
18,19,14,anssi_bp28_enhanced|anssi_bp28_high|anssi_bp28_intermediary|cis|cis_server_l1|cis_workstation_l1|cis_workstation_l2|cui|e8|ism_o|ospp|pci-dss|stig|stig_gui,xccdf_org.ssgproject.content_rule_mount_option_var_log_nodev,Add nodev Option to /var/log,xccdf_org.ssgproject.content_rule_disable_users_coredumps,Disable Core Dumps for All Users,medium,pci-dss|stig|stig_gui,3,0.9351,no
18,19,14,anssi_bp28_enhanced|anssi_bp28_high|anssi_bp28_intermediary|cis|cis_server_l1|cis_workstation_l1|cis_workstation_l2|cui|e8|ism_o|ospp|pci-dss|stig|stig_gui,xccdf_org.ssgproject.content_rule_mount_option_var_log_nodev,Add nodev Option to /var/log,xccdf_org.ssgproject.content_rule_partition_for_dev_shm,Ensure /dev/shm is configured,low,cis|cis_server_l1|cis_workstation_l1|cis_workstation_l2,4,0.9202,no
18,19,14,anssi_bp28_enhanced|anssi_bp28_high|anssi_bp28_intermediary|cis|cis_server_l1|cis_workstation_l1|cis_workstation_l2|cui|e8|ism_o|ospp|pci-dss|stig|stig_gui,xccdf_org.ssgproject.content_rule_mount_option_var_log_nodev,Add nodev Option to /var/log,xccdf_org.ssgproject.content_rule_accounts_root_path_dirs_no_write,Ensure that Root's Path Does Not Include World or Group-Writable Directories,medium,cis|cis_server_l1|cis_workstation_l1|cis_workstation_l2,4,0.9115,no
18,19,14,anssi_bp28_enhanced|anssi_bp28_high|anssi_bp28_intermediary|cis|cis_server_l1|cis_workstation_l1|cis_workstation_l2|cui|e8|ism_o|ospp|pci-dss|stig|stig_gui,xccdf_org.ssgproject.content_rule_mount_option_var_log_nodev,Add nodev Option to /var/log,xccdf_org.ssgproject.content_rule_root_path_no_dot,Ensure that Root's Path Does Not Include Relative Paths or Null Directories,unknown,cis|cis_server_l1|cis_workstation_l1|cis_workstation_l2,4,0.9109,no
18,19,14,anssi_bp28_enhanced|anssi_bp28_high|anssi_bp28_intermediary|cis|cis_server_l1|cis_workstation_l1|cis_workstation_l2|cui|e8|ism_o|ospp|pci-dss|stig|stig_gui,xccdf_org.ssgproject.content_rule_mount_option_var_log_nodev,Add nodev Option to /var/log,xccdf_org.ssgproject.content_rule_service_systemd-coredump_disabled,"Disable acquiring, saving, and processing core dumps",medium,cui|ospp|stig|stig_gui,4,0.8782,no
18,19,14,anssi_bp28_enhanced|anssi_bp28_high|anssi_bp28_intermediary|cis|cis_server_l1|cis_workstation_l1|cis_workstation_l2|cui|e8|ism_o|ospp|pci-dss|stig|stig_gui,xccdf_org.ssgproject.content_rule_mount_option_var_log_nodev,Add nodev Option to /var/log,xccdf_org.ssgproject.content_rule_mount_option_boot_nosuid,Add nosuid Option to /boot,medium,anssi_bp28_enhanced|anssi_bp28_high|anssi_bp28_intermediary|stig|stig_gui,5,0.9618,no
18,19,14,anssi_bp28_enhanced|anssi_bp28_high|anssi_bp28_intermediary|cis|cis_server_l1|cis_workstation_l1|cis_workstation_l2|cui|e8|ism_o|ospp|pci-dss|stig|stig_gui,xccdf_org.ssgproject.content_rule_mount_option_var_log_nodev,Add nodev Option to /var/log,xccdf_org.ssgproject.content_rule_mount_option_home_noexec,Add noexec Option to /home,medium,anssi_bp28_enhanced|anssi_bp28_high|anssi_bp28_intermediary|stig|stig_gui,5,0.9585,no
18,19,14,anssi_bp28_enhanced|anssi_bp28_high|anssi_bp28_intermediary|cis|cis_server_l1|cis_workstation_l1|cis_workstation_l2|cui|e8|ism_o|ospp|pci-dss|stig|stig_gui,xccdf_org.ssgproject.content_rule_mount_option_var_log_nodev,Add nodev Option to /var/log,xccdf_org.ssgproject.content_rule_mount_option_nodev_nonroot_local_partitions,Add nodev Option to Non-Root Local Partitions,medium,anssi_bp28_enhanced|anssi_bp28_high|anssi_bp28_intermediary|stig|stig_gui,5,0.9776,no
18,19,14,anssi_bp28_enhanced|anssi_bp28_high|anssi_bp28_intermediary|cis|cis_server_l1|cis_workstation_l1|cis_workstation_l2|cui|e8|ism_o|ospp|pci-dss|stig|stig_gui,xccdf_org.ssgproject.content_rule_mount_option_var_log_nodev,Add nodev Option to /var/log,xccdf_org.ssgproject.content_rule_partition_for_tmp,Ensure /tmp Located On Separate Partition,low,cis|cis_server_l1|cis_workstation_l1|cis_workstation_l2|stig|stig_gui,6,0.9171,no
18,19,14,anssi_bp28_enhanced|anssi_bp28_high|anssi_bp28_intermediary|cis|cis_server_l1|cis_workstation_l1|cis_workstation_l2|cui|e8|ism_o|ospp|pci-dss|stig|stig_gui,xccdf_org.ssgproject.content_rule_mount_option_var_log_nodev,Add nodev Option to /var/log,xccdf_org.ssgproject.content_rule_mount_option_home_nodev,Add nodev Option to /home,unknown,cis|cis_server_l1|cis_workstation_l1|cis_workstation_l2|stig|stig_gui,6,0.9893,no
18,19,14,anssi_bp28_enhanced|anssi_bp28_high|anssi_bp28_intermediary|cis|cis_server_l1|cis_workstation_l1|cis_workstation_l2|cui|e8|ism_o|ospp|pci-dss|stig|stig_gui,xccdf_org.ssgproject.content_rule_mount_option_var_log_nodev,Add nodev Option to /var/log,xccdf_org.ssgproject.content_rule_mount_option_tmp_nodev,Add nodev Option to /tmp,medium,cis|cis_server_l1|cis_workstation_l1|cis_workstation_l2|stig|stig_gui,6,0.9767,no
18,19,14,anssi_bp28_enhanced|anssi_bp28_high|anssi_bp28_intermediary|cis|cis_server_l1|cis_workstation_l1|cis_workstation_l2|cui|e8|ism_o|ospp|pci-dss|stig|stig_gui,xccdf_org.ssgproject.content_rule_mount_option_var_log_nodev,Add nodev Option to /var/log,xccdf_org.ssgproject.content_rule_mount_option_var_log_nodev,Add nodev Option to /var/log,medium,cis|cis_server_l1|cis_workstation_l1|cis_workstation_l2|stig|stig_gui,6,1.0,yes
18,19,14,anssi_bp28_enhanced|anssi_bp28_high|anssi_bp28_intermediary|cis|cis_server_l1|cis_workstation_l1|cis_workstation_l2|cui|e8|ism_o|ospp|pci-dss|stig|stig_gui,xccdf_org.ssgproject.content_rule_mount_option_var_log_nodev,Add nodev Option to /var/log,xccdf_org.ssgproject.content_rule_mount_option_var_nodev,Add nodev Option to /var,medium,cis|cis_server_l1|cis_workstation_l1|cis_workstation_l2|stig|stig_gui,6,0.9941,no
18,19,14,anssi_bp28_enhanced|anssi_bp28_high|anssi_bp28_intermediary|cis|cis_server_l1|cis_workstation_l1|cis_workstation_l2|cui|e8|ism_o|ospp|pci-dss|stig|stig_gui,xccdf_org.ssgproject.content_rule_mount_option_var_log_nodev,Add nodev Option to /var/log,xccdf_org.ssgproject.content_rule_mount_option_var_tmp_nodev,Add nodev Option to /var/tmp,medium,cis|cis_server_l1|cis_workstation_l1|cis_workstation_l2|stig|stig_gui,6,0.9793,no
18,19,14,anssi_bp28_enhanced|anssi_bp28_high|anssi_bp28_intermediary|cis|cis_server_l1|cis_workstation_l1|cis_workstation_l2|cui|e8|ism_o|ospp|pci-dss|stig|stig_gui,xccdf_org.ssgproject.content_rule_mount_option_var_log_nodev,Add nodev Option to /var/log,xccdf_org.ssgproject.content_rule_partition_for_home,Ensure /home Located On Separate Partition,low,anssi_bp28_enhanced|anssi_bp28_high|anssi_bp28_intermediary|cis|cis_workstation_l2|stig|stig_gui,7,0.9185,no
18,19,14,anssi_bp28_enhanced|anssi_bp28_high|anssi_bp28_intermediary|cis|cis_server_l1|cis_workstation_l1|cis_workstation_l2|cui|e8|ism_o|ospp|pci-dss|stig|stig_gui,xccdf_org.ssgproject.content_rule_mount_option_var_log_nodev,Add nodev Option to /var/log,xccdf_org.ssgproject.content_rule_partition_for_var,Ensure /var Located On Separate Partition,low,anssi_bp28_enhanced|anssi_bp28_high|anssi_bp28_intermediary|cis|cis_workstation_l2|stig|stig_gui,7,0.9273,no
18,19,14,anssi_bp28_enhanced|anssi_bp28_high|anssi_bp28_intermediary|cis|cis_server_l1|cis_workstation_l1|cis_workstation_l2|cui|e8|ism_o|ospp|pci-dss|stig|stig_gui,xccdf_org.ssgproject.content_rule_mount_option_var_log_nodev,Add nodev Option to /var/log,xccdf_org.ssgproject.content_rule_partition_for_var_log,Ensure /var/log Located On Separate Partition,low,anssi_bp28_enhanced|anssi_bp28_high|anssi_bp28_intermediary|cis|cis_workstation_l2|stig|stig_gui,7,0.9295,no
18,19,14,anssi_bp28_enhanced|anssi_bp28_high|anssi_bp28_intermediary|cis|cis_server_l1|cis_workstation_l1|cis_workstation_l2|cui|e8|ism_o|ospp|pci-dss|stig|stig_gui,xccdf_org.ssgproject.content_rule_mount_option_var_log_nodev,Add nodev Option to /var/log,xccdf_org.ssgproject.content_rule_partition_for_var_tmp,Ensure /var/tmp Located On Separate Partition,medium,anssi_bp28_enhanced|anssi_bp28_high|anssi_bp28_intermediary|cis|cis_workstation_l2|stig|stig_gui,7,0.9288,no
18,19,14,anssi_bp28_enhanced|anssi_bp28_high|anssi_bp28_intermediary|cis|cis_server_l1|cis_workstation_l1|cis_workstation_l2|cui|e8|ism_o|ospp|pci-dss|stig|stig_gui,xccdf_org.ssgproject.content_rule_mount_option_var_log_nodev,Add nodev Option to /var/log,xccdf_org.ssgproject.content_rule_mount_option_var_nosuid,Add nosuid Option to /var,medium,anssi_bp28_enhanced|anssi_bp28_high|anssi_bp28_intermediary|cis|cis_server_l1|cis_workstation_l1|cis_workstation_l2,7,0.97,no
18,19,14,anssi_bp28_enhanced|anssi_bp28_high|anssi_bp28_intermediary|cis|cis_server_l1|cis_workstation_l1|cis_workstation_l2|cui|e8|ism_o|ospp|pci-dss|stig|stig_gui,xccdf_org.ssgproject.content_rule_mount_option_var_log_nodev,Add nodev Option to /var/log,xccdf_org.ssgproject.content_rule_coredump_disable_backtraces,Disable core dump backtraces,medium,cis|cis_server_l1|cis_workstation_l1|cis_workstation_l2|pci-dss|stig|stig_gui,7,0.92,no
18,19,14,anssi_bp28_enhanced|anssi_bp28_high|anssi_bp28_intermediary|cis|cis_server_l1|cis_workstation_l1|cis_workstation_l2|cui|e8|ism_o|ospp|pci-dss|stig|stig_gui,xccdf_org.ssgproject.content_rule_mount_option_var_log_nodev,Add nodev Option to /var/log,xccdf_org.ssgproject.content_rule_coredump_disable_storage,Disable storing core dump,medium,cis|cis_server_l1|cis_workstation_l1|cis_workstation_l2|pci-dss|stig|stig_gui,7,0.9229,no
18,19,14,anssi_bp28_enhanced|anssi_bp28_high|anssi_bp28_intermediary|cis|cis_server_l1|cis_workstation_l1|cis_workstation_l2|cui|e8|ism_o|ospp|pci-dss|stig|stig_gui,xccdf_org.ssgproject.content_rule_mount_option_var_log_nodev,Add nodev Option to /var/log,xccdf_org.ssgproject.content_rule_partition_for_var_log_audit,Ensure /var/log/audit Located On Separate Partition,low,anssi_bp28_enhanced|anssi_bp28_high|cis|cis_workstation_l2|cui|ospp|stig|stig_gui,8,0.9311,no
18,19,14,anssi_bp28_enhanced|anssi_bp28_high|anssi_bp28_intermediary|cis|cis_server_l1|cis_workstation_l1|cis_workstation_l2|cui|e8|ism_o|ospp|pci-dss|stig|stig_gui,xccdf_org.ssgproject.content_rule_mount_option_var_log_nodev,Add nodev Option to /var/log,xccdf_org.ssgproject.content_rule_mount_option_dev_shm_nodev,Add nodev Option to /dev/shm,medium,cis|cis_server_l1|cis_workstation_l1|cis_workstation_l2|e8|ism_o|stig|stig_gui,8,0.9764,no
18,19,14,anssi_bp28_enhanced|anssi_bp28_high|anssi_bp28_intermediary|cis|cis_server_l1|cis_workstation_l1|cis_workstation_l2|cui|e8|ism_o|ospp|pci-dss|stig|stig_gui,xccdf_org.ssgproject.content_rule_mount_option_var_log_nodev,Add nodev Option to /var/log,xccdf_org.ssgproject.content_rule_mount_option_dev_shm_noexec,Add noexec Option to /dev/shm,medium,cis|cis_server_l1|cis_workstation_l1|cis_workstation_l2|e8|ism_o|stig|stig_gui,8,0.9592,no
18,19,14,anssi_bp28_enhanced|anssi_bp28_high|anssi_bp28_intermediary|cis|cis_server_l1|cis_workstation_l1|cis_workstation_l2|cui|e8|ism_o|ospp|pci-dss|stig|stig_gui,xccdf_org.ssgproject.content_rule_mount_option_var_log_nodev,Add nodev Option to /var/log,xccdf_org.ssgproject.content_rule_mount_option_dev_shm_nosuid,Add nosuid Option to /dev/shm,medium,cis|cis_server_l1|cis_workstation_l1|cis_workstation_l2|e8|ism_o|stig|stig_gui,8,0.9687,no
18,19,14,anssi_bp28_enhanced|anssi_bp28_high|anssi_bp28_intermediary|cis|cis_server_l1|cis_workstation_l1|cis_workstation_l2|cui|e8|ism_o|ospp|pci-dss|stig|stig_gui,xccdf_org.ssgproject.content_rule_mount_option_var_log_nodev,Add nodev Option to /var/log,xccdf_org.ssgproject.content_rule_mount_option_var_log_audit_nodev,Add nodev Option to /var/log/audit,medium,cis|cis_server_l1|cis_workstation_l1|cis_workstation_l2|cui|ospp|stig|stig_gui,8,0.9949,no
18,19,14,anssi_bp28_enhanced|anssi_bp28_high|anssi_bp28_intermediary|cis|cis_server_l1|cis_workstation_l1|cis_workstation_l2|cui|e8|ism_o|ospp|pci-dss|stig|stig_gui,xccdf_org.ssgproject.content_rule_mount_option_var_log_nodev,Add nodev Option to /var/log,xccdf_org.ssgproject.content_rule_mount_option_var_log_audit_noexec,Add noexec Option to /var/log/audit,medium,cis|cis_server_l1|cis_workstation_l1|cis_workstation_l2|cui|ospp|stig|stig_gui,8,0.9621,no
18,19,14,anssi_bp28_enhanced|anssi_bp28_high|anssi_bp28_intermediary|cis|cis_server_l1|cis_workstation_l1|cis_workstation_l2|cui|e8|ism_o|ospp|pci-dss|stig|stig_gui,xccdf_org.ssgproject.content_rule_mount_option_var_log_nodev,Add nodev Option to /var/log,xccdf_org.ssgproject.content_rule_mount_option_var_log_audit_nosuid,Add nosuid Option to /var/log/audit,medium,cis|cis_server_l1|cis_workstation_l1|cis_workstation_l2|cui|ospp|stig|stig_gui,8,0.9727,no
18,19,14,anssi_bp28_enhanced|anssi_bp28_high|anssi_bp28_intermediary|cis|cis_server_l1|cis_workstation_l1|cis_workstation_l2|cui|e8|ism_o|ospp|pci-dss|stig|stig_gui,xccdf_org.ssgproject.content_rule_mount_option_var_log_nodev,Add nodev Option to /var/log,xccdf_org.ssgproject.content_rule_mount_option_home_nosuid,Add nosuid Option to /home,medium,anssi_bp28_enhanced|anssi_bp28_high|anssi_bp28_intermediary|cis|cis_server_l1|cis_workstation_l1|cis_workstation_l2|stig|stig_gui,9,0.9686,no
18,19,14,anssi_bp28_enhanced|anssi_bp28_high|anssi_bp28_intermediary|cis|cis_server_l1|cis_workstation_l1|cis_workstation_l2|cui|e8|ism_o|ospp|pci-dss|stig|stig_gui,xccdf_org.ssgproject.content_rule_mount_option_var_log_nodev,Add nodev Option to /var/log,xccdf_org.ssgproject.content_rule_mount_option_tmp_noexec,Add noexec Option to /tmp,medium,anssi_bp28_enhanced|anssi_bp28_high|anssi_bp28_intermediary|cis|cis_server_l1|cis_workstation_l1|cis_workstation_l2|stig|stig_gui,9,0.9557,no
18,19,14,anssi_bp28_enhanced|anssi_bp28_high|anssi_bp28_intermediary|cis|cis_server_l1|cis_workstation_l1|cis_workstation_l2|cui|e8|ism_o|ospp|pci-dss|stig|stig_gui,xccdf_org.ssgproject.content_rule_mount_option_var_log_nodev,Add nodev Option to /var/log,xccdf_org.ssgproject.content_rule_mount_option_tmp_nosuid,Add nosuid Option to /tmp,medium,anssi_bp28_enhanced|anssi_bp28_high|anssi_bp28_intermediary|cis|cis_server_l1|cis_workstation_l1|cis_workstation_l2|stig|stig_gui,9,0.9651,no
18,19,14,anssi_bp28_enhanced|anssi_bp28_high|anssi_bp28_intermediary|cis|cis_server_l1|cis_workstation_l1|cis_workstation_l2|cui|e8|ism_o|ospp|pci-dss|stig|stig_gui,xccdf_org.ssgproject.content_rule_mount_option_var_log_nodev,Add nodev Option to /var/log,xccdf_org.ssgproject.content_rule_mount_option_var_log_noexec,Add noexec Option to /var/log,medium,anssi_bp28_enhanced|anssi_bp28_high|anssi_bp28_intermediary|cis|cis_server_l1|cis_workstation_l1|cis_workstation_l2|stig|stig_gui,9,0.9677,no
18,19,14,anssi_bp28_enhanced|anssi_bp28_high|anssi_bp28_intermediary|cis|cis_server_l1|cis_workstation_l1|cis_workstation_l2|cui|e8|ism_o|ospp|pci-dss|stig|stig_gui,xccdf_org.ssgproject.content_rule_mount_option_var_log_nodev,Add nodev Option to /var/log,xccdf_org.ssgproject.content_rule_mount_option_var_log_nosuid,Add nosuid Option to /var/log,medium,anssi_bp28_enhanced|anssi_bp28_high|anssi_bp28_intermediary|cis|cis_server_l1|cis_workstation_l1|cis_workstation_l2|stig|stig_gui,9,0.977,no
18,19,14,anssi_bp28_enhanced|anssi_bp28_high|anssi_bp28_intermediary|cis|cis_server_l1|cis_workstation_l1|cis_workstation_l2|cui|e8|ism_o|ospp|pci-dss|stig|stig_gui,xccdf_org.ssgproject.content_rule_mount_option_var_log_nodev,Add nodev Option to /var/log,xccdf_org.ssgproject.content_rule_mount_option_var_tmp_noexec,Add noexec Option to /var/tmp,medium,anssi_bp28_enhanced|anssi_bp28_high|anssi_bp28_intermediary|cis|cis_server_l1|cis_workstation_l1|cis_workstation_l2|stig|stig_gui,9,0.9586,no
18,19,14,anssi_bp28_enhanced|anssi_bp28_high|anssi_bp28_intermediary|cis|cis_server_l1|cis_workstation_l1|cis_workstation_l2|cui|e8|ism_o|ospp|pci-dss|stig|stig_gui,xccdf_org.ssgproject.content_rule_mount_option_var_log_nodev,Add nodev Option to /var/log,xccdf_org.ssgproject.content_rule_mount_option_var_tmp_nosuid,Add nosuid Option to /var/tmp,medium,anssi_bp28_enhanced|anssi_bp28_high|anssi_bp28_intermediary|cis|cis_server_l1|cis_workstation_l1|cis_workstation_l2|stig|stig_gui,9,0.9694,no
19,23,14,anssi_bp28_enhanced|anssi_bp28_high|anssi_bp28_intermediary|anssi_bp28_minimal|cis|cis_server_l1|cis_workstation_l1|cis_workstation_l2|e8|hipaa|ism_o|pci-dss|stig|stig_gui,xccdf_org.ssgproject.content_rule_accounts_user_dot_group_ownership,User Initialization Files Must Be Group-Owned By The Primary Group,xccdf_org.ssgproject.content_rule_file_permissions_home_dirs,Ensure that User Home Directories are not Group-Writable or World-Readable,medium,,0,0.9467,no
19,23,14,anssi_bp28_enhanced|anssi_bp28_high|anssi_bp28_intermediary|anssi_bp28_minimal|cis|cis_server_l1|cis_workstation_l1|cis_workstation_l2|e8|hipaa|ism_o|pci-dss|stig|stig_gui,xccdf_org.ssgproject.content_rule_accounts_user_dot_group_ownership,User Initialization Files Must Be Group-Owned By The Primary Group,xccdf_org.ssgproject.content_rule_kernel_disable_entropy_contribution_for_solid_state_drives,Ensure Solid State Drives Do Not Contribute To Random-Number Entropy Pool,medium,,0,0.8973,no
19,23,14,anssi_bp28_enhanced|anssi_bp28_high|anssi_bp28_intermediary|anssi_bp28_minimal|cis|cis_server_l1|cis_workstation_l1|cis_workstation_l2|e8|hipaa|ism_o|pci-dss|stig|stig_gui,xccdf_org.ssgproject.content_rule_accounts_user_dot_group_ownership,User Initialization Files Must Be Group-Owned By The Primary Group,xccdf_org.ssgproject.content_rule_sudo_dedicated_group,Ensure a dedicated group owns sudo,medium,anssi_bp28_enhanced|anssi_bp28_high,2,0.931,no
19,23,14,anssi_bp28_enhanced|anssi_bp28_high|anssi_bp28_intermediary|anssi_bp28_minimal|cis|cis_server_l1|cis_workstation_l1|cis_workstation_l2|e8|hipaa|ism_o|pci-dss|stig|stig_gui,xccdf_org.ssgproject.content_rule_accounts_user_dot_group_ownership,User Initialization Files Must Be Group-Owned By The Primary Group,xccdf_org.ssgproject.content_rule_accounts_have_homedir_login_defs,Ensure Home Directories are Created for New Users,medium,stig|stig_gui,2,0.947,no
19,23,14,anssi_bp28_enhanced|anssi_bp28_high|anssi_bp28_intermediary|anssi_bp28_minimal|cis|cis_server_l1|cis_workstation_l1|cis_workstation_l2|e8|hipaa|ism_o|pci-dss|stig|stig_gui,xccdf_org.ssgproject.content_rule_accounts_user_dot_group_ownership,User Initialization Files Must Be Group-Owned By The Primary Group,xccdf_org.ssgproject.content_rule_accounts_user_interactive_home_directory_defined,All Interactive Users Must Have A Home Directory Defined,medium,stig|stig_gui,2,0.9447,no
19,23,14,anssi_bp28_enhanced|anssi_bp28_high|anssi_bp28_intermediary|anssi_bp28_minimal|cis|cis_server_l1|cis_workstation_l1|cis_workstation_l2|e8|hipaa|ism_o|pci-dss|stig|stig_gui,xccdf_org.ssgproject.content_rule_accounts_user_dot_group_ownership,User Initialization Files Must Be Group-Owned By The Primary Group,xccdf_org.ssgproject.content_rule_file_permission_user_init_files_root,Ensure All User Initialization Files Have Mode 0740 Or Less Permissive,medium,stig|stig_gui,2,0.9453,no
19,23,14,anssi_bp28_enhanced|anssi_bp28_high|anssi_bp28_intermediary|anssi_bp28_minimal|cis|cis_server_l1|cis_workstation_l1|cis_workstation_l2|e8|hipaa|ism_o|pci-dss|stig|stig_gui,xccdf_org.ssgproject.content_rule_accounts_user_dot_group_ownership,User Initialization Files Must Be Group-Owned By The Primary Group,xccdf_org.ssgproject.content_rule_no_host_based_files,Remove Host-Based Authentication Files,high,stig|stig_gui,2,0.9326,no
19,23,14,anssi_bp28_enhanced|anssi_bp28_high|anssi_bp28_intermediary|anssi_bp28_minimal|cis|cis_server_l1|cis_workstation_l1|cis_workstation_l2|e8|hipaa|ism_o|pci-dss|stig|stig_gui,xccdf_org.ssgproject.content_rule_accounts_user_dot_group_ownership,User Initialization Files Must Be Group-Owned By The Primary Group,xccdf_org.ssgproject.content_rule_no_user_host_based_files,Remove User Host-Based Authentication Files,high,stig|stig_gui,2,0.9361,no
19,23,14,anssi_bp28_enhanced|anssi_bp28_high|anssi_bp28_intermediary|anssi_bp28_minimal|cis|cis_server_l1|cis_workstation_l1|cis_workstation_l2|e8|hipaa|ism_o|pci-dss|stig|stig_gui,xccdf_org.ssgproject.content_rule_accounts_user_dot_group_ownership,User Initialization Files Must Be Group-Owned By The Primary Group,xccdf_org.ssgproject.content_rule_accounts_user_dot_group_ownership,User Initialization Files Must Be Group-Owned By The Primary Group,medium,anssi_bp28_enhanced|anssi_bp28_high|anssi_bp28_intermediary,3,1.0,yes
19,23,14,anssi_bp28_enhanced|anssi_bp28_high|anssi_bp28_intermediary|anssi_bp28_minimal|cis|cis_server_l1|cis_workstation_l1|cis_workstation_l2|e8|hipaa|ism_o|pci-dss|stig|stig_gui,xccdf_org.ssgproject.content_rule_accounts_user_dot_group_ownership,User Initialization Files Must Be Group-Owned By The Primary Group,xccdf_org.ssgproject.content_rule_accounts_user_dot_user_ownership,User Initialization Files Must Be Owned By the Primary User,medium,anssi_bp28_enhanced|anssi_bp28_high|anssi_bp28_intermediary,3,0.9731,no
19,23,14,anssi_bp28_enhanced|anssi_bp28_high|anssi_bp28_intermediary|anssi_bp28_minimal|cis|cis_server_l1|cis_workstation_l1|cis_workstation_l2|e8|hipaa|ism_o|pci-dss|stig|stig_gui,xccdf_org.ssgproject.content_rule_accounts_user_dot_group_ownership,User Initialization Files Must Be Group-Owned By The Primary Group,xccdf_org.ssgproject.content_rule_accounts_users_home_files_groupownership,All User Files and Directories In The Home Directory Must Be Group-Owned By The Primary Group,medium,anssi_bp28_enhanced|anssi_bp28_high|anssi_bp28_intermediary,3,0.9817,no
19,23,14,anssi_bp28_enhanced|anssi_bp28_high|anssi_bp28_intermediary|anssi_bp28_minimal|cis|cis_server_l1|cis_workstation_l1|cis_workstation_l2|e8|hipaa|ism_o|pci-dss|stig|stig_gui,xccdf_org.ssgproject.content_rule_accounts_user_dot_group_ownership,User Initialization Files Must Be Group-Owned By The Primary Group,xccdf_org.ssgproject.content_rule_accounts_users_home_files_ownership,All User Files and Directories In The Home Directory Must Have a Valid Owner,medium,anssi_bp28_enhanced|anssi_bp28_high|anssi_bp28_intermediary,3,0.962,no
19,23,14,anssi_bp28_enhanced|anssi_bp28_high|anssi_bp28_intermediary|anssi_bp28_minimal|cis|cis_server_l1|cis_workstation_l1|cis_workstation_l2|e8|hipaa|ism_o|pci-dss|stig|stig_gui,xccdf_org.ssgproject.content_rule_accounts_user_dot_group_ownership,User Initialization Files Must Be Group-Owned By The Primary Group,xccdf_org.ssgproject.content_rule_accounts_users_home_files_permissions,All User Files and Directories In The Home Directory Must Have Mode 0750 Or Less Permissive,medium,anssi_bp28_enhanced|anssi_bp28_high|anssi_bp28_intermediary,3,0.9472,no
19,23,14,anssi_bp28_enhanced|anssi_bp28_high|anssi_bp28_intermediary|anssi_bp28_minimal|cis|cis_server_l1|cis_workstation_l1|cis_workstation_l2|e8|hipaa|ism_o|pci-dss|stig|stig_gui,xccdf_org.ssgproject.content_rule_accounts_user_dot_group_ownership,User Initialization Files Must Be Group-Owned By The Primary Group,xccdf_org.ssgproject.content_rule_file_permission_user_init_files,Ensure All User Initialization Files Have Mode 0740 Or Less Permissive,medium,anssi_bp28_enhanced|anssi_bp28_high|anssi_bp28_intermediary,3,0.9353,no
19,23,14,anssi_bp28_enhanced|anssi_bp28_high|anssi_bp28_intermediary|anssi_bp28_minimal|cis|cis_server_l1|cis_workstation_l1|cis_workstation_l2|e8|hipaa|ism_o|pci-dss|stig|stig_gui,xccdf_org.ssgproject.content_rule_accounts_user_dot_group_ownership,User Initialization Files Must Be Group-Owned By The Primary Group,xccdf_org.ssgproject.content_rule_account_unique_name,Ensure All Accounts on the System Have Unique Names,medium,cis|cis_server_l1|cis_workstation_l1|cis_workstation_l2|pci-dss,5,0.9356,no
19,23,14,anssi_bp28_enhanced|anssi_bp28_high|anssi_bp28_intermediary|anssi_bp28_minimal|cis|cis_server_l1|cis_workstation_l1|cis_workstation_l2|e8|hipaa|ism_o|pci-dss|stig|stig_gui,xccdf_org.ssgproject.content_rule_accounts_user_dot_group_ownership,User Initialization Files Must Be Group-Owned By The Primary Group,xccdf_org.ssgproject.content_rule_no_rsh_trust_files,Remove Rsh Trust Files,high,cis|cis_server_l1|cis_workstation_l1|cis_workstation_l2|hipaa,5,0.936,no
19,23,14,anssi_bp28_enhanced|anssi_bp28_high|anssi_bp28_intermediary|anssi_bp28_minimal|cis|cis_server_l1|cis_workstation_l1|cis_workstation_l2|e8|hipaa|ism_o|pci-dss|stig|stig_gui,xccdf_org.ssgproject.content_rule_accounts_user_dot_group_ownership,User Initialization Files Must Be Group-Owned By The Primary Group,xccdf_org.ssgproject.content_rule_accounts_user_dot_no_world_writable_programs,User Initialization Files Must Not Run World-Writable Programs,medium,cis|cis_server_l1|cis_workstation_l1|cis_workstation_l2|stig|stig_gui,6,0.9293,no
19,23,14,anssi_bp28_enhanced|anssi_bp28_high|anssi_bp28_intermediary|anssi_bp28_minimal|cis|cis_server_l1|cis_workstation_l1|cis_workstation_l2|e8|hipaa|ism_o|pci-dss|stig|stig_gui,xccdf_org.ssgproject.content_rule_accounts_user_dot_group_ownership,User Initialization Files Must Be Group-Owned By The Primary Group,xccdf_org.ssgproject.content_rule_accounts_user_interactive_home_directory_exists,All Interactive Users Home Directories Must Exist,medium,cis|cis_server_l1|cis_workstation_l1|cis_workstation_l2|stig|stig_gui,6,0.9554,no
19,23,14,anssi_bp28_enhanced|anssi_bp28_high|anssi_bp28_intermediary|anssi_bp28_minimal|cis|cis_server_l1|cis_workstation_l1|cis_workstation_l2|e8|hipaa|ism_o|pci-dss|stig|stig_gui,xccdf_org.ssgproject.content_rule_accounts_user_dot_group_ownership,User Initialization Files Must Be Group-Owned By The Primary Group,xccdf_org.ssgproject.content_rule_file_groupownership_home_directories,All Interactive User Home Directories Must Be Group-Owned By The Primary Group,medium,cis|cis_server_l1|cis_workstation_l1|cis_workstation_l2|stig|stig_gui,6,0.9855,no
19,23,14,anssi_bp28_enhanced|anssi_bp28_high|anssi_bp28_intermediary|anssi_bp28_minimal|cis|cis_server_l1|cis_workstation_l1|cis_workstation_l2|e8|hipaa|ism_o|pci-dss|stig|stig_gui,xccdf_org.ssgproject.content_rule_accounts_user_dot_group_ownership,User Initialization Files Must Be Group-Owned By The Primary Group,xccdf_org.ssgproject.content_rule_file_permissions_home_directories,All Interactive User Home Directories Must Have mode 0750 Or Less Permissive,medium,cis|cis_server_l1|cis_workstation_l1|cis_workstation_l2|stig|stig_gui,6,0.9375,no
19,23,14,anssi_bp28_enhanced|anssi_bp28_high|anssi_bp28_intermediary|anssi_bp28_minimal|cis|cis_server_l1|cis_workstation_l1|cis_workstation_l2|e8|hipaa|ism_o|pci-dss|stig|stig_gui,xccdf_org.ssgproject.content_rule_accounts_user_dot_group_ownership,User Initialization Files Must Be Group-Owned By The Primary Group,xccdf_org.ssgproject.content_rule_dir_perms_world_writable_sticky_bits,Verify that All World-Writable Directories Have Sticky Bits Set,medium,anssi_bp28_enhanced|anssi_bp28_high|anssi_bp28_intermediary|anssi_bp28_minimal|cis|cis_server_l1|cis_workstation_l1|cis_workstation_l2|e8|ism_o|pci-dss|stig|stig_gui,13,0.9275,no
20,1,13,ccn_advanced|ccn_basic|ccn_intermediate|cis|cis_server_l1|cis_workstation_l1|cis_workstation_l2|cui|hipaa|ospp|pci-dss|stig|stig_gui,xccdf_org.ssgproject.content_rule_dconf_gnome_screensaver_lock_enabled,Enable GNOME3 Screensaver Lock After Idle Period,xccdf_org.ssgproject.content_rule_dconf_gnome_enable_smartcard_auth,Enable the GNOME3 Login Smartcard Authentication,medium,,0,0.9694,no
20,1,13,ccn_advanced|ccn_basic|ccn_intermediate|cis|cis_server_l1|cis_workstation_l1|cis_workstation_l2|cui|hipaa|ospp|pci-dss|stig|stig_gui,xccdf_org.ssgproject.content_rule_dconf_gnome_screensaver_lock_enabled,Enable GNOME3 Screensaver Lock After Idle Period,xccdf_org.ssgproject.content_rule_dconf_gnome_login_retries,Set the GNOME3 Login Number of Failures,medium,,0,0.9695,no
20,1,13,ccn_advanced|ccn_basic|ccn_intermediate|cis|cis_server_l1|cis_workstation_l1|cis_workstation_l2|cui|hipaa|ospp|pci-dss|stig|stig_gui,xccdf_org.ssgproject.content_rule_dconf_gnome_screensaver_lock_enabled,Enable GNOME3 Screensaver Lock After Idle Period,xccdf_org.ssgproject.content_rule_dconf_gnome_disable_thumbnailers,Disable All GNOME3 Thumbnailers,unknown,,0,0.9663,no
20,1,13,ccn_advanced|ccn_basic|ccn_intermediate|cis|cis_server_l1|cis_workstation_l1|cis_workstation_l2|cui|hipaa|ospp|pci-dss|stig|stig_gui,xccdf_org.ssgproject.content_rule_dconf_gnome_screensaver_lock_enabled,Enable GNOME3 Screensaver Lock After Idle Period,xccdf_org.ssgproject.content_rule_dconf_gnome_disable_wifi_create,Disable WIFI Network Connection Creation in GNOME3,medium,,0,0.9645,no
20,1,13,ccn_advanced|ccn_basic|ccn_intermediate|cis|cis_server_l1|cis_workstation_l1|cis_workstation_l2|cui|hipaa|ospp|pci-dss|stig|stig_gui,xccdf_org.ssgproject.content_rule_dconf_gnome_screensaver_lock_enabled,Enable GNOME3 Screensaver Lock After Idle Period,xccdf_org.ssgproject.content_rule_dconf_gnome_disable_wifi_notification,Disable WIFI Network Notification in GNOME3,medium,,0,0.9646,no
20,1,13,ccn_advanced|ccn_basic|ccn_intermediate|cis|cis_server_l1|cis_workstation_l1|cis_workstation_l2|cui|hipaa|ospp|pci-dss|stig|stig_gui,xccdf_org.ssgproject.content_rule_dconf_gnome_screensaver_lock_enabled,Enable GNOME3 Screensaver Lock After Idle Period,xccdf_org.ssgproject.content_rule_dconf_gnome_screensaver_idle_activation_locked,Ensure Users Cannot Change GNOME3 Screensaver Idle Activation,medium,,0,0.9731,no
20,1,13,ccn_advanced|ccn_basic|ccn_intermediate|cis|cis_server_l1|cis_workstation_l1|cis_workstation_l2|cui|hipaa|ospp|pci-dss|stig|stig_gui,xccdf_org.ssgproject.content_rule_dconf_gnome_screensaver_lock_enabled,Enable GNOME3 Screensaver Lock After Idle Period,xccdf_org.ssgproject.content_rule_dconf_gnome_screensaver_lock_locked,Ensure Users Cannot Change GNOME3 Screensaver Lock After Idle Period,medium,,0,0.9738,no
20,1,13,ccn_advanced|ccn_basic|ccn_intermediate|cis|cis_server_l1|cis_workstation_l1|cis_workstation_l2|cui|hipaa|ospp|pci-dss|stig|stig_gui,xccdf_org.ssgproject.content_rule_dconf_gnome_screensaver_lock_enabled,Enable GNOME3 Screensaver Lock After Idle Period,xccdf_org.ssgproject.content_rule_dconf_gnome_screensaver_user_info,Disable Full User Name on Splash Shield,medium,,0,0.9694,no
20,1,13,ccn_advanced|ccn_basic|ccn_intermediate|cis|cis_server_l1|cis_workstation_l1|cis_workstation_l2|cui|hipaa|ospp|pci-dss|stig|stig_gui,xccdf_org.ssgproject.content_rule_dconf_gnome_screensaver_lock_enabled,Enable GNOME3 Screensaver Lock After Idle Period,xccdf_org.ssgproject.content_rule_dconf_gnome_disable_geolocation,Disable Geolocation in GNOME3,medium,,0,0.9655,no
20,1,13,ccn_advanced|ccn_basic|ccn_intermediate|cis|cis_server_l1|cis_workstation_l1|cis_workstation_l2|cui|hipaa|ospp|pci-dss|stig|stig_gui,xccdf_org.ssgproject.content_rule_dconf_gnome_screensaver_lock_enabled,Enable GNOME3 Screensaver Lock After Idle Period,xccdf_org.ssgproject.content_rule_dconf_gnome_disable_power_settings,Disable Power Settings in GNOME3,medium,,0,0.9748,no
20,1,13,ccn_advanced|ccn_basic|ccn_intermediate|cis|cis_server_l1|cis_workstation_l1|cis_workstation_l2|cui|hipaa|ospp|pci-dss|stig|stig_gui,xccdf_org.ssgproject.content_rule_dconf_gnome_screensaver_lock_enabled,Enable GNOME3 Screensaver Lock After Idle Period,xccdf_org.ssgproject.content_rule_dconf_gnome_disable_user_admin,Disable User Administration in GNOME3,high,,0,0.9746,no
20,1,13,ccn_advanced|ccn_basic|ccn_intermediate|cis|cis_server_l1|cis_workstation_l1|cis_workstation_l2|cui|hipaa|ospp|pci-dss|stig|stig_gui,xccdf_org.ssgproject.content_rule_dconf_gnome_screensaver_lock_enabled,Enable GNOME3 Screensaver Lock After Idle Period,xccdf_org.ssgproject.content_rule_dconf_gnome_remote_access_credential_prompt,Require Credential Prompting for Remote Access in GNOME3,medium,hipaa,1,0.9682,no
20,1,13,ccn_advanced|ccn_basic|ccn_intermediate|cis|cis_server_l1|cis_workstation_l1|cis_workstation_l2|cui|hipaa|ospp|pci-dss|stig|stig_gui,xccdf_org.ssgproject.content_rule_dconf_gnome_screensaver_lock_enabled,Enable GNOME3 Screensaver Lock After Idle Period,xccdf_org.ssgproject.content_rule_dconf_gnome_remote_access_encryption,Require Encryption for Remote Access in GNOME3,medium,hipaa,1,0.9755,no
20,1,13,ccn_advanced|ccn_basic|ccn_intermediate|cis|cis_server_l1|cis_workstation_l1|cis_workstation_l2|cui|hipaa|ospp|pci-dss|stig|stig_gui,xccdf_org.ssgproject.content_rule_dconf_gnome_screensaver_lock_enabled,Enable GNOME3 Screensaver Lock After Idle Period,xccdf_org.ssgproject.content_rule_dconf_gnome_screensaver_idle_activation_enabled,Enable GNOME3 Screensaver Idle Activation,medium,pci-dss,1,0.9931,no
20,1,13,ccn_advanced|ccn_basic|ccn_intermediate|cis|cis_server_l1|cis_workstation_l1|cis_workstation_l2|cui|hipaa|ospp|pci-dss|stig|stig_gui,xccdf_org.ssgproject.content_rule_dconf_gnome_screensaver_lock_enabled,Enable GNOME3 Screensaver Lock After Idle Period,xccdf_org.ssgproject.content_rule_dconf_gnome_disable_restart_shutdown,Disable the GNOME3 Login Restart and Shutdown Buttons,high,stig|stig_gui,2,0.9661,no
20,1,13,ccn_advanced|ccn_basic|ccn_intermediate|cis|cis_server_l1|cis_workstation_l1|cis_workstation_l2|cui|hipaa|ospp|pci-dss|stig|stig_gui,xccdf_org.ssgproject.content_rule_dconf_gnome_screensaver_lock_enabled,Enable GNOME3 Screensaver Lock After Idle Period,xccdf_org.ssgproject.content_rule_dconf_gnome_lock_screen_on_smartcard_removal,Enable the GNOME3 Screen Locking On Smartcard Removal,medium,stig|stig_gui,2,0.9788,no
20,1,13,ccn_advanced|ccn_basic|ccn_intermediate|cis|cis_server_l1|cis_workstation_l1|cis_workstation_l2|cui|hipaa|ospp|pci-dss|stig|stig_gui,xccdf_org.ssgproject.content_rule_dconf_gnome_screensaver_lock_enabled,Enable GNOME3 Screensaver Lock After Idle Period,xccdf_org.ssgproject.content_rule_dconf_gnome_disable_ctrlaltdel_reboot,Disable Ctrl-Alt-Del Reboot Key Sequence in GNOME3,high,stig|stig_gui,2,0.9712,no
20,1,13,ccn_advanced|ccn_basic|ccn_intermediate|cis|cis_server_l1|cis_workstation_l1|cis_workstation_l2|cui|hipaa|ospp|pci-dss|stig|stig_gui,xccdf_org.ssgproject.content_rule_dconf_gnome_screensaver_lock_enabled,Enable GNOME3 Screensaver Lock After Idle Period,xccdf_org.ssgproject.content_rule_dconf_gnome_screensaver_lock_enabled,Enable GNOME3 Screensaver Lock After Idle Period,medium,pci-dss|stig|stig_gui,3,1.0,yes
20,1,13,ccn_advanced|ccn_basic|ccn_intermediate|cis|cis_server_l1|cis_workstation_l1|cis_workstation_l2|cui|hipaa|ospp|pci-dss|stig|stig_gui,xccdf_org.ssgproject.content_rule_dconf_gnome_screensaver_lock_enabled,Enable GNOME3 Screensaver Lock After Idle Period,xccdf_org.ssgproject.content_rule_dconf_gnome_screensaver_mode_blank,Implement Blank Screensaver,medium,pci-dss|stig|stig_gui,3,0.9846,no
20,1,13,ccn_advanced|ccn_basic|ccn_intermediate|cis|cis_server_l1|cis_workstation_l1|cis_workstation_l2|cui|hipaa|ospp|pci-dss|stig|stig_gui,xccdf_org.ssgproject.content_rule_dconf_gnome_screensaver_lock_enabled,Enable GNOME3 Screensaver Lock After Idle Period,xccdf_org.ssgproject.content_rule_disable_ctrlaltdel_reboot,Disable Ctrl-Alt-Del Reboot Activation,high,cui|hipaa|ospp|stig|stig_gui,5,0.9148,no
20,1,13,ccn_advanced|ccn_basic|ccn_intermediate|cis|cis_server_l1|cis_workstation_l1|cis_workstation_l2|cui|hipaa|ospp|pci-dss|stig|stig_gui,xccdf_org.ssgproject.content_rule_dconf_gnome_screensaver_lock_enabled,Enable GNOME3 Screensaver Lock After Idle Period,xccdf_org.ssgproject.content_rule_dconf_gnome_screensaver_user_locks,Ensure Users Cannot Change GNOME3 Screensaver Settings,medium,cis|cis_server_l1|cis_workstation_l1|cis_workstation_l2|stig|stig_gui,6,0.9713,no
20,1,13,ccn_advanced|ccn_basic|ccn_intermediate|cis|cis_server_l1|cis_workstation_l1|cis_workstation_l2|cui|hipaa|ospp|pci-dss|stig|stig_gui,xccdf_org.ssgproject.content_rule_dconf_gnome_screensaver_lock_enabled,Enable GNOME3 Screensaver Lock After Idle Period,xccdf_org.ssgproject.content_rule_dconf_gnome_disable_automount,Disable GNOME3 Automounting,medium,ccn_advanced|ccn_intermediate|cis|cis_server_l1|cis_workstation_l1|cis_workstation_l2|pci-dss,7,0.9743,no
20,1,13,ccn_advanced|ccn_basic|ccn_intermediate|cis|cis_server_l1|cis_workstation_l1|cis_workstation_l2|cui|hipaa|ospp|pci-dss|stig|stig_gui,xccdf_org.ssgproject.content_rule_dconf_gnome_screensaver_lock_enabled,Enable GNOME3 Screensaver Lock After Idle Period,xccdf_org.ssgproject.content_rule_dconf_gnome_session_idle_user_locks,Ensure Users Cannot Change GNOME3 Session Idle Settings,medium,cis|cis_server_l1|cis_workstation_l1|cis_workstation_l2|pci-dss|stig|stig_gui,7,0.9612,no
20,1,13,ccn_advanced|ccn_basic|ccn_intermediate|cis|cis_server_l1|cis_workstation_l1|cis_workstation_l2|cui|hipaa|ospp|pci-dss|stig|stig_gui,xccdf_org.ssgproject.content_rule_dconf_gnome_screensaver_lock_enabled,Enable GNOME3 Screensaver Lock After Idle Period,xccdf_org.ssgproject.content_rule_dconf_gnome_login_banner_text,Set the GNOME3 Login Warning Banner Text,medium,ccn_advanced|ccn_basic|ccn_intermediate|cis|cis_server_l1|cis_workstation_l1|cis_workstation_l2,7,0.9575,no
20,1,13,ccn_advanced|ccn_basic|ccn_intermediate|cis|cis_server_l1|cis_workstation_l1|cis_workstation_l2|cui|hipaa|ospp|pci-dss|stig|stig_gui,xccdf_org.ssgproject.content_rule_dconf_gnome_screensaver_lock_enabled,Enable GNOME3 Screensaver Lock After Idle Period,xccdf_org.ssgproject.content_rule_dconf_gnome_disable_user_list,Disable the GNOME3 Login User List,medium,ccn_advanced|ccn_intermediate|cis|cis_server_l1|cis_workstation_l1|cis_workstation_l2|stig|stig_gui,8,0.9691,no
20,1,13,ccn_advanced|ccn_basic|ccn_intermediate|cis|cis_server_l1|cis_workstation_l1|cis_workstation_l2|cui|hipaa|ospp|pci-dss|stig|stig_gui,xccdf_org.ssgproject.content_rule_dconf_gnome_screensaver_lock_enabled,Enable GNOME3 Screensaver Lock After Idle Period,xccdf_org.ssgproject.content_rule_dconf_gnome_disable_autorun,Disable GNOME3 Automount running,low,ccn_advanced|ccn_intermediate|cis|cis_server_l1|cis_workstation_l1|cis_workstation_l2|stig|stig_gui,8,0.9764,no
20,1,13,ccn_advanced|ccn_basic|ccn_intermediate|cis|cis_server_l1|cis_workstation_l1|cis_workstation_l2|cui|hipaa|ospp|pci-dss|stig|stig_gui,xccdf_org.ssgproject.content_rule_dconf_gnome_screensaver_lock_enabled,Enable GNOME3 Screensaver Lock After Idle Period,xccdf_org.ssgproject.content_rule_dconf_gnome_disable_automount_open,Disable GNOME3 Automount Opening,medium,ccn_advanced|ccn_intermediate|cis|cis_server_l1|cis_workstation_l1|cis_workstation_l2|pci-dss|stig|stig_gui,9,0.9752,no
20,1,13,ccn_advanced|ccn_basic|ccn_intermediate|cis|cis_server_l1|cis_workstation_l1|cis_workstation_l2|cui|hipaa|ospp|pci-dss|stig|stig_gui,xccdf_org.ssgproject.content_rule_dconf_gnome_screensaver_lock_enabled,Enable GNOME3 Screensaver Lock After Idle Period,xccdf_org.ssgproject.content_rule_dconf_gnome_screensaver_idle_delay,Set GNOME3 Screensaver Inactivity Timeout,medium,ccn_advanced|ccn_intermediate|cis|cis_server_l1|cis_workstation_l1|cis_workstation_l2|pci-dss|stig|stig_gui,9,0.9582,no
20,1,13,ccn_advanced|ccn_basic|ccn_intermediate|cis|cis_server_l1|cis_workstation_l1|cis_workstation_l2|cui|hipaa|ospp|pci-dss|stig|stig_gui,xccdf_org.ssgproject.content_rule_dconf_gnome_screensaver_lock_enabled,Enable GNOME3 Screensaver Lock After Idle Period,xccdf_org.ssgproject.content_rule_dconf_gnome_screensaver_lock_delay,Set GNOME3 Screensaver Lock Delay After Activation Period,medium,ccn_advanced|ccn_intermediate|cis|cis_server_l1|cis_workstation_l1|cis_workstation_l2|pci-dss|stig|stig_gui,9,0.9674,no
20,1,13,ccn_advanced|ccn_basic|ccn_intermediate|cis|cis_server_l1|cis_workstation_l1|cis_workstation_l2|cui|hipaa|ospp|pci-dss|stig|stig_gui,xccdf_org.ssgproject.content_rule_dconf_gnome_screensaver_lock_enabled,Enable GNOME3 Screensaver Lock After Idle Period,xccdf_org.ssgproject.content_rule_dconf_gnome_banner_enabled,Enable GNOME3 Login Warning Banner,medium,ccn_advanced|ccn_basic|ccn_intermediate|cis|cis_server_l1|cis_workstation_l1|cis_workstation_l2|stig|stig_gui,9,0.9703,no
20,1,13,ccn_advanced|ccn_basic|ccn_intermediate|cis|cis_server_l1|cis_workstation_l1|cis_workstation_l2|cui|hipaa|ospp|pci-dss|stig|stig_gui,xccdf_org.ssgproject.content_rule_dconf_gnome_screensaver_lock_enabled,Enable GNOME3 Screensaver Lock After Idle Period,xccdf_org.ssgproject.content_rule_dconf_db_up_to_date,Make sure that the dconf databases are up-to-date with regards to respective keyfiles,high,ccn_advanced|ccn_basic|ccn_intermediate|cis|cis_server_l1|cis_workstation_l1|cis_workstation_l2|hipaa|pci-dss|stig|stig_gui,11,0.9229,no
21,2,13,anssi_bp28_enhanced|anssi_bp28_high|anssi_bp28_intermediary|ccn_advanced|ccn_basic|ccn_intermediate|cis|cis_server_l1|cis_workstation_l1|cis_workstation_l2|pci-dss|stig|stig_gui,xccdf_org.ssgproject.content_rule_sysctl_net_ipv4_conf_all_accept_source_route,Disable Kernel Parameter for Accepting Source-Routed Packets on all IPv4 Interfaces,xccdf_org.ssgproject.content_rule_kernel_module_ipv6_option_disabled,Disable IPv6 Networking Support Automatic Loading,medium,,0,0.9246,no
21,2,13,anssi_bp28_enhanced|anssi_bp28_high|anssi_bp28_intermediary|ccn_advanced|ccn_basic|ccn_intermediate|cis|cis_server_l1|cis_workstation_l1|cis_workstation_l2|pci-dss|stig|stig_gui,xccdf_org.ssgproject.content_rule_sysctl_net_ipv4_conf_all_accept_source_route,Disable Kernel Parameter for Accepting Source-Routed Packets on all IPv4 Interfaces,xccdf_org.ssgproject.content_rule_sysctl_net_ipv6_conf_all_disable_ipv6,Disable IPv6 Addressing on All IPv6 Interfaces,medium,,0,0.9347,no
21,2,13,anssi_bp28_enhanced|anssi_bp28_high|anssi_bp28_intermediary|ccn_advanced|ccn_basic|ccn_intermediate|cis|cis_server_l1|cis_workstation_l1|cis_workstation_l2|pci-dss|stig|stig_gui,xccdf_org.ssgproject.content_rule_sysctl_net_ipv4_conf_all_accept_source_route,Disable Kernel Parameter for Accepting Source-Routed Packets on all IPv4 Interfaces,xccdf_org.ssgproject.content_rule_sysctl_net_ipv6_conf_default_disable_ipv6,Disable IPv6 Addressing on IPv6 Interfaces by Default,medium,,0,0.9375,no
21,2,13,anssi_bp28_enhanced|anssi_bp28_high|anssi_bp28_intermediary|ccn_advanced|ccn_basic|ccn_intermediate|cis|cis_server_l1|cis_workstation_l1|cis_workstation_l2|pci-dss|stig|stig_gui,xccdf_org.ssgproject.content_rule_sysctl_net_ipv4_conf_all_accept_source_route,Disable Kernel Parameter for Accepting Source-Routed Packets on all IPv4 Interfaces,xccdf_org.ssgproject.content_rule_network_configure_name_resolution,Configure Multiple DNS Servers in /etc/resolv.conf,medium,stig|stig_gui,2,0.9351,no
21,2,13,anssi_bp28_enhanced|anssi_bp28_high|anssi_bp28_intermediary|ccn_advanced|ccn_basic|ccn_intermediate|cis|cis_server_l1|cis_workstation_l1|cis_workstation_l2|pci-dss|stig|stig_gui,xccdf_org.ssgproject.content_rule_sysctl_net_ipv4_conf_all_accept_source_route,Disable Kernel Parameter for Accepting Source-Routed Packets on all IPv4 Interfaces,xccdf_org.ssgproject.content_rule_sysctl_net_ipv4_conf_all_forwarding,Disable Kernel Parameter for IPv4 Forwarding on all IPv4 Interfaces,medium,stig|stig_gui,2,0.9872,no
21,2,13,anssi_bp28_enhanced|anssi_bp28_high|anssi_bp28_intermediary|ccn_advanced|ccn_basic|ccn_intermediate|cis|cis_server_l1|cis_workstation_l1|cis_workstation_l2|pci-dss|stig|stig_gui,xccdf_org.ssgproject.content_rule_sysctl_net_ipv4_conf_all_accept_source_route,Disable Kernel Parameter for Accepting Source-Routed Packets on all IPv4 Interfaces,xccdf_org.ssgproject.content_rule_sysctl_net_ipv6_conf_all_accept_ra_defrtr,Configure Accepting Default Router in Router Advertisements on All IPv6 Interfaces,unknown,anssi_bp28_enhanced|anssi_bp28_high|anssi_bp28_intermediary,3,0.985,no
21,2,13,anssi_bp28_enhanced|anssi_bp28_high|anssi_bp28_intermediary|ccn_advanced|ccn_basic|ccn_intermediate|cis|cis_server_l1|cis_workstation_l1|cis_workstation_l2|pci-dss|stig|stig_gui,xccdf_org.ssgproject.content_rule_sysctl_net_ipv4_conf_all_accept_source_route,Disable Kernel Parameter for Accepting Source-Routed Packets on all IPv4 Interfaces,xccdf_org.ssgproject.content_rule_sysctl_net_ipv6_conf_all_accept_ra_pinfo,Configure Accepting Prefix Information in Router Advertisements on All IPv6 Interfaces,unknown,anssi_bp28_enhanced|anssi_bp28_high|anssi_bp28_intermediary,3,0.9892,no
21,2,13,anssi_bp28_enhanced|anssi_bp28_high|anssi_bp28_intermediary|ccn_advanced|ccn_basic|ccn_intermediate|cis|cis_server_l1|cis_workstation_l1|cis_workstation_l2|pci-dss|stig|stig_gui,xccdf_org.ssgproject.content_rule_sysctl_net_ipv4_conf_all_accept_source_route,Disable Kernel Parameter for Accepting Source-Routed Packets on all IPv4 Interfaces,xccdf_org.ssgproject.content_rule_sysctl_net_ipv6_conf_all_accept_ra_rtr_pref,Configure Accepting Router Preference in Router Advertisements on All IPv6 Interfaces,unknown,anssi_bp28_enhanced|anssi_bp28_high|anssi_bp28_intermediary,3,0.982,no
21,2,13,anssi_bp28_enhanced|anssi_bp28_high|anssi_bp28_intermediary|ccn_advanced|ccn_basic|ccn_intermediate|cis|cis_server_l1|cis_workstation_l1|cis_workstation_l2|pci-dss|stig|stig_gui,xccdf_org.ssgproject.content_rule_sysctl_net_ipv4_conf_all_accept_source_route,Disable Kernel Parameter for Accepting Source-Routed Packets on all IPv4 Interfaces,xccdf_org.ssgproject.content_rule_sysctl_net_ipv6_conf_all_autoconf,Configure Auto Configuration on All IPv6 Interfaces,unknown,anssi_bp28_enhanced|anssi_bp28_high|anssi_bp28_intermediary,3,0.9833,no
21,2,13,anssi_bp28_enhanced|anssi_bp28_high|anssi_bp28_intermediary|ccn_advanced|ccn_basic|ccn_intermediate|cis|cis_server_l1|cis_workstation_l1|cis_workstation_l2|pci-dss|stig|stig_gui,xccdf_org.ssgproject.content_rule_sysctl_net_ipv4_conf_all_accept_source_route,Disable Kernel Parameter for Accepting Source-Routed Packets on all IPv4 Interfaces,xccdf_org.ssgproject.content_rule_sysctl_net_ipv6_conf_all_max_addresses,Configure Maximum Number of Autoconfigured Addresses on All IPv6 Interfaces,unknown,anssi_bp28_enhanced|anssi_bp28_high|anssi_bp28_intermediary,3,0.9819,no
21,2,13,anssi_bp28_enhanced|anssi_bp28_high|anssi_bp28_intermediary|ccn_advanced|ccn_basic|ccn_intermediate|cis|cis_server_l1|cis_workstation_l1|cis_workstation_l2|pci-dss|stig|stig_gui,xccdf_org.ssgproject.content_rule_sysctl_net_ipv4_conf_all_accept_source_route,Disable Kernel Parameter for Accepting Source-Routed Packets on all IPv4 Interfaces,xccdf_org.ssgproject.content_rule_sysctl_net_ipv6_conf_all_router_solicitations,Configure Denying Router Solicitations on All IPv6 Interfaces,unknown,anssi_bp28_enhanced|anssi_bp28_high|anssi_bp28_intermediary,3,0.974,no
21,2,13,anssi_bp28_enhanced|anssi_bp28_high|anssi_bp28_intermediary|ccn_advanced|ccn_basic|ccn_intermediate|cis|cis_server_l1|cis_workstation_l1|cis_workstation_l2|pci-dss|stig|stig_gui,xccdf_org.ssgproject.content_rule_sysctl_net_ipv4_conf_all_accept_source_route,Disable Kernel Parameter for Accepting Source-Routed Packets on all IPv4 Interfaces,xccdf_org.ssgproject.content_rule_sysctl_net_ipv6_conf_default_accept_ra_defrtr,Configure Accepting Default Router in Router Advertisements on All IPv6 Interfaces By Default,unknown,anssi_bp28_enhanced|anssi_bp28_high|anssi_bp28_intermediary,3,0.9807,no
21,2,13,anssi_bp28_enhanced|anssi_bp28_high|anssi_bp28_intermediary|ccn_advanced|ccn_basic|ccn_intermediate|cis|cis_server_l1|cis_workstation_l1|cis_workstation_l2|pci-dss|stig|stig_gui,xccdf_org.ssgproject.content_rule_sysctl_net_ipv4_conf_all_accept_source_route,Disable Kernel Parameter for Accepting Source-Routed Packets on all IPv4 Interfaces,xccdf_org.ssgproject.content_rule_sysctl_net_ipv6_conf_default_accept_ra_pinfo,Configure Accepting Prefix Information in Router Advertisements on All IPv6 Interfaces By Default,unknown,anssi_bp28_enhanced|anssi_bp28_high|anssi_bp28_intermediary,3,0.9861,no
21,2,13,anssi_bp28_enhanced|anssi_bp28_high|anssi_bp28_intermediary|ccn_advanced|ccn_basic|ccn_intermediate|cis|cis_server_l1|cis_workstation_l1|cis_workstation_l2|pci-dss|stig|stig_gui,xccdf_org.ssgproject.content_rule_sysctl_net_ipv4_conf_all_accept_source_route,Disable Kernel Parameter for Accepting Source-Routed Packets on all IPv4 Interfaces,xccdf_org.ssgproject.content_rule_sysctl_net_ipv6_conf_default_accept_ra_rtr_pref,Configure Accepting Router Preference in Router Advertisements on All IPv6 Interfaces By Default,unknown,anssi_bp28_enhanced|anssi_bp28_high|anssi_bp28_intermediary,3,0.9785,no
21,2,13,anssi_bp28_enhanced|anssi_bp28_high|anssi_bp28_intermediary|ccn_advanced|ccn_basic|ccn_intermediate|cis|cis_server_l1|cis_workstation_l1|cis_workstation_l2|pci-dss|stig|stig_gui,xccdf_org.ssgproject.content_rule_sysctl_net_ipv4_conf_all_accept_source_route,Disable Kernel Parameter for Accepting Source-Routed Packets on all IPv4 Interfaces,xccdf_org.ssgproject.content_rule_sysctl_net_ipv6_conf_default_autoconf,Configure Auto Configuration on All IPv6 Interfaces By Default,unknown,anssi_bp28_enhanced|anssi_bp28_high|anssi_bp28_intermediary,3,0.9823,no
21,2,13,anssi_bp28_enhanced|anssi_bp28_high|anssi_bp28_intermediary|ccn_advanced|ccn_basic|ccn_intermediate|cis|cis_server_l1|cis_workstation_l1|cis_workstation_l2|pci-dss|stig|stig_gui,xccdf_org.ssgproject.content_rule_sysctl_net_ipv4_conf_all_accept_source_route,Disable Kernel Parameter for Accepting Source-Routed Packets on all IPv4 Interfaces,xccdf_org.ssgproject.content_rule_sysctl_net_ipv6_conf_default_max_addresses,Configure Maximum Number of Autoconfigured Addresses on All IPv6 Interfaces By Default,unknown,anssi_bp28_enhanced|anssi_bp28_high|anssi_bp28_intermediary,3,0.9824,no
21,2,13,anssi_bp28_enhanced|anssi_bp28_high|anssi_bp28_intermediary|ccn_advanced|ccn_basic|ccn_intermediate|cis|cis_server_l1|cis_workstation_l1|cis_workstation_l2|pci-dss|stig|stig_gui,xccdf_org.ssgproject.content_rule_sysctl_net_ipv4_conf_all_accept_source_route,Disable Kernel Parameter for Accepting Source-Routed Packets on all IPv4 Interfaces,xccdf_org.ssgproject.content_rule_sysctl_net_ipv6_conf_default_router_solicitations,Configure Denying Router Solicitations on All IPv6 Interfaces By Default,unknown,anssi_bp28_enhanced|anssi_bp28_high|anssi_bp28_intermediary,3,0.9726,no
21,2,13,anssi_bp28_enhanced|anssi_bp28_high|anssi_bp28_intermediary|ccn_advanced|ccn_basic|ccn_intermediate|cis|cis_server_l1|cis_workstation_l1|cis_workstation_l2|pci-dss|stig|stig_gui,xccdf_org.ssgproject.content_rule_sysctl_net_ipv4_conf_all_accept_source_route,Disable Kernel Parameter for Accepting Source-Routed Packets on all IPv4 Interfaces,xccdf_org.ssgproject.content_rule_sysctl_net_ipv4_conf_all_accept_local,Disable Accepting Packets Routed Between Local Interfaces,medium,anssi_bp28_enhanced|anssi_bp28_high|anssi_bp28_intermediary,3,0.9885,no
21,2,13,anssi_bp28_enhanced|anssi_bp28_high|anssi_bp28_intermediary|ccn_advanced|ccn_basic|ccn_intermediate|cis|cis_server_l1|cis_workstation_l1|cis_workstation_l2|pci-dss|stig|stig_gui,xccdf_org.ssgproject.content_rule_sysctl_net_ipv4_conf_all_accept_source_route,Disable Kernel Parameter for Accepting Source-Routed Packets on all IPv4 Interfaces,xccdf_org.ssgproject.content_rule_sysctl_net_ipv4_conf_all_arp_filter,Configure ARP filtering for All IPv4 Interfaces,medium,anssi_bp28_enhanced|anssi_bp28_high|anssi_bp28_intermediary,3,0.9859,no
21,2,13,anssi_bp28_enhanced|anssi_bp28_high|anssi_bp28_intermediary|ccn_advanced|ccn_basic|ccn_intermediate|cis|cis_server_l1|cis_workstation_l1|cis_workstation_l2|pci-dss|stig|stig_gui,xccdf_org.ssgproject.content_rule_sysctl_net_ipv4_conf_all_accept_source_route,Disable Kernel Parameter for Accepting Source-Routed Packets on all IPv4 Interfaces,xccdf_org.ssgproject.content_rule_sysctl_net_ipv4_conf_all_arp_ignore,Configure Response Mode of ARP Requests for All IPv4 Interfaces,medium,anssi_bp28_enhanced|anssi_bp28_high|anssi_bp28_intermediary,3,0.9866,no
21,2,13,anssi_bp28_enhanced|anssi_bp28_high|anssi_bp28_intermediary|ccn_advanced|ccn_basic|ccn_intermediate|cis|cis_server_l1|cis_workstation_l1|cis_workstation_l2|pci-dss|stig|stig_gui,xccdf_org.ssgproject.content_rule_sysctl_net_ipv4_conf_all_accept_source_route,Disable Kernel Parameter for Accepting Source-Routed Packets on all IPv4 Interfaces,xccdf_org.ssgproject.content_rule_sysctl_net_ipv4_conf_all_drop_gratuitous_arp,Drop Gratuitious ARP frames on All IPv4 Interfaces,medium,anssi_bp28_enhanced|anssi_bp28_high|anssi_bp28_intermediary,3,0.977,no
21,2,13,anssi_bp28_enhanced|anssi_bp28_high|anssi_bp28_intermediary|ccn_advanced|ccn_basic|ccn_intermediate|cis|cis_server_l1|cis_workstation_l1|cis_workstation_l2|pci-dss|stig|stig_gui,xccdf_org.ssgproject.content_rule_sysctl_net_ipv4_conf_all_accept_source_route,Disable Kernel Parameter for Accepting Source-Routed Packets on all IPv4 Interfaces,xccdf_org.ssgproject.content_rule_sysctl_net_ipv4_conf_all_route_localnet,Prevent Routing External Traffic to Local Loopback on All IPv4 Interfaces,medium,anssi_bp28_enhanced|anssi_bp28_high|anssi_bp28_intermediary,3,0.9907,no
21,2,13,anssi_bp28_enhanced|anssi_bp28_high|anssi_bp28_intermediary|ccn_advanced|ccn_basic|ccn_intermediate|cis|cis_server_l1|cis_workstation_l1|cis_workstation_l2|pci-dss|stig|stig_gui,xccdf_org.ssgproject.content_rule_sysctl_net_ipv4_conf_all_accept_source_route,Disable Kernel Parameter for Accepting Source-Routed Packets on all IPv4 Interfaces,xccdf_org.ssgproject.content_rule_sysctl_net_ipv4_conf_all_shared_media,Configure Sending and Accepting Shared Media Redirects for All IPv4 Interfaces,medium,anssi_bp28_enhanced|anssi_bp28_high|anssi_bp28_intermediary,3,0.9856,no
21,2,13,anssi_bp28_enhanced|anssi_bp28_high|anssi_bp28_intermediary|ccn_advanced|ccn_basic|ccn_intermediate|cis|cis_server_l1|cis_workstation_l1|cis_workstation_l2|pci-dss|stig|stig_gui,xccdf_org.ssgproject.content_rule_sysctl_net_ipv4_conf_all_accept_source_route,Disable Kernel Parameter for Accepting Source-Routed Packets on all IPv4 Interfaces,xccdf_org.ssgproject.content_rule_sysctl_net_ipv4_conf_default_shared_media,Configure Sending and Accepting Shared Media Redirects by Default,medium,anssi_bp28_enhanced|anssi_bp28_high|anssi_bp28_intermediary,3,0.9831,no
21,2,13,anssi_bp28_enhanced|anssi_bp28_high|anssi_bp28_intermediary|ccn_advanced|ccn_basic|ccn_intermediate|cis|cis_server_l1|cis_workstation_l1|cis_workstation_l2|pci-dss|stig|stig_gui,xccdf_org.ssgproject.content_rule_sysctl_net_ipv4_conf_all_accept_source_route,Disable Kernel Parameter for Accepting Source-Routed Packets on all IPv4 Interfaces,xccdf_org.ssgproject.content_rule_sysctl_net_ipv4_ip_local_port_range,Set Kernel Parameter to Increase Local Port Range,medium,anssi_bp28_enhanced|anssi_bp28_high|anssi_bp28_intermediary,3,0.9659,no
21,2,13,anssi_bp28_enhanced|anssi_bp28_high|anssi_bp28_intermediary|ccn_advanced|ccn_basic|ccn_intermediate|cis|cis_server_l1|cis_workstation_l1|cis_workstation_l2|pci-dss|stig|stig_gui,xccdf_org.ssgproject.content_rule_sysctl_net_ipv4_conf_all_accept_source_route,Disable Kernel Parameter for Accepting Source-Routed Packets on all IPv4 Interfaces,xccdf_org.ssgproject.content_rule_sysctl_net_ipv4_tcp_rfc1337,Enable Kernel Parameter to Use TCP RFC 1337 on IPv4 Interfaces,medium,anssi_bp28_enhanced|anssi_bp28_high|anssi_bp28_intermediary,3,0.9693,no
21,2,13,anssi_bp28_enhanced|anssi_bp28_high|anssi_bp28_intermediary|ccn_advanced|ccn_basic|ccn_intermediate|cis|cis_server_l1|cis_workstation_l1|cis_workstation_l2|pci-dss|stig|stig_gui,xccdf_org.ssgproject.content_rule_sysctl_net_ipv4_conf_all_accept_source_route,Disable Kernel Parameter for Accepting Source-Routed Packets on all IPv4 Interfaces,xccdf_org.ssgproject.content_rule_sysctl_net_ipv6_conf_all_forwarding,Disable Kernel Parameter for IPv6 Forwarding,medium,cis|cis_server_l1|cis_workstation_l1|cis_workstation_l2|stig|stig_gui,6,0.9831,no
21,2,13,anssi_bp28_enhanced|anssi_bp28_high|anssi_bp28_intermediary|ccn_advanced|ccn_basic|ccn_intermediate|cis|cis_server_l1|cis_workstation_l1|cis_workstation_l2|pci-dss|stig|stig_gui,xccdf_org.ssgproject.content_rule_sysctl_net_ipv4_conf_all_accept_source_route,Disable Kernel Parameter for Accepting Source-Routed Packets on all IPv4 Interfaces,xccdf_org.ssgproject.content_rule_sysctl_net_ipv6_conf_all_accept_ra,Configure Accepting Router Advertisements on All IPv6 Interfaces,medium,ccn_advanced|ccn_basic|ccn_intermediate|cis|cis_server_l1|cis_workstation_l1|cis_workstation_l2|stig|stig_gui,9,0.9883,no
21,2,13,anssi_bp28_enhanced|anssi_bp28_high|anssi_bp28_intermediary|ccn_advanced|ccn_basic|ccn_intermediate|cis|cis_server_l1|cis_workstation_l1|cis_workstation_l2|pci-dss|stig|stig_gui,xccdf_org.ssgproject.content_rule_sysctl_net_ipv4_conf_all_accept_source_route,Disable Kernel Parameter for Accepting Source-Routed Packets on all IPv4 Interfaces,xccdf_org.ssgproject.content_rule_sysctl_net_ipv6_conf_default_accept_ra,Disable Accepting Router Advertisements on all IPv6 Interfaces by Default,medium,ccn_advanced|ccn_basic|ccn_intermediate|cis|cis_server_l1|cis_workstation_l1|cis_workstation_l2|stig|stig_gui,9,0.9865,no
21,2,13,anssi_bp28_enhanced|anssi_bp28_high|anssi_bp28_intermediary|ccn_advanced|ccn_basic|ccn_intermediate|cis|cis_server_l1|cis_workstation_l1|cis_workstation_l2|pci-dss|stig|stig_gui,xccdf_org.ssgproject.content_rule_sysctl_net_ipv4_conf_all_accept_source_route,Disable Kernel Parameter for Accepting Source-Routed Packets on all IPv4 Interfaces,xccdf_org.ssgproject.content_rule_sysctl_net_ipv4_conf_all_log_martians,Enable Kernel Parameter to Log Martian Packets on all IPv4 Interfaces,unknown,ccn_advanced|ccn_basic|ccn_intermediate|cis|cis_server_l1|cis_workstation_l1|cis_workstation_l2|stig|stig_gui,9,0.9784,no
21,2,13,anssi_bp28_enhanced|anssi_bp28_high|anssi_bp28_intermediary|ccn_advanced|ccn_basic|ccn_intermediate|cis|cis_server_l1|cis_workstation_l1|cis_workstation_l2|pci-dss|stig|stig_gui,xccdf_org.ssgproject.content_rule_sysctl_net_ipv4_conf_all_accept_source_route,Disable Kernel Parameter for Accepting Source-Routed Packets on all IPv4 Interfaces,xccdf_org.ssgproject.content_rule_sysctl_net_ipv4_conf_default_log_martians,Enable Kernel Paremeter to Log Martian Packets on all IPv4 Interfaces by Default,unknown,ccn_advanced|ccn_basic|ccn_intermediate|cis|cis_server_l1|cis_workstation_l1|cis_workstation_l2|stig|stig_gui,9,0.977,no
21,2,13,anssi_bp28_enhanced|anssi_bp28_high|anssi_bp28_intermediary|ccn_advanced|ccn_basic|ccn_intermediate|cis|cis_server_l1|cis_workstation_l1|cis_workstation_l2|pci-dss|stig|stig_gui,xccdf_org.ssgproject.content_rule_sysctl_net_ipv4_conf_all_accept_source_route,Disable Kernel Parameter for Accepting Source-Routed Packets on all IPv4 Interfaces,xccdf_org.ssgproject.content_rule_sysctl_net_ipv4_conf_default_secure_redirects,Configure Kernel Parameter for Accepting Secure Redirects By Default,medium,anssi_bp28_enhanced|anssi_bp28_high|anssi_bp28_intermediary|ccn_advanced|ccn_basic|ccn_intermediate|cis|cis_server_l1|cis_workstation_l1|cis_workstation_l2,10,0.9796,no
21,2,13,anssi_bp28_enhanced|anssi_bp28_high|anssi_bp28_intermediary|ccn_advanced|ccn_basic|ccn_intermediate|cis|cis_server_l1|cis_workstation_l1|cis_workstation_l2|pci-dss|stig|stig_gui,xccdf_org.ssgproject.content_rule_sysctl_net_ipv4_conf_all_accept_source_route,Disable Kernel Parameter for Accepting Source-Routed Packets on all IPv4 Interfaces,xccdf_org.ssgproject.content_rule_sysctl_net_ipv4_icmp_echo_ignore_broadcasts,Enable Kernel Parameter to Ignore ICMP Broadcast Echo Requests on IPv4 Interfaces,medium,ccn_advanced|ccn_basic|ccn_intermediate|cis|cis_server_l1|cis_workstation_l1|cis_workstation_l2|pci-dss|stig|stig_gui,10,0.9652,no
21,2,13,anssi_bp28_enhanced|anssi_bp28_high|anssi_bp28_intermediary|ccn_advanced|ccn_basic|ccn_intermediate|cis|cis_server_l1|cis_workstation_l1|cis_workstation_l2|pci-dss|stig|stig_gui,xccdf_org.ssgproject.content_rule_sysctl_net_ipv4_conf_all_accept_source_route,Disable Kernel Parameter for Accepting Source-Routed Packets on all IPv4 Interfaces,xccdf_org.ssgproject.content_rule_sysctl_net_ipv4_conf_all_secure_redirects,Disable Kernel Parameter for Accepting Secure ICMP Redirects on all IPv4 Interfaces,medium,anssi_bp28_enhanced|anssi_bp28_high|anssi_bp28_intermediary|ccn_advanced|ccn_basic|ccn_intermediate|cis|cis_server_l1|cis_workstation_l1|cis_workstation_l2|pci-dss,11,0.9857,no
21,2,13,anssi_bp28_enhanced|anssi_bp28_high|anssi_bp28_intermediary|ccn_advanced|ccn_basic|ccn_intermediate|cis|cis_server_l1|cis_workstation_l1|cis_workstation_l2|pci-dss|stig|stig_gui,xccdf_org.ssgproject.content_rule_sysctl_net_ipv4_conf_all_accept_source_route,Disable Kernel Parameter for Accepting Source-Routed Packets on all IPv4 Interfaces,xccdf_org.ssgproject.content_rule_sysctl_net_ipv4_ip_forward,Disable Kernel Parameter for IP Forwarding on IPv4 Interfaces,medium,anssi_bp28_enhanced|anssi_bp28_high|anssi_bp28_intermediary|ccn_advanced|ccn_basic|ccn_intermediate|cis|cis_server_l1|cis_workstation_l1|cis_workstation_l2|pci-dss,11,0.9796,no
21,2,13,anssi_bp28_enhanced|anssi_bp28_high|anssi_bp28_intermediary|ccn_advanced|ccn_basic|ccn_intermediate|cis|cis_server_l1|cis_workstation_l1|cis_workstation_l2|pci-dss|stig|stig_gui,xccdf_org.ssgproject.content_rule_sysctl_net_ipv4_conf_all_accept_source_route,Disable Kernel Parameter for Accepting Source-Routed Packets on all IPv4 Interfaces,xccdf_org.ssgproject.content_rule_sysctl_net_ipv6_conf_all_accept_redirects,Disable Accepting ICMP Redirects for All IPv6 Interfaces,medium,anssi_bp28_enhanced|anssi_bp28_high|anssi_bp28_intermediary|ccn_advanced|ccn_basic|ccn_intermediate|cis|cis_server_l1|cis_workstation_l1|cis_workstation_l2|stig|stig_gui,12,0.9846,no
21,2,13,anssi_bp28_enhanced|anssi_bp28_high|anssi_bp28_intermediary|ccn_advanced|ccn_basic|ccn_intermediate|cis|cis_server_l1|cis_workstation_l1|cis_workstation_l2|pci-dss|stig|stig_gui,xccdf_org.ssgproject.content_rule_sysctl_net_ipv4_conf_all_accept_source_route,Disable Kernel Parameter for Accepting Source-Routed Packets on all IPv4 Interfaces,xccdf_org.ssgproject.content_rule_sysctl_net_ipv6_conf_all_accept_source_route,Disable Kernel Parameter for Accepting Source-Routed Packets on all IPv6 Interfaces,medium,anssi_bp28_enhanced|anssi_bp28_high|anssi_bp28_intermediary|ccn_advanced|ccn_basic|ccn_intermediate|cis|cis_server_l1|cis_workstation_l1|cis_workstation_l2|stig|stig_gui,12,0.9975,no
21,2,13,anssi_bp28_enhanced|anssi_bp28_high|anssi_bp28_intermediary|ccn_advanced|ccn_basic|ccn_intermediate|cis|cis_server_l1|cis_workstation_l1|cis_workstation_l2|pci-dss|stig|stig_gui,xccdf_org.ssgproject.content_rule_sysctl_net_ipv4_conf_all_accept_source_route,Disable Kernel Parameter for Accepting Source-Routed Packets on all IPv4 Interfaces,xccdf_org.ssgproject.content_rule_sysctl_net_ipv6_conf_default_accept_redirects,Disable Kernel Parameter for Accepting ICMP Redirects by Default on IPv6 Interfaces,medium,anssi_bp28_enhanced|anssi_bp28_high|anssi_bp28_intermediary|ccn_advanced|ccn_basic|ccn_intermediate|cis|cis_server_l1|cis_workstation_l1|cis_workstation_l2|stig|stig_gui,12,0.984,no
21,2,13,anssi_bp28_enhanced|anssi_bp28_high|anssi_bp28_intermediary|ccn_advanced|ccn_basic|ccn_intermediate|cis|cis_server_l1|cis_workstation_l1|cis_workstation_l2|pci-dss|stig|stig_gui,xccdf_org.ssgproject.content_rule_sysctl_net_ipv4_conf_all_accept_source_route,Disable Kernel Parameter for Accepting Source-Routed Packets on all IPv4 Interfaces,xccdf_org.ssgproject.content_rule_sysctl_net_ipv4_conf_all_accept_redirects,Disable Accepting ICMP Redirects for All IPv4 Interfaces,medium,anssi_bp28_enhanced|anssi_bp28_high|anssi_bp28_intermediary|ccn_advanced|ccn_basic|ccn_intermediate|cis|cis_server_l1|cis_workstation_l1|cis_workstation_l2|stig|stig_gui,12,0.9865,no
21,2,13,anssi_bp28_enhanced|anssi_bp28_high|anssi_bp28_intermediary|ccn_advanced|ccn_basic|ccn_intermediate|cis|cis_server_l1|cis_workstation_l1|cis_workstation_l2|pci-dss|stig|stig_gui,xccdf_org.ssgproject.content_rule_sysctl_net_ipv4_conf_all_accept_source_route,Disable Kernel Parameter for Accepting Source-Routed Packets on all IPv4 Interfaces,xccdf_org.ssgproject.content_rule_sysctl_net_ipv4_conf_all_accept_source_route,Disable Kernel Parameter for Accepting Source-Routed Packets on all IPv4 Interfaces,medium,anssi_bp28_enhanced|anssi_bp28_high|anssi_bp28_intermediary|ccn_advanced|ccn_basic|ccn_intermediate|cis|cis_server_l1|cis_workstation_l1|cis_workstation_l2|stig|stig_gui,12,1.0,yes
21,2,13,anssi_bp28_enhanced|anssi_bp28_high|anssi_bp28_intermediary|ccn_advanced|ccn_basic|ccn_intermediate|cis|cis_server_l1|cis_workstation_l1|cis_workstation_l2|pci-dss|stig|stig_gui,xccdf_org.ssgproject.content_rule_sysctl_net_ipv4_conf_all_accept_source_route,Disable Kernel Parameter for Accepting Source-Routed Packets on all IPv4 Interfaces,xccdf_org.ssgproject.content_rule_sysctl_net_ipv4_conf_default_accept_source_route,Disable Kernel Parameter for Accepting Source-Routed Packets on IPv4 Interfaces by Default,medium,anssi_bp28_enhanced|anssi_bp28_high|anssi_bp28_intermediary|ccn_advanced|ccn_basic|ccn_intermediate|cis|cis_server_l1|cis_workstation_l1|cis_workstation_l2|stig|stig_gui,12,0.9958,no
21,2,13,anssi_bp28_enhanced|anssi_bp28_high|anssi_bp28_intermediary|ccn_advanced|ccn_basic|ccn_intermediate|cis|cis_server_l1|cis_workstation_l1|cis_workstation_l2|pci-dss|stig|stig_gui,xccdf_org.ssgproject.content_rule_sysctl_net_ipv4_conf_all_accept_source_route,Disable Kernel Parameter for Accepting Source-Routed Packets on all IPv4 Interfaces,xccdf_org.ssgproject.content_rule_sysctl_net_ipv4_conf_default_rp_filter,Enable Kernel Parameter to Use Reverse Path Filtering on all IPv4 Interfaces by Default,medium,anssi_bp28_enhanced|anssi_bp28_high|anssi_bp28_intermediary|ccn_advanced|ccn_basic|ccn_intermediate|cis|cis_server_l1|cis_workstation_l1|cis_workstation_l2|stig|stig_gui,12,0.9835,no
21,2,13,anssi_bp28_enhanced|anssi_bp28_high|anssi_bp28_intermediary|ccn_advanced|ccn_basic|ccn_intermediate|cis|cis_server_l1|cis_workstation_l1|cis_workstation_l2|pci-dss|stig|stig_gui,xccdf_org.ssgproject.content_rule_sysctl_net_ipv4_conf_all_accept_source_route,Disable Kernel Parameter for Accepting Source-Routed Packets on all IPv4 Interfaces,xccdf_org.ssgproject.content_rule_sysctl_net_ipv6_conf_default_accept_source_route,Disable Kernel Parameter for Accepting Source-Routed Packets on IPv6 Interfaces by Default,medium,anssi_bp28_enhanced|anssi_bp28_high|anssi_bp28_intermediary|ccn_advanced|ccn_basic|ccn_intermediate|cis|cis_server_l1|cis_workstation_l1|cis_workstation_l2|pci-dss|stig|stig_gui,13,0.9941,no
21,2,13,anssi_bp28_enhanced|anssi_bp28_high|anssi_bp28_intermediary|ccn_advanced|ccn_basic|ccn_intermediate|cis|cis_server_l1|cis_workstation_l1|cis_workstation_l2|pci-dss|stig|stig_gui,xccdf_org.ssgproject.content_rule_sysctl_net_ipv4_conf_all_accept_source_route,Disable Kernel Parameter for Accepting Source-Routed Packets on all IPv4 Interfaces,xccdf_org.ssgproject.content_rule_sysctl_net_ipv4_conf_all_rp_filter,Enable Kernel Parameter to Use Reverse Path Filtering on all IPv4 Interfaces,medium,anssi_bp28_enhanced|anssi_bp28_high|anssi_bp28_intermediary|ccn_advanced|ccn_basic|ccn_intermediate|cis|cis_server_l1|cis_workstation_l1|cis_workstation_l2|pci-dss|stig|stig_gui,13,0.9849,no
21,2,13,anssi_bp28_enhanced|anssi_bp28_high|anssi_bp28_intermediary|ccn_advanced|ccn_basic|ccn_intermediate|cis|cis_server_l1|cis_workstation_l1|cis_workstation_l2|pci-dss|stig|stig_gui,xccdf_org.ssgproject.content_rule_sysctl_net_ipv4_conf_all_accept_source_route,Disable Kernel Parameter for Accepting Source-Routed Packets on all IPv4 Interfaces,xccdf_org.ssgproject.content_rule_sysctl_net_ipv4_conf_default_accept_redirects,Disable Kernel Parameter for Accepting ICMP Redirects by Default on IPv4 Interfaces,medium,anssi_bp28_enhanced|anssi_bp28_high|anssi_bp28_intermediary|ccn_advanced|ccn_basic|ccn_intermediate|cis|cis_server_l1|cis_workstation_l1|cis_workstation_l2|pci-dss|stig|stig_gui,13,0.9848,no
21,2,13,anssi_bp28_enhanced|anssi_bp28_high|anssi_bp28_intermediary|ccn_advanced|ccn_basic|ccn_intermediate|cis|cis_server_l1|cis_workstation_l1|cis_workstation_l2|pci-dss|stig|stig_gui,xccdf_org.ssgproject.content_rule_sysctl_net_ipv4_conf_all_accept_source_route,Disable Kernel Parameter for Accepting Source-Routed Packets on all IPv4 Interfaces,xccdf_org.ssgproject.content_rule_sysctl_net_ipv4_icmp_ignore_bogus_error_responses,Enable Kernel Parameter to Ignore Bogus ICMP Error Responses on IPv4 Interfaces,unknown,anssi_bp28_enhanced|anssi_bp28_high|anssi_bp28_intermediary|ccn_advanced|ccn_basic|ccn_intermediate|cis|cis_server_l1|cis_workstation_l1|cis_workstation_l2|pci-dss|stig|stig_gui,13,0.9602,no
21,2,13,anssi_bp28_enhanced|anssi_bp28_high|anssi_bp28_intermediary|ccn_advanced|ccn_basic|ccn_intermediate|cis|cis_server_l1|cis_workstation_l1|cis_workstation_l2|pci-dss|stig|stig_gui,xccdf_org.ssgproject.content_rule_sysctl_net_ipv4_conf_all_accept_source_route,Disable Kernel Parameter for Accepting Source-Routed Packets on all IPv4 Interfaces,xccdf_org.ssgproject.content_rule_sysctl_net_ipv4_tcp_syncookies,Enable Kernel Parameter to Use TCP Syncookies on Network Interfaces,medium,anssi_bp28_enhanced|anssi_bp28_high|anssi_bp28_intermediary|ccn_advanced|ccn_basic|ccn_intermediate|cis|cis_server_l1|cis_workstation_l1|cis_workstation_l2|pci-dss|stig|stig_gui,13,0.9646,no
21,2,13,anssi_bp28_enhanced|anssi_bp28_high|anssi_bp28_intermediary|ccn_advanced|ccn_basic|ccn_intermediate|cis|cis_server_l1|cis_workstation_l1|cis_workstation_l2|pci-dss|stig|stig_gui,xccdf_org.ssgproject.content_rule_sysctl_net_ipv4_conf_all_accept_source_route,Disable Kernel Parameter for Accepting Source-Routed Packets on all IPv4 Interfaces,xccdf_org.ssgproject.content_rule_sysctl_net_ipv4_conf_all_send_redirects,Disable Kernel Parameter for Sending ICMP Redirects on all IPv4 Interfaces,medium,anssi_bp28_enhanced|anssi_bp28_high|anssi_bp28_intermediary|ccn_advanced|ccn_basic|ccn_intermediate|cis|cis_server_l1|cis_workstation_l1|cis_workstation_l2|pci-dss|stig|stig_gui,13,0.985,no
21,2,13,anssi_bp28_enhanced|anssi_bp28_high|anssi_bp28_intermediary|ccn_advanced|ccn_basic|ccn_intermediate|cis|cis_server_l1|cis_workstation_l1|cis_workstation_l2|pci-dss|stig|stig_gui,xccdf_org.ssgproject.content_rule_sysctl_net_ipv4_conf_all_accept_source_route,Disable Kernel Parameter for Accepting Source-Routed Packets on all IPv4 Interfaces,xccdf_org.ssgproject.content_rule_sysctl_net_ipv4_conf_default_send_redirects,Disable Kernel Parameter for Sending ICMP Redirects on all IPv4 Interfaces by Default,medium,anssi_bp28_enhanced|anssi_bp28_high|anssi_bp28_intermediary|ccn_advanced|ccn_basic|ccn_intermediate|cis|cis_server_l1|cis_workstation_l1|cis_workstation_l2|pci-dss|stig|stig_gui,13,0.9824,no
22,24,13,anssi_bp28_enhanced|anssi_bp28_high|ccn_advanced|cis|cis_server_l1|cis_workstation_l1|cis_workstation_l2|cui|hipaa|ospp|pci-dss|stig|stig_gui,xccdf_org.ssgproject.content_rule_account_password_selinux_faillock_dir,An SELinux Context must be configured for the pam_faillock.so records directory,xccdf_org.ssgproject.content_rule_fapolicyd_prevent_home_folder_access,fapolicyd Must be Configured to Limit Access to Users Home Folders,medium,,0,0.8943,no
22,24,13,anssi_bp28_enhanced|anssi_bp28_high|ccn_advanced|cis|cis_server_l1|cis_workstation_l1|cis_workstation_l2|cui|hipaa|ospp|pci-dss|stig|stig_gui,xccdf_org.ssgproject.content_rule_account_password_selinux_faillock_dir,An SELinux Context must be configured for the pam_faillock.so records directory,xccdf_org.ssgproject.content_rule_restrict_serial_port_logins,Restrict Serial Port Root Logins,medium,hipaa,1,0.8776,no
22,24,13,anssi_bp28_enhanced|anssi_bp28_high|ccn_advanced|cis|cis_server_l1|cis_workstation_l1|cis_workstation_l2|cui|hipaa|ospp|pci-dss|stig|stig_gui,xccdf_org.ssgproject.content_rule_account_password_selinux_faillock_dir,An SELinux Context must be configured for the pam_faillock.so records directory,xccdf_org.ssgproject.content_rule_account_password_selinux_faillock_dir,An SELinux Context must be configured for the pam_faillock.so records directory,medium,stig|stig_gui,2,1.0,yes
22,24,13,anssi_bp28_enhanced|anssi_bp28_high|ccn_advanced|cis|cis_server_l1|cis_workstation_l1|cis_workstation_l2|cui|hipaa|ospp|pci-dss|stig|stig_gui,xccdf_org.ssgproject.content_rule_account_password_selinux_faillock_dir,An SELinux Context must be configured for the pam_faillock.so records directory,xccdf_org.ssgproject.content_rule_configure_bashrc_exec_tmux,Support session locking with tmux,medium,cui|ospp,2,0.9063,no
22,24,13,anssi_bp28_enhanced|anssi_bp28_high|ccn_advanced|cis|cis_server_l1|cis_workstation_l1|cis_workstation_l2|cui|hipaa|ospp|pci-dss|stig|stig_gui,xccdf_org.ssgproject.content_rule_account_password_selinux_faillock_dir,An SELinux Context must be configured for the pam_faillock.so records directory,xccdf_org.ssgproject.content_rule_configure_bashrc_tmux,Support session locking with tmux (not enforcing),medium,stig|stig_gui,2,0.91,no
22,24,13,anssi_bp28_enhanced|anssi_bp28_high|ccn_advanced|cis|cis_server_l1|cis_workstation_l1|cis_workstation_l2|cui|hipaa|ospp|pci-dss|stig|stig_gui,xccdf_org.ssgproject.content_rule_account_password_selinux_faillock_dir,An SELinux Context must be configured for the pam_faillock.so records directory,xccdf_org.ssgproject.content_rule_securetty_root_login_console_only,Restrict Virtual Console Root Logins,medium,hipaa|pci-dss,2,0.8662,no
22,24,13,anssi_bp28_enhanced|anssi_bp28_high|ccn_advanced|cis|cis_server_l1|cis_workstation_l1|cis_workstation_l2|cui|hipaa|ospp|pci-dss|stig|stig_gui,xccdf_org.ssgproject.content_rule_account_password_selinux_faillock_dir,An SELinux Context must be configured for the pam_faillock.so records directory,xccdf_org.ssgproject.content_rule_accounts_umask_etc_csh_cshrc,Ensure the Default C Shell Umask is Set Correctly,medium,stig|stig_gui,2,0.924,no
22,24,13,anssi_bp28_enhanced|anssi_bp28_high|ccn_advanced|cis|cis_server_l1|cis_workstation_l1|cis_workstation_l2|cui|hipaa|ospp|pci-dss|stig|stig_gui,xccdf_org.ssgproject.content_rule_account_password_selinux_faillock_dir,An SELinux Context must be configured for the pam_faillock.so records directory,xccdf_org.ssgproject.content_rule_accounts_umask_interactive_users,Ensure the Default Umask is Set Correctly For Interactive Users,medium,stig|stig_gui,2,0.9095,no
22,24,13,anssi_bp28_enhanced|anssi_bp28_high|ccn_advanced|cis|cis_server_l1|cis_workstation_l1|cis_workstation_l2|cui|hipaa|ospp|pci-dss|stig|stig_gui,xccdf_org.ssgproject.content_rule_account_password_selinux_faillock_dir,An SELinux Context must be configured for the pam_faillock.so records directory,xccdf_org.ssgproject.content_rule_chronyd_server_directive,Ensure Chrony is only configured with the server directive,medium,stig|stig_gui,2,0.9218,no
22,24,13,anssi_bp28_enhanced|anssi_bp28_high|ccn_advanced|cis|cis_server_l1|cis_workstation_l1|cis_workstation_l2|cui|hipaa|ospp|pci-dss|stig|stig_gui,xccdf_org.ssgproject.content_rule_account_password_selinux_faillock_dir,An SELinux Context must be configured for the pam_faillock.so records directory,xccdf_org.ssgproject.content_rule_no_tmux_in_shells,Prevent user from disabling the screen lock,low,cui|ospp|stig|stig_gui,4,0.9077,no
22,24,13,anssi_bp28_enhanced|anssi_bp28_high|ccn_advanced|cis|cis_server_l1|cis_workstation_l1|cis_workstation_l2|cui|hipaa|ospp|pci-dss|stig|stig_gui,xccdf_org.ssgproject.content_rule_account_password_selinux_faillock_dir,An SELinux Context must be configured for the pam_faillock.so records directory,xccdf_org.ssgproject.content_rule_no_forward_files,Verify No .forward Files Exist,medium,cis|cis_server_l1|cis_workstation_l1|cis_workstation_l2,4,0.8924,no
22,24,13,anssi_bp28_enhanced|anssi_bp28_high|ccn_advanced|cis|cis_server_l1|cis_workstation_l1|cis_workstation_l2|cui|hipaa|ospp|pci-dss|stig|stig_gui,xccdf_org.ssgproject.content_rule_account_password_selinux_faillock_dir,An SELinux Context must be configured for the pam_faillock.so records directory,xccdf_org.ssgproject.content_rule_journald_compress,Ensure journald is configured to compress large log files,medium,cis|cis_server_l1|cis_workstation_l1|cis_workstation_l2,4,0.8846,no
22,24,13,anssi_bp28_enhanced|anssi_bp28_high|ccn_advanced|cis|cis_server_l1|cis_workstation_l1|cis_workstation_l2|cui|hipaa|ospp|pci-dss|stig|stig_gui,xccdf_org.ssgproject.content_rule_account_password_selinux_faillock_dir,An SELinux Context must be configured for the pam_faillock.so records directory,xccdf_org.ssgproject.content_rule_journald_forward_to_syslog,Ensure journald is configured to send logs to rsyslog,medium,cis|cis_server_l1|cis_workstation_l1|cis_workstation_l2,4,0.9159,no
22,24,13,anssi_bp28_enhanced|anssi_bp28_high|ccn_advanced|cis|cis_server_l1|cis_workstation_l1|cis_workstation_l2|cui|hipaa|ospp|pci-dss|stig|stig_gui,xccdf_org.ssgproject.content_rule_account_password_selinux_faillock_dir,An SELinux Context must be configured for the pam_faillock.so records directory,xccdf_org.ssgproject.content_rule_journald_storage,Ensure journald is configured to write log files to persistent disk,medium,cis|cis_server_l1|cis_workstation_l1|cis_workstation_l2,4,0.9033,no
22,24,13,anssi_bp28_enhanced|anssi_bp28_high|ccn_advanced|cis|cis_server_l1|cis_workstation_l1|cis_workstation_l2|cui|hipaa|ospp|pci-dss|stig|stig_gui,xccdf_org.ssgproject.content_rule_account_password_selinux_faillock_dir,An SELinux Context must be configured for the pam_faillock.so records directory,xccdf_org.ssgproject.content_rule_set_nftables_table,Ensure a Table Exists for Nftables,medium,cis|cis_server_l1|cis_workstation_l1|cis_workstation_l2,4,0.8887,no
22,24,13,anssi_bp28_enhanced|anssi_bp28_high|ccn_advanced|cis|cis_server_l1|cis_workstation_l1|cis_workstation_l2|cui|hipaa|ospp|pci-dss|stig|stig_gui,xccdf_org.ssgproject.content_rule_account_password_selinux_faillock_dir,An SELinux Context must be configured for the pam_faillock.so records directory,xccdf_org.ssgproject.content_rule_accounts_password_last_change_is_in_past,Ensure all users last password change date is in the past,medium,cis|cis_server_l1|cis_workstation_l1|cis_workstation_l2|pci-dss,5,0.88,no
22,24,13,anssi_bp28_enhanced|anssi_bp28_high|ccn_advanced|cis|cis_server_l1|cis_workstation_l1|cis_workstation_l2|cui|hipaa|ospp|pci-dss|stig|stig_gui,xccdf_org.ssgproject.content_rule_account_password_selinux_faillock_dir,An SELinux Context must be configured for the pam_faillock.so records directory,xccdf_org.ssgproject.content_rule_accounts_root_gid_zero,Verify Root Has A Primary GID 0,high,cis|cis_server_l1|cis_workstation_l1|cis_workstation_l2|pci-dss,5,0.8863,no
22,24,13,anssi_bp28_enhanced|anssi_bp28_high|ccn_advanced|cis|cis_server_l1|cis_workstation_l1|cis_workstation_l2|cui|hipaa|ospp|pci-dss|stig|stig_gui,xccdf_org.ssgproject.content_rule_account_password_selinux_faillock_dir,An SELinux Context must be configured for the pam_faillock.so records directory,xccdf_org.ssgproject.content_rule_account_unique_id,Ensure All Accounts on the System Have Unique User IDs,medium,cis|cis_server_l1|cis_workstation_l1|cis_workstation_l2|pci-dss|stig|stig_gui,7,0.8808,no
22,24,13,anssi_bp28_enhanced|anssi_bp28_high|ccn_advanced|cis|cis_server_l1|cis_workstation_l1|cis_workstation_l2|cui|hipaa|ospp|pci-dss|stig|stig_gui,xccdf_org.ssgproject.content_rule_account_password_selinux_faillock_dir,An SELinux Context must be configured for the pam_faillock.so records directory,xccdf_org.ssgproject.content_rule_group_unique_id,Ensure All Groups on the System Have Unique Group ID,medium,cis|cis_server_l1|cis_workstation_l1|cis_workstation_l2|pci-dss|stig|stig_gui,7,0.8825,no
22,24,13,anssi_bp28_enhanced|anssi_bp28_high|ccn_advanced|cis|cis_server_l1|cis_workstation_l1|cis_workstation_l2|cui|hipaa|ospp|pci-dss|stig|stig_gui,xccdf_org.ssgproject.content_rule_account_password_selinux_faillock_dir,An SELinux Context must be configured for the pam_faillock.so records directory,xccdf_org.ssgproject.content_rule_gid_passwd_group_same,All GIDs referenced in /etc/passwd must be defined in /etc/group,low,cis|cis_server_l1|cis_workstation_l1|cis_workstation_l2|pci-dss|stig|stig_gui,7,0.9084,no
22,24,13,anssi_bp28_enhanced|anssi_bp28_high|ccn_advanced|cis|cis_server_l1|cis_workstation_l1|cis_workstation_l2|cui|hipaa|ospp|pci-dss|stig|stig_gui,xccdf_org.ssgproject.content_rule_account_password_selinux_faillock_dir,An SELinux Context must be configured for the pam_faillock.so records directory,xccdf_org.ssgproject.content_rule_accounts_umask_etc_bashrc,Ensure the Default Bash Umask is Set Correctly,medium,anssi_bp28_enhanced|anssi_bp28_high|ccn_advanced|cis|cis_server_l1|cis_workstation_l1|cis_workstation_l2|stig|stig_gui,9,0.9123,no
22,24,13,anssi_bp28_enhanced|anssi_bp28_high|ccn_advanced|cis|cis_server_l1|cis_workstation_l1|cis_workstation_l2|cui|hipaa|ospp|pci-dss|stig|stig_gui,xccdf_org.ssgproject.content_rule_account_password_selinux_faillock_dir,An SELinux Context must be configured for the pam_faillock.so records directory,xccdf_org.ssgproject.content_rule_accounts_umask_etc_login_defs,Ensure the Default Umask is Set Correctly in login.defs,medium,anssi_bp28_enhanced|anssi_bp28_high|ccn_advanced|cis|cis_server_l1|cis_workstation_l1|cis_workstation_l2|stig|stig_gui,9,0.9224,no
22,24,13,anssi_bp28_enhanced|anssi_bp28_high|ccn_advanced|cis|cis_server_l1|cis_workstation_l1|cis_workstation_l2|cui|hipaa|ospp|pci-dss|stig|stig_gui,xccdf_org.ssgproject.content_rule_account_password_selinux_faillock_dir,An SELinux Context must be configured for the pam_faillock.so records directory,xccdf_org.ssgproject.content_rule_accounts_umask_etc_profile,Ensure the Default Umask is Set Correctly in /etc/profile,medium,anssi_bp28_enhanced|anssi_bp28_high|ccn_advanced|cis|cis_server_l1|cis_workstation_l1|cis_workstation_l2|stig|stig_gui,9,0.9191,no
23,14,11,anssi_bp28_enhanced|anssi_bp28_high|anssi_bp28_intermediary|cis|cis_workstation_l2|cui|hipaa|ospp|pci-dss|stig|stig_gui,xccdf_org.ssgproject.content_rule_grub2_pti_argument,Enable Kernel Page-Table Isolation (KPTI),xccdf_org.ssgproject.content_rule_grub2_kernel_trust_cpu_rng,Configure kernel to trust the CPU random number generator,medium,,0,0.9632,no
23,14,11,anssi_bp28_enhanced|anssi_bp28_high|anssi_bp28_intermediary|cis|cis_workstation_l2|cui|hipaa|ospp|pci-dss|stig|stig_gui,xccdf_org.ssgproject.content_rule_grub2_pti_argument,Enable Kernel Page-Table Isolation (KPTI),xccdf_org.ssgproject.content_rule_grub2_ipv6_disable_argument,Ensure IPv6 is disabled through kernel boot parameter,low,,0,0.9782,no
23,14,11,anssi_bp28_enhanced|anssi_bp28_high|anssi_bp28_intermediary|cis|cis_workstation_l2|cui|hipaa|ospp|pci-dss|stig|stig_gui,xccdf_org.ssgproject.content_rule_grub2_pti_argument,Enable Kernel Page-Table Isolation (KPTI),xccdf_org.ssgproject.content_rule_grub2_enable_iommu_force,IOMMU configuration directive,unknown,anssi_bp28_enhanced|anssi_bp28_high,2,0.9777,no
23,14,11,anssi_bp28_enhanced|anssi_bp28_high|anssi_bp28_intermediary|cis|cis_workstation_l2|cui|hipaa|ospp|pci-dss|stig|stig_gui,xccdf_org.ssgproject.content_rule_grub2_pti_argument,Enable Kernel Page-Table Isolation (KPTI),xccdf_org.ssgproject.content_rule_grub2_init_on_alloc_argument,Configure kernel to zero out memory before allocation,medium,cui|ospp,2,0.9735,no
23,14,11,anssi_bp28_enhanced|anssi_bp28_high|anssi_bp28_intermediary|cis|cis_workstation_l2|cui|hipaa|ospp|pci-dss|stig|stig_gui,xccdf_org.ssgproject.content_rule_grub2_pti_argument,Enable Kernel Page-Table Isolation (KPTI),xccdf_org.ssgproject.content_rule_grub2_l1tf_argument,Configure L1 Terminal Fault mitigations,high,anssi_bp28_enhanced|anssi_bp28_high|anssi_bp28_intermediary,3,0.9718,no
23,14,11,anssi_bp28_enhanced|anssi_bp28_high|anssi_bp28_intermediary|cis|cis_workstation_l2|cui|hipaa|ospp|pci-dss|stig|stig_gui,xccdf_org.ssgproject.content_rule_grub2_pti_argument,Enable Kernel Page-Table Isolation (KPTI),xccdf_org.ssgproject.content_rule_grub2_mce_argument,Force kernel panic on uncorrected MCEs,medium,anssi_bp28_enhanced|anssi_bp28_high|anssi_bp28_intermediary,3,0.965,no
23,14,11,anssi_bp28_enhanced|anssi_bp28_high|anssi_bp28_intermediary|cis|cis_workstation_l2|cui|hipaa|ospp|pci-dss|stig|stig_gui,xccdf_org.ssgproject.content_rule_grub2_pti_argument,Enable Kernel Page-Table Isolation (KPTI),xccdf_org.ssgproject.content_rule_grub2_mds_argument,Configure Microarchitectural Data Sampling mitigation,medium,anssi_bp28_enhanced|anssi_bp28_high|anssi_bp28_intermediary,3,0.9533,no
23,14,11,anssi_bp28_enhanced|anssi_bp28_high|anssi_bp28_intermediary|cis|cis_workstation_l2|cui|hipaa|ospp|pci-dss|stig|stig_gui,xccdf_org.ssgproject.content_rule_grub2_pti_argument,Enable Kernel Page-Table Isolation (KPTI),xccdf_org.ssgproject.content_rule_grub2_rng_core_default_quality_argument,Configure the confidence in TPM for entropy,low,anssi_bp28_enhanced|anssi_bp28_high|anssi_bp28_intermediary,3,0.9493,no
23,14,11,anssi_bp28_enhanced|anssi_bp28_high|anssi_bp28_intermediary|cis|cis_workstation_l2|cui|hipaa|ospp|pci-dss|stig|stig_gui,xccdf_org.ssgproject.content_rule_grub2_pti_argument,Enable Kernel Page-Table Isolation (KPTI),xccdf_org.ssgproject.content_rule_grub2_slab_nomerge_argument,Disable merging of slabs with similar size,medium,anssi_bp28_enhanced|anssi_bp28_high|anssi_bp28_intermediary,3,0.968,no
23,14,11,anssi_bp28_enhanced|anssi_bp28_high|anssi_bp28_intermediary|cis|cis_workstation_l2|cui|hipaa|ospp|pci-dss|stig|stig_gui,xccdf_org.ssgproject.content_rule_grub2_pti_argument,Enable Kernel Page-Table Isolation (KPTI),xccdf_org.ssgproject.content_rule_grub2_spec_store_bypass_disable_argument,Configure Speculative Store Bypass Mitigation,medium,anssi_bp28_enhanced|anssi_bp28_high|anssi_bp28_intermediary,3,0.9495,no
23,14,11,anssi_bp28_enhanced|anssi_bp28_high|anssi_bp28_intermediary|cis|cis_workstation_l2|cui|hipaa|ospp|pci-dss|stig|stig_gui,xccdf_org.ssgproject.content_rule_grub2_pti_argument,Enable Kernel Page-Table Isolation (KPTI),xccdf_org.ssgproject.content_rule_grub2_spectre_v2_argument,Enforce Spectre v2 mitigation,high,anssi_bp28_enhanced|anssi_bp28_high|anssi_bp28_intermediary,3,0.9622,no
23,14,11,anssi_bp28_enhanced|anssi_bp28_high|anssi_bp28_intermediary|cis|cis_workstation_l2|cui|hipaa|ospp|pci-dss|stig|stig_gui,xccdf_org.ssgproject.content_rule_grub2_pti_argument,Enable Kernel Page-Table Isolation (KPTI),xccdf_org.ssgproject.content_rule_grub2_vsyscall_argument,Disable vsyscalls,medium,cui|ospp|stig|stig_gui,4,0.9768,no
23,14,11,anssi_bp28_enhanced|anssi_bp28_high|anssi_bp28_intermediary|cis|cis_workstation_l2|cui|hipaa|ospp|pci-dss|stig|stig_gui,xccdf_org.ssgproject.content_rule_grub2_pti_argument,Enable Kernel Page-Table Isolation (KPTI),xccdf_org.ssgproject.content_rule_grub2_page_alloc_shuffle_argument,Enable randomization of the page allocator,medium,anssi_bp28_enhanced|anssi_bp28_high|anssi_bp28_intermediary|cui|ospp,5,0.9766,no
23,14,11,anssi_bp28_enhanced|anssi_bp28_high|anssi_bp28_intermediary|cis|cis_workstation_l2|cui|hipaa|ospp|pci-dss|stig|stig_gui,xccdf_org.ssgproject.content_rule_grub2_pti_argument,Enable Kernel Page-Table Isolation (KPTI),xccdf_org.ssgproject.content_rule_grub2_pti_argument,Enable Kernel Page-Table Isolation (KPTI),low,anssi_bp28_enhanced|anssi_bp28_high|anssi_bp28_intermediary|stig|stig_gui,5,1.0,yes
23,14,11,anssi_bp28_enhanced|anssi_bp28_high|anssi_bp28_intermediary|cis|cis_workstation_l2|cui|hipaa|ospp|pci-dss|stig|stig_gui,xccdf_org.ssgproject.content_rule_grub2_pti_argument,Enable Kernel Page-Table Isolation (KPTI),xccdf_org.ssgproject.content_rule_grub2_page_poison_argument,Enable page allocator poisoning,medium,anssi_bp28_enhanced|anssi_bp28_high|anssi_bp28_intermediary|stig|stig_gui,5,0.9843,no
23,14,11,anssi_bp28_enhanced|anssi_bp28_high|anssi_bp28_intermediary|cis|cis_workstation_l2|cui|hipaa|ospp|pci-dss|stig|stig_gui,xccdf_org.ssgproject.content_rule_grub2_pti_argument,Enable Kernel Page-Table Isolation (KPTI),xccdf_org.ssgproject.content_rule_grub2_slub_debug_argument,Enable SLUB/SLAB allocator poisoning,medium,anssi_bp28_enhanced|anssi_bp28_high|anssi_bp28_intermediary|stig|stig_gui,5,0.976,no
23,14,11,anssi_bp28_enhanced|anssi_bp28_high|anssi_bp28_intermediary|cis|cis_workstation_l2|cui|hipaa|ospp|pci-dss|stig|stig_gui,xccdf_org.ssgproject.content_rule_grub2_pti_argument,Enable Kernel Page-Table Isolation (KPTI),xccdf_org.ssgproject.content_rule_grub2_audit_backlog_limit_argument,Extend Audit Backlog Limit for the Audit Daemon,low,cis|cis_workstation_l2|cui|ospp|pci-dss|stig|stig_gui,7,0.9622,no
23,14,11,anssi_bp28_enhanced|anssi_bp28_high|anssi_bp28_intermediary|cis|cis_workstation_l2|cui|hipaa|ospp|pci-dss|stig|stig_gui,xccdf_org.ssgproject.content_rule_grub2_pti_argument,Enable Kernel Page-Table Isolation (KPTI),xccdf_org.ssgproject.content_rule_grub2_audit_argument,Enable Auditing for Processes Which Start Prior to the Audit Daemon,low,cis|cis_workstation_l2|cui|hipaa|ospp|pci-dss|stig|stig_gui,8,0.9785,no
24,18,11,anssi_bp28_enhanced|anssi_bp28_high|anssi_bp28_intermediary|cis|cis_server_l1|cis_workstation_l1|cis_workstation_l2|ism_o|pci-dss|stig|stig_gui,xccdf_org.ssgproject.content_rule_file_owner_etc_group,Verify User Who Owns group File,xccdf_org.ssgproject.content_rule_file_permissions_sudo,Ensure That the sudo Binary Has the Correct Permissions,medium,anssi_bp28_enhanced|anssi_bp28_high,2,0.9175,no
24,18,11,anssi_bp28_enhanced|anssi_bp28_high|anssi_bp28_intermediary|cis|cis_server_l1|cis_workstation_l1|cis_workstation_l2|ism_o|pci-dss|stig|stig_gui,xccdf_org.ssgproject.content_rule_file_owner_etc_group,Verify User Who Owns group File,xccdf_org.ssgproject.content_rule_file_groupowner_etc_sudoers,Verify Group Who Owns /etc/sudoers File,medium,anssi_bp28_enhanced|anssi_bp28_high|anssi_bp28_intermediary,3,0.9621,no
24,18,11,anssi_bp28_enhanced|anssi_bp28_high|anssi_bp28_intermediary|cis|cis_server_l1|cis_workstation_l1|cis_workstation_l2|ism_o|pci-dss|stig|stig_gui,xccdf_org.ssgproject.content_rule_file_owner_etc_group,Verify User Who Owns group File,xccdf_org.ssgproject.content_rule_file_owner_etc_sudoers,Verify User Who Owns /etc/sudoers File,medium,anssi_bp28_enhanced|anssi_bp28_high|anssi_bp28_intermediary,3,0.9638,no
24,18,11,anssi_bp28_enhanced|anssi_bp28_high|anssi_bp28_intermediary|cis|cis_server_l1|cis_workstation_l1|cis_workstation_l2|ism_o|pci-dss|stig|stig_gui,xccdf_org.ssgproject.content_rule_file_owner_etc_group,Verify User Who Owns group File,xccdf_org.ssgproject.content_rule_file_permissions_etc_sudoers,Verify Permissions On /etc/sudoers File,medium,anssi_bp28_enhanced|anssi_bp28_high|anssi_bp28_intermediary,3,0.9324,no
24,18,11,anssi_bp28_enhanced|anssi_bp28_high|anssi_bp28_intermediary|cis|cis_server_l1|cis_workstation_l1|cis_workstation_l2|ism_o|pci-dss|stig|stig_gui,xccdf_org.ssgproject.content_rule_file_owner_etc_group,Verify User Who Owns group File,xccdf_org.ssgproject.content_rule_directory_groupowner_etc_iptables,Verify Group Who Owns /etc/iptables Directory,medium,anssi_bp28_enhanced|anssi_bp28_high|anssi_bp28_intermediary,3,0.9674,no
24,18,11,anssi_bp28_enhanced|anssi_bp28_high|anssi_bp28_intermediary|cis|cis_server_l1|cis_workstation_l1|cis_workstation_l2|ism_o|pci-dss|stig|stig_gui,xccdf_org.ssgproject.content_rule_file_owner_etc_group,Verify User Who Owns group File,xccdf_org.ssgproject.content_rule_directory_owner_etc_iptables,Verify User Who Owns /etc/iptables Directory,medium,anssi_bp28_enhanced|anssi_bp28_high|anssi_bp28_intermediary,3,0.9644,no
24,18,11,anssi_bp28_enhanced|anssi_bp28_high|anssi_bp28_intermediary|cis|cis_server_l1|cis_workstation_l1|cis_workstation_l2|ism_o|pci-dss|stig|stig_gui,xccdf_org.ssgproject.content_rule_file_owner_etc_group,Verify User Who Owns group File,xccdf_org.ssgproject.content_rule_directory_permissions_etc_iptables,Verify Permissions On /etc/iptables Directory,medium,anssi_bp28_enhanced|anssi_bp28_high|anssi_bp28_intermediary,3,0.9435,no
24,18,11,anssi_bp28_enhanced|anssi_bp28_high|anssi_bp28_intermediary|cis|cis_server_l1|cis_workstation_l1|cis_workstation_l2|ism_o|pci-dss|stig|stig_gui,xccdf_org.ssgproject.content_rule_file_owner_etc_group,Verify User Who Owns group File,xccdf_org.ssgproject.content_rule_directory_groupowner_etc_nftables,Verify Group Who Owns /etc/nftables Directory,medium,anssi_bp28_enhanced|anssi_bp28_high|anssi_bp28_intermediary,3,0.9591,no
24,18,11,anssi_bp28_enhanced|anssi_bp28_high|anssi_bp28_intermediary|cis|cis_server_l1|cis_workstation_l1|cis_workstation_l2|ism_o|pci-dss|stig|stig_gui,xccdf_org.ssgproject.content_rule_file_owner_etc_group,Verify User Who Owns group File,xccdf_org.ssgproject.content_rule_directory_owner_etc_nftables,Verify User Who Owns /etc/nftables Directory,medium,anssi_bp28_enhanced|anssi_bp28_high|anssi_bp28_intermediary,3,0.9575,no
24,18,11,anssi_bp28_enhanced|anssi_bp28_high|anssi_bp28_intermediary|cis|cis_server_l1|cis_workstation_l1|cis_workstation_l2|ism_o|pci-dss|stig|stig_gui,xccdf_org.ssgproject.content_rule_file_owner_etc_group,Verify User Who Owns group File,xccdf_org.ssgproject.content_rule_directory_permissions_etc_nftables,Verify Permissions On /etc/nftables Directory,medium,anssi_bp28_enhanced|anssi_bp28_high|anssi_bp28_intermediary,3,0.9351,no
24,18,11,anssi_bp28_enhanced|anssi_bp28_high|anssi_bp28_intermediary|cis|cis_server_l1|cis_workstation_l1|cis_workstation_l2|ism_o|pci-dss|stig|stig_gui,xccdf_org.ssgproject.content_rule_file_owner_etc_group,Verify User Who Owns group File,xccdf_org.ssgproject.content_rule_file_groupowner_etc_crypttab,Verify Group Who Owns /etc/crypttab File,medium,anssi_bp28_enhanced|anssi_bp28_high|anssi_bp28_intermediary,3,0.9651,no
24,18,11,anssi_bp28_enhanced|anssi_bp28_high|anssi_bp28_intermediary|cis|cis_server_l1|cis_workstation_l1|cis_workstation_l2|ism_o|pci-dss|stig|stig_gui,xccdf_org.ssgproject.content_rule_file_owner_etc_group,Verify User Who Owns group File,xccdf_org.ssgproject.content_rule_file_owner_etc_crypttab,Verify User Who Owns /etc/crypttab File,medium,anssi_bp28_enhanced|anssi_bp28_high|anssi_bp28_intermediary,3,0.9678,no
24,18,11,anssi_bp28_enhanced|anssi_bp28_high|anssi_bp28_intermediary|cis|cis_server_l1|cis_workstation_l1|cis_workstation_l2|ism_o|pci-dss|stig|stig_gui,xccdf_org.ssgproject.content_rule_file_owner_etc_group,Verify User Who Owns group File,xccdf_org.ssgproject.content_rule_file_permissions_etc_crypttab,Verify Permissions On /etc/crypttab File,medium,anssi_bp28_enhanced|anssi_bp28_high|anssi_bp28_intermediary,3,0.9417,no
24,18,11,anssi_bp28_enhanced|anssi_bp28_high|anssi_bp28_intermediary|cis|cis_server_l1|cis_workstation_l1|cis_workstation_l2|ism_o|pci-dss|stig|stig_gui,xccdf_org.ssgproject.content_rule_file_owner_etc_group,Verify User Who Owns group File,xccdf_org.ssgproject.content_rule_file_groupowner_etc_shells,Verify Group Who Owns /etc/shells File,medium,anssi_bp28_enhanced|anssi_bp28_high|anssi_bp28_intermediary,3,0.9739,no
24,18,11,anssi_bp28_enhanced|anssi_bp28_high|anssi_bp28_intermediary|cis|cis_server_l1|cis_workstation_l1|cis_workstation_l2|ism_o|pci-dss|stig|stig_gui,xccdf_org.ssgproject.content_rule_file_owner_etc_group,Verify User Who Owns group File,xccdf_org.ssgproject.content_rule_file_owner_etc_shells,Verify Who Owns /etc/shells File,medium,anssi_bp28_enhanced|anssi_bp28_high|anssi_bp28_intermediary,3,0.9682,no
24,18,11,anssi_bp28_enhanced|anssi_bp28_high|anssi_bp28_intermediary|cis|cis_server_l1|cis_workstation_l1|cis_workstation_l2|ism_o|pci-dss|stig|stig_gui,xccdf_org.ssgproject.content_rule_file_owner_etc_group,Verify User Who Owns group File,xccdf_org.ssgproject.content_rule_file_permissions_etc_shells,Verify Permissions on /etc/shells File,medium,anssi_bp28_enhanced|anssi_bp28_high|anssi_bp28_intermediary,3,0.9432,no
24,18,11,anssi_bp28_enhanced|anssi_bp28_high|anssi_bp28_intermediary|cis|cis_server_l1|cis_workstation_l1|cis_workstation_l2|ism_o|pci-dss|stig|stig_gui,xccdf_org.ssgproject.content_rule_file_owner_etc_group,Verify User Who Owns group File,xccdf_org.ssgproject.content_rule_directory_groupowner_etc_selinux,Verify Group Who Owns /etc/selinux Directory,medium,anssi_bp28_enhanced|anssi_bp28_high|anssi_bp28_intermediary,3,0.9591,no
24,18,11,anssi_bp28_enhanced|anssi_bp28_high|anssi_bp28_intermediary|cis|cis_server_l1|cis_workstation_l1|cis_workstation_l2|ism_o|pci-dss|stig|stig_gui,xccdf_org.ssgproject.content_rule_file_owner_etc_group,Verify User Who Owns group File,xccdf_org.ssgproject.content_rule_directory_owner_etc_selinux,Verify User Who Owns /etc/selinux Directory,medium,anssi_bp28_enhanced|anssi_bp28_high|anssi_bp28_intermediary,3,0.9584,no
24,18,11,anssi_bp28_enhanced|anssi_bp28_high|anssi_bp28_intermediary|cis|cis_server_l1|cis_workstation_l1|cis_workstation_l2|ism_o|pci-dss|stig|stig_gui,xccdf_org.ssgproject.content_rule_file_owner_etc_group,Verify User Who Owns group File,xccdf_org.ssgproject.content_rule_directory_permissions_etc_selinux,Verify Permissions On /etc/selinux Directory,medium,anssi_bp28_enhanced|anssi_bp28_high|anssi_bp28_intermediary,3,0.9332,no
24,18,11,anssi_bp28_enhanced|anssi_bp28_high|anssi_bp28_intermediary|cis|cis_server_l1|cis_workstation_l1|cis_workstation_l2|ism_o|pci-dss|stig|stig_gui,xccdf_org.ssgproject.content_rule_file_owner_etc_group,Verify User Who Owns group File,xccdf_org.ssgproject.content_rule_file_groupowner_etc_issue,Verify Group Ownership of System Login Banner,medium,cis|cis_server_l1|cis_workstation_l1|cis_workstation_l2,4,0.9729,no
24,18,11,anssi_bp28_enhanced|anssi_bp28_high|anssi_bp28_intermediary|cis|cis_server_l1|cis_workstation_l1|cis_workstation_l2|ism_o|pci-dss|stig|stig_gui,xccdf_org.ssgproject.content_rule_file_owner_etc_group,Verify User Who Owns group File,xccdf_org.ssgproject.content_rule_file_groupowner_etc_motd,Verify Group Ownership of Message of the Day Banner,medium,cis|cis_server_l1|cis_workstation_l1|cis_workstation_l2,4,0.9702,no
24,18,11,anssi_bp28_enhanced|anssi_bp28_high|anssi_bp28_intermediary|cis|cis_server_l1|cis_workstation_l1|cis_workstation_l2|ism_o|pci-dss|stig|stig_gui,xccdf_org.ssgproject.content_rule_file_owner_etc_group,Verify User Who Owns group File,xccdf_org.ssgproject.content_rule_file_owner_etc_issue,Verify ownership of System Login Banner,medium,cis|cis_server_l1|cis_workstation_l1|cis_workstation_l2,4,0.9747,no
24,18,11,anssi_bp28_enhanced|anssi_bp28_high|anssi_bp28_intermediary|cis|cis_server_l1|cis_workstation_l1|cis_workstation_l2|ism_o|pci-dss|stig|stig_gui,xccdf_org.ssgproject.content_rule_file_owner_etc_group,Verify User Who Owns group File,xccdf_org.ssgproject.content_rule_file_owner_etc_motd,Verify ownership of Message of the Day Banner,medium,cis|cis_server_l1|cis_workstation_l1|cis_workstation_l2,4,0.9693,no
24,18,11,anssi_bp28_enhanced|anssi_bp28_high|anssi_bp28_intermediary|cis|cis_server_l1|cis_workstation_l1|cis_workstation_l2|ism_o|pci-dss|stig|stig_gui,xccdf_org.ssgproject.content_rule_file_owner_etc_group,Verify User Who Owns group File,xccdf_org.ssgproject.content_rule_file_permissions_etc_issue,Verify permissions on System Login Banner,medium,cis|cis_server_l1|cis_workstation_l1|cis_workstation_l2,4,0.9562,no
24,18,11,anssi_bp28_enhanced|anssi_bp28_high|anssi_bp28_intermediary|cis|cis_server_l1|cis_workstation_l1|cis_workstation_l2|ism_o|pci-dss|stig|stig_gui,xccdf_org.ssgproject.content_rule_file_owner_etc_group,Verify User Who Owns group File,xccdf_org.ssgproject.content_rule_file_permissions_etc_motd,Verify permissions on Message of the Day Banner,medium,cis|cis_server_l1|cis_workstation_l1|cis_workstation_l2,4,0.9523,no
24,18,11,anssi_bp28_enhanced|anssi_bp28_high|anssi_bp28_intermediary|cis|cis_server_l1|cis_workstation_l1|cis_workstation_l2|ism_o|pci-dss|stig|stig_gui,xccdf_org.ssgproject.content_rule_file_owner_etc_group,Verify User Who Owns group File,xccdf_org.ssgproject.content_rule_file_groupowner_etc_issue_net,Verify Group Ownership of System Login Banner for Remote Connections,medium,cis|cis_server_l1|cis_workstation_l1|cis_workstation_l2|pci-dss,5,0.9586,no
24,18,11,anssi_bp28_enhanced|anssi_bp28_high|anssi_bp28_intermediary|cis|cis_server_l1|cis_workstation_l1|cis_workstation_l2|ism_o|pci-dss|stig|stig_gui,xccdf_org.ssgproject.content_rule_file_owner_etc_group,Verify User Who Owns group File,xccdf_org.ssgproject.content_rule_file_owner_etc_issue_net,Verify ownership of System Login Banner for Remote Connections,medium,cis|cis_server_l1|cis_workstation_l1|cis_workstation_l2|pci-dss,5,0.9591,no
24,18,11,anssi_bp28_enhanced|anssi_bp28_high|anssi_bp28_intermediary|cis|cis_server_l1|cis_workstation_l1|cis_workstation_l2|ism_o|pci-dss|stig|stig_gui,xccdf_org.ssgproject.content_rule_file_owner_etc_group,Verify User Who Owns group File,xccdf_org.ssgproject.content_rule_file_permissions_etc_issue_net,Verify permissions on System Login Banner for Remote Connections,medium,cis|cis_server_l1|cis_workstation_l1|cis_workstation_l2|pci-dss,5,0.9395,no
24,18,11,anssi_bp28_enhanced|anssi_bp28_high|anssi_bp28_intermediary|cis|cis_server_l1|cis_workstation_l1|cis_workstation_l2|ism_o|pci-dss|stig|stig_gui,xccdf_org.ssgproject.content_rule_file_owner_etc_group,Verify User Who Owns group File,xccdf_org.ssgproject.content_rule_file_groupowner_backup_etc_gshadow,Verify Group Who Owns Backup gshadow File,medium,cis|cis_server_l1|cis_workstation_l1|cis_workstation_l2|stig|stig_gui,6,0.9598,no
24,18,11,anssi_bp28_enhanced|anssi_bp28_high|anssi_bp28_intermediary|cis|cis_server_l1|cis_workstation_l1|cis_workstation_l2|ism_o|pci-dss|stig|stig_gui,xccdf_org.ssgproject.content_rule_file_owner_etc_group,Verify User Who Owns group File,xccdf_org.ssgproject.content_rule_file_owner_backup_etc_gshadow,Verify User Who Owns Backup gshadow File,medium,cis|cis_server_l1|cis_workstation_l1|cis_workstation_l2|stig|stig_gui,6,0.9659,no
24,18,11,anssi_bp28_enhanced|anssi_bp28_high|anssi_bp28_intermediary|cis|cis_server_l1|cis_workstation_l1|cis_workstation_l2|ism_o|pci-dss|stig|stig_gui,xccdf_org.ssgproject.content_rule_file_owner_etc_group,Verify User Who Owns group File,xccdf_org.ssgproject.content_rule_file_permissions_backup_etc_gshadow,Verify Permissions on Backup gshadow File,medium,cis|cis_server_l1|cis_workstation_l1|cis_workstation_l2|stig|stig_gui,6,0.9381,no
24,18,11,anssi_bp28_enhanced|anssi_bp28_high|anssi_bp28_intermediary|cis|cis_server_l1|cis_workstation_l1|cis_workstation_l2|ism_o|pci-dss|stig|stig_gui,xccdf_org.ssgproject.content_rule_file_owner_etc_group,Verify User Who Owns group File,xccdf_org.ssgproject.content_rule_file_groupowner_backup_etc_group,Verify Group Who Owns Backup group File,medium,cis|cis_server_l1|cis_workstation_l1|cis_workstation_l2|pci-dss|stig|stig_gui,7,0.9841,no
24,18,11,anssi_bp28_enhanced|anssi_bp28_high|anssi_bp28_intermediary|cis|cis_server_l1|cis_workstation_l1|cis_workstation_l2|ism_o|pci-dss|stig|stig_gui,xccdf_org.ssgproject.content_rule_file_owner_etc_group,Verify User Who Owns group File,xccdf_org.ssgproject.content_rule_file_groupowner_backup_etc_passwd,Verify Group Who Owns Backup passwd File,medium,cis|cis_server_l1|cis_workstation_l1|cis_workstation_l2|pci-dss|stig|stig_gui,7,0.9707,no
24,18,11,anssi_bp28_enhanced|anssi_bp28_high|anssi_bp28_intermediary|cis|cis_server_l1|cis_workstation_l1|cis_workstation_l2|ism_o|pci-dss|stig|stig_gui,xccdf_org.ssgproject.content_rule_file_owner_etc_group,Verify User Who Owns group File,xccdf_org.ssgproject.content_rule_file_groupowner_backup_etc_shadow,Verify User Who Owns Backup shadow File,medium,cis|cis_server_l1|cis_workstation_l1|cis_workstation_l2|pci-dss|stig|stig_gui,7,0.974,no
24,18,11,anssi_bp28_enhanced|anssi_bp28_high|anssi_bp28_intermediary|cis|cis_server_l1|cis_workstation_l1|cis_workstation_l2|ism_o|pci-dss|stig|stig_gui,xccdf_org.ssgproject.content_rule_file_owner_etc_group,Verify User Who Owns group File,xccdf_org.ssgproject.content_rule_file_owner_backup_etc_group,Verify User Who Owns Backup group File,medium,cis|cis_server_l1|cis_workstation_l1|cis_workstation_l2|pci-dss|stig|stig_gui,7,0.9904,no
24,18,11,anssi_bp28_enhanced|anssi_bp28_high|anssi_bp28_intermediary|cis|cis_server_l1|cis_workstation_l1|cis_workstation_l2|ism_o|pci-dss|stig|stig_gui,xccdf_org.ssgproject.content_rule_file_owner_etc_group,Verify User Who Owns group File,xccdf_org.ssgproject.content_rule_file_owner_backup_etc_passwd,Verify User Who Owns Backup passwd File,medium,cis|cis_server_l1|cis_workstation_l1|cis_workstation_l2|pci-dss|stig|stig_gui,7,0.9737,no
24,18,11,anssi_bp28_enhanced|anssi_bp28_high|anssi_bp28_intermediary|cis|cis_server_l1|cis_workstation_l1|cis_workstation_l2|ism_o|pci-dss|stig|stig_gui,xccdf_org.ssgproject.content_rule_file_owner_etc_group,Verify User Who Owns group File,xccdf_org.ssgproject.content_rule_file_owner_backup_etc_shadow,Verify Group Who Owns Backup shadow File,medium,cis|cis_server_l1|cis_workstation_l1|cis_workstation_l2|pci-dss|stig|stig_gui,7,0.9803,no
24,18,11,anssi_bp28_enhanced|anssi_bp28_high|anssi_bp28_intermediary|cis|cis_server_l1|cis_workstation_l1|cis_workstation_l2|ism_o|pci-dss|stig|stig_gui,xccdf_org.ssgproject.content_rule_file_owner_etc_group,Verify User Who Owns group File,xccdf_org.ssgproject.content_rule_file_permissions_backup_etc_group,Verify Permissions on Backup group File,medium,cis|cis_server_l1|cis_workstation_l1|cis_workstation_l2|pci-dss|stig|stig_gui,7,0.9632,no
24,18,11,anssi_bp28_enhanced|anssi_bp28_high|anssi_bp28_intermediary|cis|cis_server_l1|cis_workstation_l1|cis_workstation_l2|ism_o|pci-dss|stig|stig_gui,xccdf_org.ssgproject.content_rule_file_owner_etc_group,Verify User Who Owns group File,xccdf_org.ssgproject.content_rule_file_permissions_backup_etc_passwd,Verify Permissions on Backup passwd File,medium,cis|cis_server_l1|cis_workstation_l1|cis_workstation_l2|pci-dss|stig|stig_gui,7,0.9437,no
24,18,11,anssi_bp28_enhanced|anssi_bp28_high|anssi_bp28_intermediary|cis|cis_server_l1|cis_workstation_l1|cis_workstation_l2|ism_o|pci-dss|stig|stig_gui,xccdf_org.ssgproject.content_rule_file_owner_etc_group,Verify User Who Owns group File,xccdf_org.ssgproject.content_rule_file_permissions_backup_etc_shadow,Verify Permissions on Backup shadow File,medium,cis|cis_server_l1|cis_workstation_l1|cis_workstation_l2|pci-dss|stig|stig_gui,7,0.9532,no
24,18,11,anssi_bp28_enhanced|anssi_bp28_high|anssi_bp28_intermediary|cis|cis_server_l1|cis_workstation_l1|cis_workstation_l2|ism_o|pci-dss|stig|stig_gui,xccdf_org.ssgproject.content_rule_file_owner_etc_group,Verify User Who Owns group File,xccdf_org.ssgproject.content_rule_file_groupownership_sshd_private_key,Verify Group Ownership on SSH Server Private *_key Key Files,medium,anssi_bp28_enhanced|anssi_bp28_high|anssi_bp28_intermediary|cis|cis_server_l1|cis_workstation_l1|cis_workstation_l2,7,0.8969,no
24,18,11,anssi_bp28_enhanced|anssi_bp28_high|anssi_bp28_intermediary|cis|cis_server_l1|cis_workstation_l1|cis_workstation_l2|ism_o|pci-dss|stig|stig_gui,xccdf_org.ssgproject.content_rule_file_owner_etc_group,Verify User Who Owns group File,xccdf_org.ssgproject.content_rule_file_groupownership_sshd_pub_key,Verify Group Ownership on SSH Server Public *.pub Key Files,medium,anssi_bp28_enhanced|anssi_bp28_high|anssi_bp28_intermediary|cis|cis_server_l1|cis_workstation_l1|cis_workstation_l2,7,0.9098,no
24,18,11,anssi_bp28_enhanced|anssi_bp28_high|anssi_bp28_intermediary|cis|cis_server_l1|cis_workstation_l1|cis_workstation_l2|ism_o|pci-dss|stig|stig_gui,xccdf_org.ssgproject.content_rule_file_owner_etc_group,Verify User Who Owns group File,xccdf_org.ssgproject.content_rule_file_ownership_sshd_private_key,Verify Ownership on SSH Server Private *_key Key Files,medium,anssi_bp28_enhanced|anssi_bp28_high|anssi_bp28_intermediary|cis|cis_server_l1|cis_workstation_l1|cis_workstation_l2,7,0.9032,no
24,18,11,anssi_bp28_enhanced|anssi_bp28_high|anssi_bp28_intermediary|cis|cis_server_l1|cis_workstation_l1|cis_workstation_l2|ism_o|pci-dss|stig|stig_gui,xccdf_org.ssgproject.content_rule_file_owner_etc_group,Verify User Who Owns group File,xccdf_org.ssgproject.content_rule_file_ownership_sshd_pub_key,Verify Ownership on SSH Server Public *.pub Key Files,medium,anssi_bp28_enhanced|anssi_bp28_high|anssi_bp28_intermediary|cis|cis_server_l1|cis_workstation_l1|cis_workstation_l2,7,0.9057,no
24,18,11,anssi_bp28_enhanced|anssi_bp28_high|anssi_bp28_intermediary|cis|cis_server_l1|cis_workstation_l1|cis_workstation_l2|ism_o|pci-dss|stig|stig_gui,xccdf_org.ssgproject.content_rule_file_owner_etc_group,Verify User Who Owns group File,xccdf_org.ssgproject.content_rule_file_groupowner_etc_gshadow,Verify Group Who Owns gshadow File,medium,anssi_bp28_enhanced|anssi_bp28_high|anssi_bp28_intermediary|cis|cis_server_l1|cis_workstation_l1|cis_workstation_l2|stig|stig_gui,9,0.9663,no
24,18,11,anssi_bp28_enhanced|anssi_bp28_high|anssi_bp28_intermediary|cis|cis_server_l1|cis_workstation_l1|cis_workstation_l2|ism_o|pci-dss|stig|stig_gui,xccdf_org.ssgproject.content_rule_file_owner_etc_group,Verify User Who Owns group File,xccdf_org.ssgproject.content_rule_file_owner_etc_gshadow,Verify User Who Owns gshadow File,medium,anssi_bp28_enhanced|anssi_bp28_high|anssi_bp28_intermediary|cis|cis_server_l1|cis_workstation_l1|cis_workstation_l2|stig|stig_gui,9,0.9721,no
24,18,11,anssi_bp28_enhanced|anssi_bp28_high|anssi_bp28_intermediary|cis|cis_server_l1|cis_workstation_l1|cis_workstation_l2|ism_o|pci-dss|stig|stig_gui,xccdf_org.ssgproject.content_rule_file_owner_etc_group,Verify User Who Owns group File,xccdf_org.ssgproject.content_rule_file_permissions_etc_gshadow,Verify Permissions on gshadow File,medium,anssi_bp28_enhanced|anssi_bp28_high|anssi_bp28_intermediary|cis|cis_server_l1|cis_workstation_l1|cis_workstation_l2|stig|stig_gui,9,0.9452,no
24,18,11,anssi_bp28_enhanced|anssi_bp28_high|anssi_bp28_intermediary|cis|cis_server_l1|cis_workstation_l1|cis_workstation_l2|ism_o|pci-dss|stig|stig_gui,xccdf_org.ssgproject.content_rule_file_owner_etc_group,Verify User Who Owns group File,xccdf_org.ssgproject.content_rule_file_groupowner_etc_group,Verify Group Who Owns group File,medium,anssi_bp28_enhanced|anssi_bp28_high|anssi_bp28_intermediary|cis|cis_server_l1|cis_workstation_l1|cis_workstation_l2|pci-dss|stig|stig_gui,10,0.9914,no
24,18,11,anssi_bp28_enhanced|anssi_bp28_high|anssi_bp28_intermediary|cis|cis_server_l1|cis_workstation_l1|cis_workstation_l2|ism_o|pci-dss|stig|stig_gui,xccdf_org.ssgproject.content_rule_file_owner_etc_group,Verify User Who Owns group File,xccdf_org.ssgproject.content_rule_file_groupowner_etc_passwd,Verify Group Who Owns passwd File,medium,anssi_bp28_enhanced|anssi_bp28_high|anssi_bp28_intermediary|cis|cis_server_l1|cis_workstation_l1|cis_workstation_l2|pci-dss|stig|stig_gui,10,0.9755,no
24,18,11,anssi_bp28_enhanced|anssi_bp28_high|anssi_bp28_intermediary|cis|cis_server_l1|cis_workstation_l1|cis_workstation_l2|ism_o|pci-dss|stig|stig_gui,xccdf_org.ssgproject.content_rule_file_owner_etc_group,Verify User Who Owns group File,xccdf_org.ssgproject.content_rule_file_groupowner_etc_shadow,Verify Group Who Owns shadow File,medium,anssi_bp28_enhanced|anssi_bp28_high|anssi_bp28_intermediary|cis|cis_server_l1|cis_workstation_l1|cis_workstation_l2|pci-dss|stig|stig_gui,10,0.9811,no
24,18,11,anssi_bp28_enhanced|anssi_bp28_high|anssi_bp28_intermediary|cis|cis_server_l1|cis_workstation_l1|cis_workstation_l2|ism_o|pci-dss|stig|stig_gui,xccdf_org.ssgproject.content_rule_file_owner_etc_group,Verify User Who Owns group File,xccdf_org.ssgproject.content_rule_file_owner_etc_group,Verify User Who Owns group File,medium,anssi_bp28_enhanced|anssi_bp28_high|anssi_bp28_intermediary|cis|cis_server_l1|cis_workstation_l1|cis_workstation_l2|pci-dss|stig|stig_gui,10,1.0,yes
24,18,11,anssi_bp28_enhanced|anssi_bp28_high|anssi_bp28_intermediary|cis|cis_server_l1|cis_workstation_l1|cis_workstation_l2|ism_o|pci-dss|stig|stig_gui,xccdf_org.ssgproject.content_rule_file_owner_etc_group,Verify User Who Owns group File,xccdf_org.ssgproject.content_rule_file_owner_etc_passwd,Verify User Who Owns passwd File,medium,anssi_bp28_enhanced|anssi_bp28_high|anssi_bp28_intermediary|cis|cis_server_l1|cis_workstation_l1|cis_workstation_l2|pci-dss|stig|stig_gui,10,0.9766,no
24,18,11,anssi_bp28_enhanced|anssi_bp28_high|anssi_bp28_intermediary|cis|cis_server_l1|cis_workstation_l1|cis_workstation_l2|ism_o|pci-dss|stig|stig_gui,xccdf_org.ssgproject.content_rule_file_owner_etc_group,Verify User Who Owns group File,xccdf_org.ssgproject.content_rule_file_owner_etc_shadow,Verify User Who Owns shadow File,medium,anssi_bp28_enhanced|anssi_bp28_high|anssi_bp28_intermediary|cis|cis_server_l1|cis_workstation_l1|cis_workstation_l2|pci-dss|stig|stig_gui,10,0.9851,no
24,18,11,anssi_bp28_enhanced|anssi_bp28_high|anssi_bp28_intermediary|cis|cis_server_l1|cis_workstation_l1|cis_workstation_l2|ism_o|pci-dss|stig|stig_gui,xccdf_org.ssgproject.content_rule_file_owner_etc_group,Verify User Who Owns group File,xccdf_org.ssgproject.content_rule_file_permissions_etc_group,Verify Permissions on group File,medium,anssi_bp28_enhanced|anssi_bp28_high|anssi_bp28_intermediary|cis|cis_server_l1|cis_workstation_l1|cis_workstation_l2|pci-dss|stig|stig_gui,10,0.9694,no
24,18,11,anssi_bp28_enhanced|anssi_bp28_high|anssi_bp28_intermediary|cis|cis_server_l1|cis_workstation_l1|cis_workstation_l2|ism_o|pci-dss|stig|stig_gui,xccdf_org.ssgproject.content_rule_file_owner_etc_group,Verify User Who Owns group File,xccdf_org.ssgproject.content_rule_file_permissions_etc_passwd,Verify Permissions on passwd File,medium,anssi_bp28_enhanced|anssi_bp28_high|anssi_bp28_intermediary|cis|cis_server_l1|cis_workstation_l1|cis_workstation_l2|pci-dss|stig|stig_gui,10,0.9457,no
24,18,11,anssi_bp28_enhanced|anssi_bp28_high|anssi_bp28_intermediary|cis|cis_server_l1|cis_workstation_l1|cis_workstation_l2|ism_o|pci-dss|stig|stig_gui,xccdf_org.ssgproject.content_rule_file_owner_etc_group,Verify User Who Owns group File,xccdf_org.ssgproject.content_rule_file_permissions_etc_shadow,Verify Permissions on shadow File,medium,anssi_bp28_enhanced|anssi_bp28_high|anssi_bp28_intermediary|cis|cis_server_l1|cis_workstation_l1|cis_workstation_l2|pci-dss|stig|stig_gui,10,0.958,no
24,18,11,anssi_bp28_enhanced|anssi_bp28_high|anssi_bp28_intermediary|cis|cis_server_l1|cis_workstation_l1|cis_workstation_l2|ism_o|pci-dss|stig|stig_gui,xccdf_org.ssgproject.content_rule_file_owner_etc_group,Verify User Who Owns group File,xccdf_org.ssgproject.content_rule_file_permissions_sshd_pub_key,Verify Permissions on SSH Server Public *.pub Key Files,medium,anssi_bp28_enhanced|anssi_bp28_high|anssi_bp28_intermediary|cis|cis_server_l1|cis_workstation_l1|cis_workstation_l2|pci-dss|stig|stig_gui,10,0.9254,no
24,18,11,anssi_bp28_enhanced|anssi_bp28_high|anssi_bp28_intermediary|cis|cis_server_l1|cis_workstation_l1|cis_workstation_l2|ism_o|pci-dss|stig|stig_gui,xccdf_org.ssgproject.content_rule_file_owner_etc_group,Verify User Who Owns group File,xccdf_org.ssgproject.content_rule_file_permissions_sshd_private_key,Verify Permissions on SSH Server Private *_key Key Files,medium,anssi_bp28_enhanced|anssi_bp28_high|anssi_bp28_intermediary|cis|cis_server_l1|cis_workstation_l1|cis_workstation_l2|ism_o|pci-dss|stig|stig_gui,11,0.9037,no
25,5,8,anssi_bp28_enhanced|anssi_bp28_high|anssi_bp28_intermediary|cis|cis_workstation_l2|hipaa|stig|stig_gui,xccdf_org.ssgproject.content_rule_audit_rules_privileged_commands_chage,Ensure auditd Collects Information on the Use of Privileged Commands - chage,xccdf_org.ssgproject.content_rule_audit_rules_privileged_commands_at,Ensure auditd Collects Information on the Use of Privileged Commands - at,medium,,0,0.9984,no
25,5,8,anssi_bp28_enhanced|anssi_bp28_high|anssi_bp28_intermediary|cis|cis_workstation_l2|hipaa|stig|stig_gui,xccdf_org.ssgproject.content_rule_audit_rules_privileged_commands_chage,Ensure auditd Collects Information on the Use of Privileged Commands - chage,xccdf_org.ssgproject.content_rule_audit_rules_privileged_commands_newgidmap,Ensure auditd Collects Information on the Use of Privileged Commands - newgidmap,medium,,0,0.9983,no
25,5,8,anssi_bp28_enhanced|anssi_bp28_high|anssi_bp28_intermediary|cis|cis_workstation_l2|hipaa|stig|stig_gui,xccdf_org.ssgproject.content_rule_audit_rules_privileged_commands_chage,Ensure auditd Collects Information on the Use of Privileged Commands - chage,xccdf_org.ssgproject.content_rule_audit_rules_privileged_commands_newuidmap,Ensure auditd Collects Information on the Use of Privileged Commands - newuidmap,medium,,0,0.9978,no
25,5,8,anssi_bp28_enhanced|anssi_bp28_high|anssi_bp28_intermediary|cis|cis_workstation_l2|hipaa|stig|stig_gui,xccdf_org.ssgproject.content_rule_audit_rules_privileged_commands_chage,Ensure auditd Collects Information on the Use of Privileged Commands - chage,xccdf_org.ssgproject.content_rule_audit_rules_privileged_commands_pt_chown,Ensure auditd Collects Information on the Use of Privileged Commands - pt_chown,medium,,0,0.9965,no
25,5,8,anssi_bp28_enhanced|anssi_bp28_high|anssi_bp28_intermediary|cis|cis_workstation_l2|hipaa|stig|stig_gui,xccdf_org.ssgproject.content_rule_audit_rules_privileged_commands_chage,Ensure auditd Collects Information on the Use of Privileged Commands - chage,xccdf_org.ssgproject.content_rule_audit_rules_privileged_commands_usernetctl,Ensure auditd Collects Information on the Use of Privileged Commands - usernetctl,medium,,0,0.9967,no
25,5,8,anssi_bp28_enhanced|anssi_bp28_high|anssi_bp28_intermediary|cis|cis_workstation_l2|hipaa|stig|stig_gui,xccdf_org.ssgproject.content_rule_audit_rules_privileged_commands_chage,Ensure auditd Collects Information on the Use of Privileged Commands - chage,xccdf_org.ssgproject.content_rule_sssd_enable_smartcards,Enable Smartcards in SSSD,medium,stig|stig_gui,2,0.9326,no
25,5,8,anssi_bp28_enhanced|anssi_bp28_high|anssi_bp28_intermediary|cis|cis_workstation_l2|hipaa|stig|stig_gui,xccdf_org.ssgproject.content_rule_audit_rules_privileged_commands_chage,Ensure auditd Collects Information on the Use of Privileged Commands - chage,xccdf_org.ssgproject.content_rule_audit_rules_privileged_commands_mount,Ensure auditd Collects Information on the Use of Privileged Commands - mount,medium,stig|stig_gui,2,0.9974,no
25,5,8,anssi_bp28_enhanced|anssi_bp28_high|anssi_bp28_intermediary|cis|cis_workstation_l2|hipaa|stig|stig_gui,xccdf_org.ssgproject.content_rule_audit_rules_privileged_commands_chage,Ensure auditd Collects Information on the Use of Privileged Commands - chage,xccdf_org.ssgproject.content_rule_audit_rules_privileged_commands_unix_update,Ensure auditd Collects Information on the Use of Privileged Commands - unix_update,medium,stig|stig_gui,2,0.9969,no
25,5,8,anssi_bp28_enhanced|anssi_bp28_high|anssi_bp28_intermediary|cis|cis_workstation_l2|hipaa|stig|stig_gui,xccdf_org.ssgproject.content_rule_audit_rules_privileged_commands_chage,Ensure auditd Collects Information on the Use of Privileged Commands - chage,xccdf_org.ssgproject.content_rule_audit_rules_privileged_commands_chage,Ensure auditd Collects Information on the Use of Privileged Commands - chage,medium,hipaa|stig|stig_gui,3,1.0,yes
25,5,8,anssi_bp28_enhanced|anssi_bp28_high|anssi_bp28_intermediary|cis|cis_workstation_l2|hipaa|stig|stig_gui,xccdf_org.ssgproject.content_rule_audit_rules_privileged_commands_chage,Ensure auditd Collects Information on the Use of Privileged Commands - chage,xccdf_org.ssgproject.content_rule_audit_rules_privileged_commands_chsh,Ensure auditd Collects Information on the Use of Privileged Commands - chsh,medium,hipaa|stig|stig_gui,3,0.9987,no
25,5,8,anssi_bp28_enhanced|anssi_bp28_high|anssi_bp28_intermediary|cis|cis_workstation_l2|hipaa|stig|stig_gui,xccdf_org.ssgproject.content_rule_audit_rules_privileged_commands_chage,Ensure auditd Collects Information on the Use of Privileged Commands - chage,xccdf_org.ssgproject.content_rule_audit_rules_privileged_commands_crontab,Ensure auditd Collects Information on the Use of Privileged Commands - crontab,medium,hipaa|stig|stig_gui,3,0.998,no
25,5,8,anssi_bp28_enhanced|anssi_bp28_high|anssi_bp28_intermediary|cis|cis_workstation_l2|hipaa|stig|stig_gui,xccdf_org.ssgproject.content_rule_audit_rules_privileged_commands_chage,Ensure auditd Collects Information on the Use of Privileged Commands - chage,xccdf_org.ssgproject.content_rule_audit_rules_privileged_commands_gpasswd,Ensure auditd Collects Information on the Use of Privileged Commands - gpasswd,medium,hipaa|stig|stig_gui,3,0.9981,no
25,5,8,anssi_bp28_enhanced|anssi_bp28_high|anssi_bp28_intermediary|cis|cis_workstation_l2|hipaa|stig|stig_gui,xccdf_org.ssgproject.content_rule_audit_rules_privileged_commands_chage,Ensure auditd Collects Information on the Use of Privileged Commands - chage,xccdf_org.ssgproject.content_rule_audit_rules_privileged_commands_newgrp,Ensure auditd Collects Information on the Use of Privileged Commands - newgrp,medium,hipaa|stig|stig_gui,3,0.9982,no
25,5,8,anssi_bp28_enhanced|anssi_bp28_high|anssi_bp28_intermediary|cis|cis_workstation_l2|hipaa|stig|stig_gui,xccdf_org.ssgproject.content_rule_audit_rules_privileged_commands_chage,Ensure auditd Collects Information on the Use of Privileged Commands - chage,xccdf_org.ssgproject.content_rule_audit_rules_privileged_commands_pam_timestamp_check,Ensure auditd Collects Information on the Use of Privileged Commands - pam_timestamp_check,medium,hipaa|stig|stig_gui,3,0.9927,no
25,5,8,anssi_bp28_enhanced|anssi_bp28_high|anssi_bp28_intermediary|cis|cis_workstation_l2|hipaa|stig|stig_gui,xccdf_org.ssgproject.content_rule_audit_rules_privileged_commands_chage,Ensure auditd Collects Information on the Use of Privileged Commands - chage,xccdf_org.ssgproject.content_rule_audit_rules_privileged_commands_passwd,Ensure auditd Collects Information on the Use of Privileged Commands - passwd,medium,hipaa|stig|stig_gui,3,0.9984,no
25,5,8,anssi_bp28_enhanced|anssi_bp28_high|anssi_bp28_intermediary|cis|cis_workstation_l2|hipaa|stig|stig_gui,xccdf_org.ssgproject.content_rule_audit_rules_privileged_commands_chage,Ensure auditd Collects Information on the Use of Privileged Commands - chage,xccdf_org.ssgproject.content_rule_audit_rules_privileged_commands_postdrop,Ensure auditd Collects Information on the Use of Privileged Commands - postdrop,medium,hipaa|stig|stig_gui,3,0.9975,no
25,5,8,anssi_bp28_enhanced|anssi_bp28_high|anssi_bp28_intermediary|cis|cis_workstation_l2|hipaa|stig|stig_gui,xccdf_org.ssgproject.content_rule_audit_rules_privileged_commands_chage,Ensure auditd Collects Information on the Use of Privileged Commands - chage,xccdf_org.ssgproject.content_rule_audit_rules_privileged_commands_postqueue,Ensure auditd Collects Information on the Use of Privileged Commands - postqueue,medium,hipaa|stig|stig_gui,3,0.9976,no
25,5,8,anssi_bp28_enhanced|anssi_bp28_high|anssi_bp28_intermediary|cis|cis_workstation_l2|hipaa|stig|stig_gui,xccdf_org.ssgproject.content_rule_audit_rules_privileged_commands_chage,Ensure auditd Collects Information on the Use of Privileged Commands - chage,xccdf_org.ssgproject.content_rule_audit_rules_privileged_commands_ssh_keysign,Ensure auditd Collects Information on the Use of Privileged Commands - ssh-keysign,medium,hipaa|stig|stig_gui,3,0.9939,no
25,5,8,anssi_bp28_enhanced|anssi_bp28_high|anssi_bp28_intermediary|cis|cis_workstation_l2|hipaa|stig|stig_gui,xccdf_org.ssgproject.content_rule_audit_rules_privileged_commands_chage,Ensure auditd Collects Information on the Use of Privileged Commands - chage,xccdf_org.ssgproject.content_rule_audit_rules_privileged_commands_su,Ensure auditd Collects Information on the Use of Privileged Commands - su,medium,hipaa|stig|stig_gui,3,0.9986,no
25,5,8,anssi_bp28_enhanced|anssi_bp28_high|anssi_bp28_intermediary|cis|cis_workstation_l2|hipaa|stig|stig_gui,xccdf_org.ssgproject.content_rule_audit_rules_privileged_commands_chage,Ensure auditd Collects Information on the Use of Privileged Commands - chage,xccdf_org.ssgproject.content_rule_audit_rules_privileged_commands_sudoedit,Ensure auditd Collects Information on the Use of Privileged Commands - sudoedit,medium,hipaa|stig|stig_gui,3,0.9978,no
25,5,8,anssi_bp28_enhanced|anssi_bp28_high|anssi_bp28_intermediary|cis|cis_workstation_l2|hipaa|stig|stig_gui,xccdf_org.ssgproject.content_rule_audit_rules_privileged_commands_chage,Ensure auditd Collects Information on the Use of Privileged Commands - chage,xccdf_org.ssgproject.content_rule_audit_rules_privileged_commands_umount,Ensure auditd Collects Information on the Use of Privileged Commands - umount,medium,hipaa|stig|stig_gui,3,0.9984,no
25,5,8,anssi_bp28_enhanced|anssi_bp28_high|anssi_bp28_intermediary|cis|cis_workstation_l2|hipaa|stig|stig_gui,xccdf_org.ssgproject.content_rule_audit_rules_privileged_commands_chage,Ensure auditd Collects Information on the Use of Privileged Commands - chage,xccdf_org.ssgproject.content_rule_audit_rules_privileged_commands_unix_chkpwd,Ensure auditd Collects Information on the Use of Privileged Commands - unix_chkpwd,medium,hipaa|stig|stig_gui,3,0.996,no
25,5,8,anssi_bp28_enhanced|anssi_bp28_high|anssi_bp28_intermediary|cis|cis_workstation_l2|hipaa|stig|stig_gui,xccdf_org.ssgproject.content_rule_audit_rules_privileged_commands_chage,Ensure auditd Collects Information on the Use of Privileged Commands - chage,xccdf_org.ssgproject.content_rule_audit_rules_privileged_commands_userhelper,Ensure auditd Collects Information on the Use of Privileged Commands - userhelper,medium,hipaa|stig|stig_gui,3,0.9974,no
25,5,8,anssi_bp28_enhanced|anssi_bp28_high|anssi_bp28_intermediary|cis|cis_workstation_l2|hipaa|stig|stig_gui,xccdf_org.ssgproject.content_rule_audit_rules_privileged_commands_chage,Ensure auditd Collects Information on the Use of Privileged Commands - chage,xccdf_org.ssgproject.content_rule_audit_rules_privileged_commands_usermod,Ensure auditd Collects Information on the Use of Privileged Commands - usermod,medium,cis|cis_workstation_l2|stig|stig_gui,4,0.9973,no
25,5,8,anssi_bp28_enhanced|anssi_bp28_high|anssi_bp28_intermediary|cis|cis_workstation_l2|hipaa|stig|stig_gui,xccdf_org.ssgproject.content_rule_audit_rules_privileged_commands_chage,Ensure auditd Collects Information on the Use of Privileged Commands - chage,xccdf_org.ssgproject.content_rule_audit_rules_privileged_commands_kmod,Ensure auditd Collects Information on the Use of Privileged Commands - kmod,medium,anssi_bp28_enhanced|anssi_bp28_high|cis|cis_workstation_l2|stig|stig_gui,6,0.9986,no
25,5,8,anssi_bp28_enhanced|anssi_bp28_high|anssi_bp28_intermediary|cis|cis_workstation_l2|hipaa|stig|stig_gui,xccdf_org.ssgproject.content_rule_audit_rules_privileged_commands_chage,Ensure auditd Collects Information on the Use of Privileged Commands - chage,xccdf_org.ssgproject.content_rule_audit_rules_privileged_commands_sudo,Ensure auditd Collects Information on the Use of Privileged Commands - sudo,medium,anssi_bp28_enhanced|anssi_bp28_high|anssi_bp28_intermediary|hipaa|stig|stig_gui,6,0.9984,no
26,3,7,cis|cis_workstation_l2|e8|hipaa|ism_o|stig|stig_gui,xccdf_org.ssgproject.content_rule_audit_rules_execution_setsebool,Record Any Attempts to Run setsebool,xccdf_org.ssgproject.content_rule_audit_rules_successful_file_modification_open_by_handle_at_o_creat,Record Successful Creation Attempts to Files - open_by_handle_at O_CREAT,medium,,0,0.9738,no
26,3,7,cis|cis_workstation_l2|e8|hipaa|ism_o|stig|stig_gui,xccdf_org.ssgproject.content_rule_audit_rules_execution_setsebool,Record Any Attempts to Run setsebool,xccdf_org.ssgproject.content_rule_audit_rules_successful_file_modification_open_by_handle_at_o_trunc_write,Record Successful Creation Attempts to Files - open_by_handle_at O_TRUNC_WRITE,medium,,0,0.973,no
26,3,7,cis|cis_workstation_l2|e8|hipaa|ism_o|stig|stig_gui,xccdf_org.ssgproject.content_rule_audit_rules_execution_setsebool,Record Any Attempts to Run setsebool,xccdf_org.ssgproject.content_rule_audit_rules_successful_file_modification_open_o_creat,Record Successful Creation Attempts to Files - open O_CREAT,medium,,0,0.9799,no
26,3,7,cis|cis_workstation_l2|e8|hipaa|ism_o|stig|stig_gui,xccdf_org.ssgproject.content_rule_audit_rules_execution_setsebool,Record Any Attempts to Run setsebool,xccdf_org.ssgproject.content_rule_audit_rules_successful_file_modification_open_o_trunc_write,Record Successful Creation Attempts to Files - open O_TRUNC_WRITE,medium,,0,0.9802,no
26,3,7,cis|cis_workstation_l2|e8|hipaa|ism_o|stig|stig_gui,xccdf_org.ssgproject.content_rule_audit_rules_execution_setsebool,Record Any Attempts to Run setsebool,xccdf_org.ssgproject.content_rule_audit_rules_successful_file_modification_openat_o_creat,Record Successful Creation Attempts to Files - openat O_CREAT,medium,,0,0.9816,no
26,3,7,cis|cis_workstation_l2|e8|hipaa|ism_o|stig|stig_gui,xccdf_org.ssgproject.content_rule_audit_rules_execution_setsebool,Record Any Attempts to Run setsebool,xccdf_org.ssgproject.content_rule_audit_rules_successful_file_modification_openat_o_trunc_write,Record Successful Creation Attempts to Files - openat O_TRUNC_WRITE,medium,,0,0.981,no
26,3,7,cis|cis_workstation_l2|e8|hipaa|ism_o|stig|stig_gui,xccdf_org.ssgproject.content_rule_audit_rules_execution_setsebool,Record Any Attempts to Run setsebool,xccdf_org.ssgproject.content_rule_sudoers_validate_passwd,Ensure invoking users password for privilege escalation when using sudo,medium,stig|stig_gui,2,0.9063,no
26,3,7,cis|cis_workstation_l2|e8|hipaa|ism_o|stig|stig_gui,xccdf_org.ssgproject.content_rule_audit_rules_execution_setsebool,Record Any Attempts to Run setsebool,xccdf_org.ssgproject.content_rule_selinux_all_devicefiles_labeled,Ensure No Device Files are Unlabeled by SELinux,medium,stig|stig_gui,2,0.9257,no
26,3,7,cis|cis_workstation_l2|e8|hipaa|ism_o|stig|stig_gui,xccdf_org.ssgproject.content_rule_audit_rules_execution_setsebool,Record Any Attempts to Run setsebool,xccdf_org.ssgproject.content_rule_audit_rules_suid_auid_privilege_function,Record Events When Executables Are Run As Another User,medium,cis|cis_workstation_l2,2,0.9651,no
26,3,7,cis|cis_workstation_l2|e8|hipaa|ism_o|stig|stig_gui,xccdf_org.ssgproject.content_rule_audit_rules_execution_setsebool,Record Any Attempts to Run setsebool,xccdf_org.ssgproject.content_rule_audit_rules_dac_modification_umount,Record Events that Modify the System's Discretionary Access Controls - umount,medium,stig|stig_gui,2,0.9871,no
26,3,7,cis|cis_workstation_l2|e8|hipaa|ism_o|stig|stig_gui,xccdf_org.ssgproject.content_rule_audit_rules_execution_setsebool,Record Any Attempts to Run setsebool,xccdf_org.ssgproject.content_rule_audit_rules_execution_seunshare,Record Any Attempts to Run seunshare,medium,e8|ism_o,2,0.9961,no
26,3,7,cis|cis_workstation_l2|e8|hipaa|ism_o|stig|stig_gui,xccdf_org.ssgproject.content_rule_audit_rules_execution_setsebool,Record Any Attempts to Run setsebool,xccdf_org.ssgproject.content_rule_audit_rules_privileged_commands_ssh_agent,Record Any Attempts to Run ssh-agent,medium,stig|stig_gui,2,0.9904,no
26,3,7,cis|cis_workstation_l2|e8|hipaa|ism_o|stig|stig_gui,xccdf_org.ssgproject.content_rule_audit_rules_execution_setsebool,Record Any Attempts to Run setsebool,xccdf_org.ssgproject.content_rule_audit_rules_execution_restorecon,Record Any Attempts to Run restorecon,medium,e8|hipaa|ism_o,3,0.9959,no
26,3,7,cis|cis_workstation_l2|e8|hipaa|ism_o|stig|stig_gui,xccdf_org.ssgproject.content_rule_audit_rules_execution_setsebool,Record Any Attempts to Run setsebool,xccdf_org.ssgproject.content_rule_audit_rules_execution_chacl,Record Any Attempts to Run chacl,medium,cis|cis_workstation_l2|stig|stig_gui,4,0.9957,no
26,3,7,cis|cis_workstation_l2|e8|hipaa|ism_o|stig|stig_gui,xccdf_org.ssgproject.content_rule_audit_rules_execution_setsebool,Record Any Attempts to Run setsebool,xccdf_org.ssgproject.content_rule_audit_rules_execution_setfacl,Record Any Attempts to Run setfacl,medium,cis|cis_workstation_l2|stig|stig_gui,4,0.9966,no
26,3,7,cis|cis_workstation_l2|e8|hipaa|ism_o|stig|stig_gui,xccdf_org.ssgproject.content_rule_audit_rules_execution_setsebool,Record Any Attempts to Run setsebool,xccdf_org.ssgproject.content_rule_audit_rules_execution_setfiles,Record Any Attempts to Run setfiles,medium,e8|ism_o|stig|stig_gui,4,0.9971,no
26,3,7,cis|cis_workstation_l2|e8|hipaa|ism_o|stig|stig_gui,xccdf_org.ssgproject.content_rule_audit_rules_execution_setsebool,Record Any Attempts to Run setsebool,xccdf_org.ssgproject.content_rule_audit_rules_execution_semanage,Record Any Attempts to Run semanage,medium,e8|hipaa|ism_o|stig|stig_gui,5,0.9965,no
26,3,7,cis|cis_workstation_l2|e8|hipaa|ism_o|stig|stig_gui,xccdf_org.ssgproject.content_rule_audit_rules_execution_setsebool,Record Any Attempts to Run setsebool,xccdf_org.ssgproject.content_rule_audit_rules_execution_setsebool,Record Any Attempts to Run setsebool,medium,e8|hipaa|ism_o|stig|stig_gui,5,1.0,yes
26,3,7,cis|cis_workstation_l2|e8|hipaa|ism_o|stig|stig_gui,xccdf_org.ssgproject.content_rule_audit_rules_execution_setsebool,Record Any Attempts to Run setsebool,xccdf_org.ssgproject.content_rule_audit_rules_execution_chcon,Record Any Attempts to Run chcon,medium,cis|cis_workstation_l2|e8|hipaa|ism_o|stig|stig_gui,7,0.9958,no
27,16,7,cis|cis_server_l1|cis_workstation_l1|cis_workstation_l2|pci-dss|stig|stig_gui,xccdf_org.ssgproject.content_rule_file_groupowner_cron_daily,Verify Group Who Owns cron.daily,xccdf_org.ssgproject.content_rule_file_groupowner_cron_deny,Verify Group Who Owns cron.deny,medium,stig|stig_gui,2,0.9821,no
27,16,7,cis|cis_server_l1|cis_workstation_l1|cis_workstation_l2|pci-dss|stig|stig_gui,xccdf_org.ssgproject.content_rule_file_groupowner_cron_daily,Verify Group Who Owns cron.daily,xccdf_org.ssgproject.content_rule_file_owner_cron_deny,Verify Owner on cron.deny,medium,stig|stig_gui,2,0.9687,no
27,16,7,cis|cis_server_l1|cis_workstation_l1|cis_workstation_l2|pci-dss|stig|stig_gui,xccdf_org.ssgproject.content_rule_file_groupowner_cron_daily,Verify Group Who Owns cron.daily,xccdf_org.ssgproject.content_rule_file_cron_allow_exists,Ensure that /etc/cron.allow exists,medium,cis|cis_server_l1|cis_workstation_l1|cis_workstation_l2,4,0.9063,no
27,16,7,cis|cis_server_l1|cis_workstation_l1|cis_workstation_l2|pci-dss|stig|stig_gui,xccdf_org.ssgproject.content_rule_file_groupowner_cron_daily,Verify Group Who Owns cron.daily,xccdf_org.ssgproject.content_rule_file_at_deny_not_exist,Ensure that /etc/at.deny does not exist,medium,cis|cis_server_l1|cis_workstation_l1|cis_workstation_l2|pci-dss,5,0.8816,no
27,16,7,cis|cis_server_l1|cis_workstation_l1|cis_workstation_l2|pci-dss|stig|stig_gui,xccdf_org.ssgproject.content_rule_file_groupowner_cron_daily,Verify Group Who Owns cron.daily,xccdf_org.ssgproject.content_rule_file_cron_deny_not_exist,Ensure that /etc/cron.deny does not exist,medium,cis|cis_server_l1|cis_workstation_l1|cis_workstation_l2|pci-dss,5,0.9005,no
27,16,7,cis|cis_server_l1|cis_workstation_l1|cis_workstation_l2|pci-dss|stig|stig_gui,xccdf_org.ssgproject.content_rule_file_groupowner_cron_daily,Verify Group Who Owns cron.daily,xccdf_org.ssgproject.content_rule_file_groupowner_at_allow,Verify Group Who Owns /etc/at.allow file,medium,cis|cis_server_l1|cis_workstation_l1|cis_workstation_l2|pci-dss,5,0.9451,no
27,16,7,cis|cis_server_l1|cis_workstation_l1|cis_workstation_l2|pci-dss|stig|stig_gui,xccdf_org.ssgproject.content_rule_file_groupowner_cron_daily,Verify Group Who Owns cron.daily,xccdf_org.ssgproject.content_rule_file_groupowner_cron_allow,Verify Group Who Owns /etc/cron.allow file,medium,cis|cis_server_l1|cis_workstation_l1|cis_workstation_l2|pci-dss,5,0.9592,no
27,16,7,cis|cis_server_l1|cis_workstation_l1|cis_workstation_l2|pci-dss|stig|stig_gui,xccdf_org.ssgproject.content_rule_file_groupowner_cron_daily,Verify Group Who Owns cron.daily,xccdf_org.ssgproject.content_rule_file_owner_cron_allow,Verify User Who Owns /etc/cron.allow file,medium,cis|cis_server_l1|cis_workstation_l1|cis_workstation_l2|pci-dss,5,0.9498,no
27,16,7,cis|cis_server_l1|cis_workstation_l1|cis_workstation_l2|pci-dss|stig|stig_gui,xccdf_org.ssgproject.content_rule_file_groupowner_cron_daily,Verify Group Who Owns cron.daily,xccdf_org.ssgproject.content_rule_file_permissions_at_allow,Verify Permissions on /etc/at.allow file,medium,cis|cis_server_l1|cis_workstation_l1|cis_workstation_l2|pci-dss,5,0.9214,no
27,16,7,cis|cis_server_l1|cis_workstation_l1|cis_workstation_l2|pci-dss|stig|stig_gui,xccdf_org.ssgproject.content_rule_file_groupowner_cron_daily,Verify Group Who Owns cron.daily,xccdf_org.ssgproject.content_rule_file_permissions_cron_allow,Verify Permissions on /etc/cron.allow file,medium,cis|cis_server_l1|cis_workstation_l1|cis_workstation_l2|pci-dss,5,0.9345,no
27,16,7,cis|cis_server_l1|cis_workstation_l1|cis_workstation_l2|pci-dss|stig|stig_gui,xccdf_org.ssgproject.content_rule_file_groupowner_cron_daily,Verify Group Who Owns cron.daily,xccdf_org.ssgproject.content_rule_file_groupowner_cron_d,Verify Group Who Owns cron.d,medium,cis|cis_server_l1|cis_workstation_l1|cis_workstation_l2|pci-dss|stig|stig_gui,7,0.9788,no
27,16,7,cis|cis_server_l1|cis_workstation_l1|cis_workstation_l2|pci-dss|stig|stig_gui,xccdf_org.ssgproject.content_rule_file_groupowner_cron_daily,Verify Group Who Owns cron.daily,xccdf_org.ssgproject.content_rule_file_groupowner_cron_daily,Verify Group Who Owns cron.daily,medium,cis|cis_server_l1|cis_workstation_l1|cis_workstation_l2|pci-dss|stig|stig_gui,7,1.0,yes
27,16,7,cis|cis_server_l1|cis_workstation_l1|cis_workstation_l2|pci-dss|stig|stig_gui,xccdf_org.ssgproject.content_rule_file_groupowner_cron_daily,Verify Group Who Owns cron.daily,xccdf_org.ssgproject.content_rule_file_groupowner_cron_hourly,Verify Group Who Owns cron.hourly,medium,cis|cis_server_l1|cis_workstation_l1|cis_workstation_l2|pci-dss|stig|stig_gui,7,0.9905,no
27,16,7,cis|cis_server_l1|cis_workstation_l1|cis_workstation_l2|pci-dss|stig|stig_gui,xccdf_org.ssgproject.content_rule_file_groupowner_cron_daily,Verify Group Who Owns cron.daily,xccdf_org.ssgproject.content_rule_file_groupowner_cron_monthly,Verify Group Who Owns cron.monthly,medium,cis|cis_server_l1|cis_workstation_l1|cis_workstation_l2|pci-dss|stig|stig_gui,7,0.9932,no
27,16,7,cis|cis_server_l1|cis_workstation_l1|cis_workstation_l2|pci-dss|stig|stig_gui,xccdf_org.ssgproject.content_rule_file_groupowner_cron_daily,Verify Group Who Owns cron.daily,xccdf_org.ssgproject.content_rule_file_groupowner_cron_weekly,Verify Group Who Owns cron.weekly,medium,cis|cis_server_l1|cis_workstation_l1|cis_workstation_l2|pci-dss|stig|stig_gui,7,0.9938,no
27,16,7,cis|cis_server_l1|cis_workstation_l1|cis_workstation_l2|pci-dss|stig|stig_gui,xccdf_org.ssgproject.content_rule_file_groupowner_cron_daily,Verify Group Who Owns cron.daily,xccdf_org.ssgproject.content_rule_file_groupowner_crontab,Verify Group Who Owns Crontab,medium,cis|cis_server_l1|cis_workstation_l1|cis_workstation_l2|pci-dss|stig|stig_gui,7,0.968,no
27,16,7,cis|cis_server_l1|cis_workstation_l1|cis_workstation_l2|pci-dss|stig|stig_gui,xccdf_org.ssgproject.content_rule_file_groupowner_cron_daily,Verify Group Who Owns cron.daily,xccdf_org.ssgproject.content_rule_file_owner_cron_d,Verify Owner on cron.d,medium,cis|cis_server_l1|cis_workstation_l1|cis_workstation_l2|pci-dss|stig|stig_gui,7,0.9656,no
27,16,7,cis|cis_server_l1|cis_workstation_l1|cis_workstation_l2|pci-dss|stig|stig_gui,xccdf_org.ssgproject.content_rule_file_groupowner_cron_daily,Verify Group Who Owns cron.daily,xccdf_org.ssgproject.content_rule_file_owner_cron_daily,Verify Owner on cron.daily,medium,cis|cis_server_l1|cis_workstation_l1|cis_workstation_l2|pci-dss|stig|stig_gui,7,0.9851,no
27,16,7,cis|cis_server_l1|cis_workstation_l1|cis_workstation_l2|pci-dss|stig|stig_gui,xccdf_org.ssgproject.content_rule_file_groupowner_cron_daily,Verify Group Who Owns cron.daily,xccdf_org.ssgproject.content_rule_file_owner_cron_hourly,Verify Owner on cron.hourly,medium,cis|cis_server_l1|cis_workstation_l1|cis_workstation_l2|pci-dss|stig|stig_gui,7,0.9779,no
27,16,7,cis|cis_server_l1|cis_workstation_l1|cis_workstation_l2|pci-dss|stig|stig_gui,xccdf_org.ssgproject.content_rule_file_groupowner_cron_daily,Verify Group Who Owns cron.daily,xccdf_org.ssgproject.content_rule_file_owner_cron_monthly,Verify Owner on cron.monthly,medium,cis|cis_server_l1|cis_workstation_l1|cis_workstation_l2|pci-dss|stig|stig_gui,7,0.9804,no
27,16,7,cis|cis_server_l1|cis_workstation_l1|cis_workstation_l2|pci-dss|stig|stig_gui,xccdf_org.ssgproject.content_rule_file_groupowner_cron_daily,Verify Group Who Owns cron.daily,xccdf_org.ssgproject.content_rule_file_owner_cron_weekly,Verify Owner on cron.weekly,medium,cis|cis_server_l1|cis_workstation_l1|cis_workstation_l2|pci-dss|stig|stig_gui,7,0.9801,no
27,16,7,cis|cis_server_l1|cis_workstation_l1|cis_workstation_l2|pci-dss|stig|stig_gui,xccdf_org.ssgproject.content_rule_file_groupowner_cron_daily,Verify Group Who Owns cron.daily,xccdf_org.ssgproject.content_rule_file_owner_crontab,Verify Owner on crontab,medium,cis|cis_server_l1|cis_workstation_l1|cis_workstation_l2|pci-dss|stig|stig_gui,7,0.9585,no
27,16,7,cis|cis_server_l1|cis_workstation_l1|cis_workstation_l2|pci-dss|stig|stig_gui,xccdf_org.ssgproject.content_rule_file_groupowner_cron_daily,Verify Group Who Owns cron.daily,xccdf_org.ssgproject.content_rule_file_permissions_cron_d,Verify Permissions on cron.d,medium,cis|cis_server_l1|cis_workstation_l1|cis_workstation_l2|pci-dss|stig|stig_gui,7,0.9567,no
27,16,7,cis|cis_server_l1|cis_workstation_l1|cis_workstation_l2|pci-dss|stig|stig_gui,xccdf_org.ssgproject.content_rule_file_groupowner_cron_daily,Verify Group Who Owns cron.daily,xccdf_org.ssgproject.content_rule_file_permissions_cron_daily,Verify Permissions on cron.daily,medium,cis|cis_server_l1|cis_workstation_l1|cis_workstation_l2|pci-dss|stig|stig_gui,7,0.9745,no
27,16,7,cis|cis_server_l1|cis_workstation_l1|cis_workstation_l2|pci-dss|stig|stig_gui,xccdf_org.ssgproject.content_rule_file_groupowner_cron_daily,Verify Group Who Owns cron.daily,xccdf_org.ssgproject.content_rule_file_permissions_cron_hourly,Verify Permissions on cron.hourly,medium,cis|cis_server_l1|cis_workstation_l1|cis_workstation_l2|pci-dss|stig|stig_gui,7,0.9651,no
27,16,7,cis|cis_server_l1|cis_workstation_l1|cis_workstation_l2|pci-dss|stig|stig_gui,xccdf_org.ssgproject.content_rule_file_groupowner_cron_daily,Verify Group Who Owns cron.daily,xccdf_org.ssgproject.content_rule_file_permissions_cron_monthly,Verify Permissions on cron.monthly,medium,cis|cis_server_l1|cis_workstation_l1|cis_workstation_l2|pci-dss|stig|stig_gui,7,0.9704,no
27,16,7,cis|cis_server_l1|cis_workstation_l1|cis_workstation_l2|pci-dss|stig|stig_gui,xccdf_org.ssgproject.content_rule_file_groupowner_cron_daily,Verify Group Who Owns cron.daily,xccdf_org.ssgproject.content_rule_file_permissions_cron_weekly,Verify Permissions on cron.weekly,medium,cis|cis_server_l1|cis_workstation_l1|cis_workstation_l2|pci-dss|stig|stig_gui,7,0.9715,no
27,16,7,cis|cis_server_l1|cis_workstation_l1|cis_workstation_l2|pci-dss|stig|stig_gui,xccdf_org.ssgproject.content_rule_file_groupowner_cron_daily,Verify Group Who Owns cron.daily,xccdf_org.ssgproject.content_rule_file_permissions_crontab,Verify Permissions on crontab,medium,cis|cis_server_l1|cis_workstation_l1|cis_workstation_l2|pci-dss|stig|stig_gui,7,0.9497,no
28,13,5,anssi_bp28_enhanced|anssi_bp28_high|anssi_bp28_intermediary|hipaa|ism_o,xccdf_org.ssgproject.content_rule_sebool_mpd_use_nfs,Disable the mpd_use_nfs SELinux Boolean,xccdf_org.ssgproject.content_rule_sebool_antivirus_can_scan_system,Enable the antivirus_can_scan_system SELinux Boolean,medium,,0,0.9499,no
28,13,5,anssi_bp28_enhanced|anssi_bp28_high|anssi_bp28_intermediary|hipaa|ism_o,xccdf_org.ssgproject.content_rule_sebool_mpd_use_nfs,Disable the mpd_use_nfs SELinux Boolean,xccdf_org.ssgproject.content_rule_sebool_antivirus_use_jit,Disable the antivirus_use_jit SELinux Boolean,medium,,0,0.9667,no
28,13,5,anssi_bp28_enhanced|anssi_bp28_high|anssi_bp28_intermediary|hipaa|ism_o,xccdf_org.ssgproject.content_rule_sebool_mpd_use_nfs,Disable the mpd_use_nfs SELinux Boolean,xccdf_org.ssgproject.content_rule_sebool_authlogin_nsswitch_use_ldap,Disable the authlogin_nsswitch_use_ldap SELinux Boolean,medium,,0,0.9484,no
28,13,5,anssi_bp28_enhanced|anssi_bp28_high|anssi_bp28_intermediary|hipaa|ism_o,xccdf_org.ssgproject.content_rule_sebool_mpd_use_nfs,Disable the mpd_use_nfs SELinux Boolean,xccdf_org.ssgproject.content_rule_sebool_authlogin_radius,Disable the authlogin_radius SELinux Boolean,medium,,0,0.9531,no
28,13,5,anssi_bp28_enhanced|anssi_bp28_high|anssi_bp28_intermediary|hipaa|ism_o,xccdf_org.ssgproject.content_rule_sebool_mpd_use_nfs,Disable the mpd_use_nfs SELinux Boolean,xccdf_org.ssgproject.content_rule_sebool_authlogin_yubikey,Disable the authlogin_yubikey SELinux Boolean,medium,,0,0.9441,no
28,13,5,anssi_bp28_enhanced|anssi_bp28_high|anssi_bp28_intermediary|hipaa|ism_o,xccdf_org.ssgproject.content_rule_sebool_mpd_use_nfs,Disable the mpd_use_nfs SELinux Boolean,xccdf_org.ssgproject.content_rule_sebool_awstats_purge_apache_log_files,Disable the awstats_purge_apache_log_files SELinux Boolean,medium,,0,0.9462,no
28,13,5,anssi_bp28_enhanced|anssi_bp28_high|anssi_bp28_intermediary|hipaa|ism_o,xccdf_org.ssgproject.content_rule_sebool_mpd_use_nfs,Disable the mpd_use_nfs SELinux Boolean,xccdf_org.ssgproject.content_rule_sebool_boinc_execmem,Disable the boinc_execmem SELinux Boolean,medium,,0,0.9424,no
28,13,5,anssi_bp28_enhanced|anssi_bp28_high|anssi_bp28_intermediary|hipaa|ism_o,xccdf_org.ssgproject.content_rule_sebool_mpd_use_nfs,Disable the mpd_use_nfs SELinux Boolean,xccdf_org.ssgproject.content_rule_sebool_cdrecord_read_content,Disable the cdrecord_read_content SELinux Boolean,medium,,0,0.9581,no
28,13,5,anssi_bp28_enhanced|anssi_bp28_high|anssi_bp28_intermediary|hipaa|ism_o,xccdf_org.ssgproject.content_rule_sebool_mpd_use_nfs,Disable the mpd_use_nfs SELinux Boolean,xccdf_org.ssgproject.content_rule_sebool_cluster_can_network_connect,Disable the cluster_can_network_connect SELinux Boolean,medium,,0,0.9656,no
28,13,5,anssi_bp28_enhanced|anssi_bp28_high|anssi_bp28_intermediary|hipaa|ism_o,xccdf_org.ssgproject.content_rule_sebool_mpd_use_nfs,Disable the mpd_use_nfs SELinux Boolean,xccdf_org.ssgproject.content_rule_sebool_cluster_manage_all_files,Disable the cluster_manage_all_files SELinux Boolean,medium,,0,0.9608,no
28,13,5,anssi_bp28_enhanced|anssi_bp28_high|anssi_bp28_intermediary|hipaa|ism_o,xccdf_org.ssgproject.content_rule_sebool_mpd_use_nfs,Disable the mpd_use_nfs SELinux Boolean,xccdf_org.ssgproject.content_rule_sebool_cluster_use_execmem,Disable the cluster_use_execmem SELinux Boolean,medium,,0,0.9647,no
28,13,5,anssi_bp28_enhanced|anssi_bp28_high|anssi_bp28_intermediary|hipaa|ism_o,xccdf_org.ssgproject.content_rule_sebool_mpd_use_nfs,Disable the mpd_use_nfs SELinux Boolean,xccdf_org.ssgproject.content_rule_sebool_cobbler_anon_write,Disable the cobbler_anon_write SELinux Boolean,medium,,0,0.9579,no
28,13,5,anssi_bp28_enhanced|anssi_bp28_high|anssi_bp28_intermediary|hipaa|ism_o,xccdf_org.ssgproject.content_rule_sebool_mpd_use_nfs,Disable the mpd_use_nfs SELinux Boolean,xccdf_org.ssgproject.content_rule_sebool_cobbler_can_network_connect,Disable the cobbler_can_network_connect SELinux Boolean,medium,,0,0.9581,no
28,13,5,anssi_bp28_enhanced|anssi_bp28_high|anssi_bp28_intermediary|hipaa|ism_o,xccdf_org.ssgproject.content_rule_sebool_mpd_use_nfs,Disable the mpd_use_nfs SELinux Boolean,xccdf_org.ssgproject.content_rule_sebool_cobbler_use_cifs,Disable the cobbler_use_cifs SELinux Boolean,medium,,0,0.9685,no
28,13,5,anssi_bp28_enhanced|anssi_bp28_high|anssi_bp28_intermediary|hipaa|ism_o,xccdf_org.ssgproject.content_rule_sebool_mpd_use_nfs,Disable the mpd_use_nfs SELinux Boolean,xccdf_org.ssgproject.content_rule_sebool_cobbler_use_nfs,Disable the cobbler_use_nfs SELinux Boolean,medium,,0,0.9781,no
28,13,5,anssi_bp28_enhanced|anssi_bp28_high|anssi_bp28_intermediary|hipaa|ism_o,xccdf_org.ssgproject.content_rule_sebool_mpd_use_nfs,Disable the mpd_use_nfs SELinux Boolean,xccdf_org.ssgproject.content_rule_sebool_collectd_tcp_network_connect,Disable the collectd_tcp_network_connect SELinux Boolean,medium,,0,0.9588,no
28,13,5,anssi_bp28_enhanced|anssi_bp28_high|anssi_bp28_intermediary|hipaa|ism_o,xccdf_org.ssgproject.content_rule_sebool_mpd_use_nfs,Disable the mpd_use_nfs SELinux Boolean,xccdf_org.ssgproject.content_rule_sebool_condor_tcp_network_connect,Disable the condor_tcp_network_connect SELinux Boolean,medium,,0,0.9582,no
28,13,5,anssi_bp28_enhanced|anssi_bp28_high|anssi_bp28_intermediary|hipaa|ism_o,xccdf_org.ssgproject.content_rule_sebool_mpd_use_nfs,Disable the mpd_use_nfs SELinux Boolean,xccdf_org.ssgproject.content_rule_sebool_conman_can_network,Disable the conman_can_network SELinux Boolean,medium,,0,0.9694,no
28,13,5,anssi_bp28_enhanced|anssi_bp28_high|anssi_bp28_intermediary|hipaa|ism_o,xccdf_org.ssgproject.content_rule_sebool_mpd_use_nfs,Disable the mpd_use_nfs SELinux Boolean,xccdf_org.ssgproject.content_rule_sebool_cron_can_relabel,Disable the cron_can_relabel SELinux Boolean,medium,,0,0.9613,no
28,13,5,anssi_bp28_enhanced|anssi_bp28_high|anssi_bp28_intermediary|hipaa|ism_o,xccdf_org.ssgproject.content_rule_sebool_mpd_use_nfs,Disable the mpd_use_nfs SELinux Boolean,xccdf_org.ssgproject.content_rule_sebool_cron_system_cronjob_use_shares,Disable the cron_system_cronjob_use_shares SELinux Boolean,medium,,0,0.9463,no
28,13,5,anssi_bp28_enhanced|anssi_bp28_high|anssi_bp28_intermediary|hipaa|ism_o,xccdf_org.ssgproject.content_rule_sebool_mpd_use_nfs,Disable the mpd_use_nfs SELinux Boolean,xccdf_org.ssgproject.content_rule_sebool_cron_userdomain_transition,Enable the cron_userdomain_transition SELinux Boolean,medium,,0,0.9377,no
28,13,5,anssi_bp28_enhanced|anssi_bp28_high|anssi_bp28_intermediary|hipaa|ism_o,xccdf_org.ssgproject.content_rule_sebool_mpd_use_nfs,Disable the mpd_use_nfs SELinux Boolean,xccdf_org.ssgproject.content_rule_sebool_cups_execmem,Disable the cups_execmem SELinux Boolean,medium,,0,0.956,no
28,13,5,anssi_bp28_enhanced|anssi_bp28_high|anssi_bp28_intermediary|hipaa|ism_o,xccdf_org.ssgproject.content_rule_sebool_mpd_use_nfs,Disable the mpd_use_nfs SELinux Boolean,xccdf_org.ssgproject.content_rule_sebool_cvs_read_shadow,Disable the cvs_read_shadow SELinux Boolean,medium,,0,0.9684,no
28,13,5,anssi_bp28_enhanced|anssi_bp28_high|anssi_bp28_intermediary|hipaa|ism_o,xccdf_org.ssgproject.content_rule_sebool_mpd_use_nfs,Disable the mpd_use_nfs SELinux Boolean,xccdf_org.ssgproject.content_rule_sebool_daemons_dump_core,Disable the daemons_dump_core SELinux Boolean,medium,,0,0.9646,no
28,13,5,anssi_bp28_enhanced|anssi_bp28_high|anssi_bp28_intermediary|hipaa|ism_o,xccdf_org.ssgproject.content_rule_sebool_mpd_use_nfs,Disable the mpd_use_nfs SELinux Boolean,xccdf_org.ssgproject.content_rule_sebool_daemons_enable_cluster_mode,Disable the daemons_enable_cluster_mode SELinux Boolean,medium,,0,0.9606,no
28,13,5,anssi_bp28_enhanced|anssi_bp28_high|anssi_bp28_intermediary|hipaa|ism_o,xccdf_org.ssgproject.content_rule_sebool_mpd_use_nfs,Disable the mpd_use_nfs SELinux Boolean,xccdf_org.ssgproject.content_rule_sebool_daemons_use_tcp_wrapper,Disable the daemons_use_tcp_wrapper SELinux Boolean,medium,,0,0.9628,no
28,13,5,anssi_bp28_enhanced|anssi_bp28_high|anssi_bp28_intermediary|hipaa|ism_o,xccdf_org.ssgproject.content_rule_sebool_mpd_use_nfs,Disable the mpd_use_nfs SELinux Boolean,xccdf_org.ssgproject.content_rule_sebool_daemons_use_tty,Disable the daemons_use_tty SELinux Boolean,medium,,0,0.9651,no
28,13,5,anssi_bp28_enhanced|anssi_bp28_high|anssi_bp28_intermediary|hipaa|ism_o,xccdf_org.ssgproject.content_rule_sebool_mpd_use_nfs,Disable the mpd_use_nfs SELinux Boolean,xccdf_org.ssgproject.content_rule_sebool_dbadm_exec_content,Enable the dbadm_exec_content SELinux Boolean,medium,,0,0.9526,no
28,13,5,anssi_bp28_enhanced|anssi_bp28_high|anssi_bp28_intermediary|hipaa|ism_o,xccdf_org.ssgproject.content_rule_sebool_mpd_use_nfs,Disable the mpd_use_nfs SELinux Boolean,xccdf_org.ssgproject.content_rule_sebool_dbadm_manage_user_files,Disable the dbadm_manage_user_files SELinux Boolean,medium,,0,0.9534,no
28,13,5,anssi_bp28_enhanced|anssi_bp28_high|anssi_bp28_intermediary|hipaa|ism_o,xccdf_org.ssgproject.content_rule_sebool_mpd_use_nfs,Disable the mpd_use_nfs SELinux Boolean,xccdf_org.ssgproject.content_rule_sebool_dbadm_read_user_files,Disable the dbadm_read_user_files SELinux Boolean,medium,,0,0.9624,no
28,13,5,anssi_bp28_enhanced|anssi_bp28_high|anssi_bp28_intermediary|hipaa|ism_o,xccdf_org.ssgproject.content_rule_sebool_mpd_use_nfs,Disable the mpd_use_nfs SELinux Boolean,xccdf_org.ssgproject.content_rule_sebool_deny_ptrace,Disable the deny_ptrace SELinux Boolean,medium,,0,0.9535,no
28,13,5,anssi_bp28_enhanced|anssi_bp28_high|anssi_bp28_intermediary|hipaa|ism_o,xccdf_org.ssgproject.content_rule_sebool_mpd_use_nfs,Disable the mpd_use_nfs SELinux Boolean,xccdf_org.ssgproject.content_rule_sebool_dhcpc_exec_iptables,Disable the dhcpc_exec_iptables SELinux Boolean,medium,,0,0.9394,no
28,13,5,anssi_bp28_enhanced|anssi_bp28_high|anssi_bp28_intermediary|hipaa|ism_o,xccdf_org.ssgproject.content_rule_sebool_mpd_use_nfs,Disable the mpd_use_nfs SELinux Boolean,xccdf_org.ssgproject.content_rule_sebool_dhcpd_use_ldap,Disable the dhcpd_use_ldap SELinux Boolean,medium,,0,0.9665,no
28,13,5,anssi_bp28_enhanced|anssi_bp28_high|anssi_bp28_intermediary|hipaa|ism_o,xccdf_org.ssgproject.content_rule_sebool_mpd_use_nfs,Disable the mpd_use_nfs SELinux Boolean,xccdf_org.ssgproject.content_rule_sebool_domain_fd_use,Enable the domain_fd_use SELinux Boolean,medium,,0,0.9649,no
28,13,5,anssi_bp28_enhanced|anssi_bp28_high|anssi_bp28_intermediary|hipaa|ism_o,xccdf_org.ssgproject.content_rule_sebool_mpd_use_nfs,Disable the mpd_use_nfs SELinux Boolean,xccdf_org.ssgproject.content_rule_sebool_domain_kernel_load_modules,Disable the domain_kernel_load_modules SELinux Boolean,medium,,0,0.9562,no
28,13,5,anssi_bp28_enhanced|anssi_bp28_high|anssi_bp28_intermediary|hipaa|ism_o,xccdf_org.ssgproject.content_rule_sebool_mpd_use_nfs,Disable the mpd_use_nfs SELinux Boolean,xccdf_org.ssgproject.content_rule_sebool_entropyd_use_audio,Disable the entropyd_use_audio SELinux Boolean,medium,,0,0.968,no
28,13,5,anssi_bp28_enhanced|anssi_bp28_high|anssi_bp28_intermediary|hipaa|ism_o,xccdf_org.ssgproject.content_rule_sebool_mpd_use_nfs,Disable the mpd_use_nfs SELinux Boolean,xccdf_org.ssgproject.content_rule_sebool_exim_can_connect_db,Disable the exim_can_connect_db SELinux Boolean,medium,,0,0.9629,no
28,13,5,anssi_bp28_enhanced|anssi_bp28_high|anssi_bp28_intermediary|hipaa|ism_o,xccdf_org.ssgproject.content_rule_sebool_mpd_use_nfs,Disable the mpd_use_nfs SELinux Boolean,xccdf_org.ssgproject.content_rule_sebool_exim_manage_user_files,Disable the exim_manage_user_files SELinux Boolean,medium,,0,0.9561,no
28,13,5,anssi_bp28_enhanced|anssi_bp28_high|anssi_bp28_intermediary|hipaa|ism_o,xccdf_org.ssgproject.content_rule_sebool_mpd_use_nfs,Disable the mpd_use_nfs SELinux Boolean,xccdf_org.ssgproject.content_rule_sebool_exim_read_user_files,Disable the exim_read_user_files SELinux Boolean,medium,,0,0.9613,no
28,13,5,anssi_bp28_enhanced|anssi_bp28_high|anssi_bp28_intermediary|hipaa|ism_o,xccdf_org.ssgproject.content_rule_sebool_mpd_use_nfs,Disable the mpd_use_nfs SELinux Boolean,xccdf_org.ssgproject.content_rule_sebool_fcron_crond,Disable the fcron_crond SELinux Boolean,medium,,0,0.9535,no
28,13,5,anssi_bp28_enhanced|anssi_bp28_high|anssi_bp28_intermediary|hipaa|ism_o,xccdf_org.ssgproject.content_rule_sebool_mpd_use_nfs,Disable the mpd_use_nfs SELinux Boolean,xccdf_org.ssgproject.content_rule_sebool_fenced_can_network_connect,Disable the fenced_can_network_connect SELinux Boolean,medium,,0,0.9686,no
28,13,5,anssi_bp28_enhanced|anssi_bp28_high|anssi_bp28_intermediary|hipaa|ism_o,xccdf_org.ssgproject.content_rule_sebool_mpd_use_nfs,Disable the mpd_use_nfs SELinux Boolean,xccdf_org.ssgproject.content_rule_sebool_fenced_can_ssh,Disable the fenced_can_ssh SELinux Boolean,medium,,0,0.9682,no
28,13,5,anssi_bp28_enhanced|anssi_bp28_high|anssi_bp28_intermediary|hipaa|ism_o,xccdf_org.ssgproject.content_rule_sebool_mpd_use_nfs,Disable the mpd_use_nfs SELinux Boolean,xccdf_org.ssgproject.content_rule_sebool_fips_mode,Enable the fips_mode SELinux Boolean,medium,,0,0.9462,no
28,13,5,anssi_bp28_enhanced|anssi_bp28_high|anssi_bp28_intermediary|hipaa|ism_o,xccdf_org.ssgproject.content_rule_sebool_mpd_use_nfs,Disable the mpd_use_nfs SELinux Boolean,xccdf_org.ssgproject.content_rule_sebool_ftpd_anon_write,Disable the ftpd_anon_write SELinux Boolean,medium,,0,0.973,no
28,13,5,anssi_bp28_enhanced|anssi_bp28_high|anssi_bp28_intermediary|hipaa|ism_o,xccdf_org.ssgproject.content_rule_sebool_mpd_use_nfs,Disable the mpd_use_nfs SELinux Boolean,xccdf_org.ssgproject.content_rule_sebool_ftpd_connect_db,Disable the ftpd_connect_db SELinux Boolean,medium,,0,0.9647,no
28,13,5,anssi_bp28_enhanced|anssi_bp28_high|anssi_bp28_intermediary|hipaa|ism_o,xccdf_org.ssgproject.content_rule_sebool_mpd_use_nfs,Disable the mpd_use_nfs SELinux Boolean,xccdf_org.ssgproject.content_rule_sebool_ftpd_full_access,Disable the ftpd_full_access SELinux Boolean,medium,,0,0.9704,no
28,13,5,anssi_bp28_enhanced|anssi_bp28_high|anssi_bp28_intermediary|hipaa|ism_o,xccdf_org.ssgproject.content_rule_sebool_mpd_use_nfs,Disable the mpd_use_nfs SELinux Boolean,xccdf_org.ssgproject.content_rule_sebool_ftpd_use_cifs,Disable the ftpd_use_cifs SELinux Boolean,medium,,0,0.9796,no
28,13,5,anssi_bp28_enhanced|anssi_bp28_high|anssi_bp28_intermediary|hipaa|ism_o,xccdf_org.ssgproject.content_rule_sebool_mpd_use_nfs,Disable the mpd_use_nfs SELinux Boolean,xccdf_org.ssgproject.content_rule_sebool_ftpd_use_fusefs,Disable the ftpd_use_fusefs SELinux Boolean,medium,,0,0.9803,no
28,13,5,anssi_bp28_enhanced|anssi_bp28_high|anssi_bp28_intermediary|hipaa|ism_o,xccdf_org.ssgproject.content_rule_sebool_mpd_use_nfs,Disable the mpd_use_nfs SELinux Boolean,xccdf_org.ssgproject.content_rule_sebool_ftpd_use_nfs,Disable the ftpd_use_nfs SELinux Boolean,medium,,0,0.9886,no
28,13,5,anssi_bp28_enhanced|anssi_bp28_high|anssi_bp28_intermediary|hipaa|ism_o,xccdf_org.ssgproject.content_rule_sebool_mpd_use_nfs,Disable the mpd_use_nfs SELinux Boolean,xccdf_org.ssgproject.content_rule_sebool_ftpd_use_passive_mode,Disable the ftpd_use_passive_mode SELinux Boolean,medium,,0,0.9705,no
28,13,5,anssi_bp28_enhanced|anssi_bp28_high|anssi_bp28_intermediary|hipaa|ism_o,xccdf_org.ssgproject.content_rule_sebool_mpd_use_nfs,Disable the mpd_use_nfs SELinux Boolean,xccdf_org.ssgproject.content_rule_sebool_git_cgi_enable_homedirs,Disable the git_cgi_enable_homedirs SELinux Boolean,medium,,0,0.9453,no
28,13,5,anssi_bp28_enhanced|anssi_bp28_high|anssi_bp28_intermediary|hipaa|ism_o,xccdf_org.ssgproject.content_rule_sebool_mpd_use_nfs,Disable the mpd_use_nfs SELinux Boolean,xccdf_org.ssgproject.content_rule_sebool_git_cgi_use_cifs,Disable the git_cgi_use_cifs SELinux Boolean,medium,,0,0.9592,no
28,13,5,anssi_bp28_enhanced|anssi_bp28_high|anssi_bp28_intermediary|hipaa|ism_o,xccdf_org.ssgproject.content_rule_sebool_mpd_use_nfs,Disable the mpd_use_nfs SELinux Boolean,xccdf_org.ssgproject.content_rule_sebool_git_cgi_use_nfs,Disable the git_cgi_use_nfs SELinux Boolean,medium,,0,0.9705,no
28,13,5,anssi_bp28_enhanced|anssi_bp28_high|anssi_bp28_intermediary|hipaa|ism_o,xccdf_org.ssgproject.content_rule_sebool_mpd_use_nfs,Disable the mpd_use_nfs SELinux Boolean,xccdf_org.ssgproject.content_rule_sebool_git_session_users,Disable the git_session_users SELinux Boolean,medium,,0,0.9648,no
28,13,5,anssi_bp28_enhanced|anssi_bp28_high|anssi_bp28_intermediary|hipaa|ism_o,xccdf_org.ssgproject.content_rule_sebool_mpd_use_nfs,Disable the mpd_use_nfs SELinux Boolean,xccdf_org.ssgproject.content_rule_sebool_git_system_enable_homedirs,Disable the git_system_enable_homedirs SELinux Boolean,medium,,0,0.9533,no
28,13,5,anssi_bp28_enhanced|anssi_bp28_high|anssi_bp28_intermediary|hipaa|ism_o,xccdf_org.ssgproject.content_rule_sebool_mpd_use_nfs,Disable the mpd_use_nfs SELinux Boolean,xccdf_org.ssgproject.content_rule_sebool_git_system_use_cifs,Disable the git_system_use_cifs SELinux Boolean,medium,,0,0.9674,no
28,13,5,anssi_bp28_enhanced|anssi_bp28_high|anssi_bp28_intermediary|hipaa|ism_o,xccdf_org.ssgproject.content_rule_sebool_mpd_use_nfs,Disable the mpd_use_nfs SELinux Boolean,xccdf_org.ssgproject.content_rule_sebool_git_system_use_nfs,Disable the git_system_use_nfs SELinux Boolean,medium,,0,0.9772,no
28,13,5,anssi_bp28_enhanced|anssi_bp28_high|anssi_bp28_intermediary|hipaa|ism_o,xccdf_org.ssgproject.content_rule_sebool_mpd_use_nfs,Disable the mpd_use_nfs SELinux Boolean,xccdf_org.ssgproject.content_rule_sebool_gitosis_can_sendmail,Disable the gitosis_can_sendmail SELinux Boolean,medium,,0,0.9568,no
28,13,5,anssi_bp28_enhanced|anssi_bp28_high|anssi_bp28_intermediary|hipaa|ism_o,xccdf_org.ssgproject.content_rule_sebool_mpd_use_nfs,Disable the mpd_use_nfs SELinux Boolean,xccdf_org.ssgproject.content_rule_sebool_glance_api_can_network,Disable the glance_api_can_network SELinux Boolean,medium,,0,0.9534,no
28,13,5,anssi_bp28_enhanced|anssi_bp28_high|anssi_bp28_intermediary|hipaa|ism_o,xccdf_org.ssgproject.content_rule_sebool_mpd_use_nfs,Disable the mpd_use_nfs SELinux Boolean,xccdf_org.ssgproject.content_rule_sebool_glance_use_execmem,Disable the glance_use_execmem SELinux Boolean,medium,,0,0.958,no
28,13,5,anssi_bp28_enhanced|anssi_bp28_high|anssi_bp28_intermediary|hipaa|ism_o,xccdf_org.ssgproject.content_rule_sebool_mpd_use_nfs,Disable the mpd_use_nfs SELinux Boolean,xccdf_org.ssgproject.content_rule_sebool_glance_use_fusefs,Disable the glance_use_fusefs SELinux Boolean,medium,,0,0.9682,no
28,13,5,anssi_bp28_enhanced|anssi_bp28_high|anssi_bp28_intermediary|hipaa|ism_o,xccdf_org.ssgproject.content_rule_sebool_mpd_use_nfs,Disable the mpd_use_nfs SELinux Boolean,xccdf_org.ssgproject.content_rule_sebool_global_ssp,Disable the global_ssp SELinux Boolean,medium,,0,0.9671,no
28,13,5,anssi_bp28_enhanced|anssi_bp28_high|anssi_bp28_intermediary|hipaa|ism_o,xccdf_org.ssgproject.content_rule_sebool_mpd_use_nfs,Disable the mpd_use_nfs SELinux Boolean,xccdf_org.ssgproject.content_rule_sebool_gluster_anon_write,Disable the gluster_anon_write SELinux Boolean,medium,,0,0.9663,no
28,13,5,anssi_bp28_enhanced|anssi_bp28_high|anssi_bp28_intermediary|hipaa|ism_o,xccdf_org.ssgproject.content_rule_sebool_mpd_use_nfs,Disable the mpd_use_nfs SELinux Boolean,xccdf_org.ssgproject.content_rule_sebool_gluster_export_all_ro,Disable the gluster_export_all_ro SELinux Boolean,medium,,0,0.9525,no
28,13,5,anssi_bp28_enhanced|anssi_bp28_high|anssi_bp28_intermediary|hipaa|ism_o,xccdf_org.ssgproject.content_rule_sebool_mpd_use_nfs,Disable the mpd_use_nfs SELinux Boolean,xccdf_org.ssgproject.content_rule_sebool_gluster_export_all_rw,Configure the gluster_export_all_rw SELinux Boolean,medium,,0,0.9428,no
28,13,5,anssi_bp28_enhanced|anssi_bp28_high|anssi_bp28_intermediary|hipaa|ism_o,xccdf_org.ssgproject.content_rule_sebool_mpd_use_nfs,Disable the mpd_use_nfs SELinux Boolean,xccdf_org.ssgproject.content_rule_sebool_gpg_web_anon_write,Disable the gpg_web_anon_write SELinux Boolean,medium,,0,0.9616,no
28,13,5,anssi_bp28_enhanced|anssi_bp28_high|anssi_bp28_intermediary|hipaa|ism_o,xccdf_org.ssgproject.content_rule_sebool_mpd_use_nfs,Disable the mpd_use_nfs SELinux Boolean,xccdf_org.ssgproject.content_rule_sebool_gssd_read_tmp,Enable the gssd_read_tmp SELinux Boolean,medium,,0,0.955,no
28,13,5,anssi_bp28_enhanced|anssi_bp28_high|anssi_bp28_intermediary|hipaa|ism_o,xccdf_org.ssgproject.content_rule_sebool_mpd_use_nfs,Disable the mpd_use_nfs SELinux Boolean,xccdf_org.ssgproject.content_rule_sebool_guest_exec_content,Disable the guest_exec_content SELinux Boolean,medium,,0,0.9532,no
28,13,5,anssi_bp28_enhanced|anssi_bp28_high|anssi_bp28_intermediary|hipaa|ism_o,xccdf_org.ssgproject.content_rule_sebool_mpd_use_nfs,Disable the mpd_use_nfs SELinux Boolean,xccdf_org.ssgproject.content_rule_sebool_httpd_anon_write,Disable the httpd_anon_write SELinux Boolean,medium,,0,0.9722,no
28,13,5,anssi_bp28_enhanced|anssi_bp28_high|anssi_bp28_intermediary|hipaa|ism_o,xccdf_org.ssgproject.content_rule_sebool_mpd_use_nfs,Disable the mpd_use_nfs SELinux Boolean,xccdf_org.ssgproject.content_rule_sebool_httpd_builtin_scripting,Configure the httpd_builtin_scripting SELinux Boolean,medium,,0,0.9408,no
28,13,5,anssi_bp28_enhanced|anssi_bp28_high|anssi_bp28_intermediary|hipaa|ism_o,xccdf_org.ssgproject.content_rule_sebool_mpd_use_nfs,Disable the mpd_use_nfs SELinux Boolean,xccdf_org.ssgproject.content_rule_sebool_httpd_can_check_spam,Disable the httpd_can_check_spam SELinux Boolean,medium,,0,0.9589,no
28,13,5,anssi_bp28_enhanced|anssi_bp28_high|anssi_bp28_intermediary|hipaa|ism_o,xccdf_org.ssgproject.content_rule_sebool_mpd_use_nfs,Disable the mpd_use_nfs SELinux Boolean,xccdf_org.ssgproject.content_rule_sebool_httpd_can_connect_ftp,Disable the httpd_can_connect_ftp SELinux Boolean,medium,,0,0.9603,no
28,13,5,anssi_bp28_enhanced|anssi_bp28_high|anssi_bp28_intermediary|hipaa|ism_o,xccdf_org.ssgproject.content_rule_sebool_mpd_use_nfs,Disable the mpd_use_nfs SELinux Boolean,xccdf_org.ssgproject.content_rule_sebool_httpd_can_connect_ldap,Disable the httpd_can_connect_ldap SELinux Boolean,medium,,0,0.9548,no
28,13,5,anssi_bp28_enhanced|anssi_bp28_high|anssi_bp28_intermediary|hipaa|ism_o,xccdf_org.ssgproject.content_rule_sebool_mpd_use_nfs,Disable the mpd_use_nfs SELinux Boolean,xccdf_org.ssgproject.content_rule_sebool_httpd_can_connect_mythtv,Disable the httpd_can_connect_mythtv SELinux Boolean,medium,,0,0.9529,no
28,13,5,anssi_bp28_enhanced|anssi_bp28_high|anssi_bp28_intermediary|hipaa|ism_o,xccdf_org.ssgproject.content_rule_sebool_mpd_use_nfs,Disable the mpd_use_nfs SELinux Boolean,xccdf_org.ssgproject.content_rule_sebool_httpd_can_connect_zabbix,Disable the httpd_can_connect_zabbix SELinux Boolean,medium,,0,0.9577,no
28,13,5,anssi_bp28_enhanced|anssi_bp28_high|anssi_bp28_intermediary|hipaa|ism_o,xccdf_org.ssgproject.content_rule_sebool_mpd_use_nfs,Disable the mpd_use_nfs SELinux Boolean,xccdf_org.ssgproject.content_rule_sebool_httpd_can_network_connect,Disable the httpd_can_network_connect SELinux Boolean,medium,,0,0.9658,no
28,13,5,anssi_bp28_enhanced|anssi_bp28_high|anssi_bp28_intermediary|hipaa|ism_o,xccdf_org.ssgproject.content_rule_sebool_mpd_use_nfs,Disable the mpd_use_nfs SELinux Boolean,xccdf_org.ssgproject.content_rule_sebool_httpd_can_network_connect_cobbler,Disable the httpd_can_network_connect_cobbler SELinux Boolean,medium,,0,0.9486,no
28,13,5,anssi_bp28_enhanced|anssi_bp28_high|anssi_bp28_intermediary|hipaa|ism_o,xccdf_org.ssgproject.content_rule_sebool_mpd_use_nfs,Disable the mpd_use_nfs SELinux Boolean,xccdf_org.ssgproject.content_rule_sebool_httpd_can_network_connect_db,Disable the httpd_can_network_connect_db SELinux Boolean,medium,,0,0.9532,no
28,13,5,anssi_bp28_enhanced|anssi_bp28_high|anssi_bp28_intermediary|hipaa|ism_o,xccdf_org.ssgproject.content_rule_sebool_mpd_use_nfs,Disable the mpd_use_nfs SELinux Boolean,xccdf_org.ssgproject.content_rule_sebool_httpd_can_network_memcache,Disable the httpd_can_network_memcache SELinux Boolean,medium,,0,0.9559,no
28,13,5,anssi_bp28_enhanced|anssi_bp28_high|anssi_bp28_intermediary|hipaa|ism_o,xccdf_org.ssgproject.content_rule_sebool_mpd_use_nfs,Disable the mpd_use_nfs SELinux Boolean,xccdf_org.ssgproject.content_rule_sebool_httpd_can_network_relay,Disable the httpd_can_network_relay SELinux Boolean,medium,,0,0.963,no
28,13,5,anssi_bp28_enhanced|anssi_bp28_high|anssi_bp28_intermediary|hipaa|ism_o,xccdf_org.ssgproject.content_rule_sebool_mpd_use_nfs,Disable the mpd_use_nfs SELinux Boolean,xccdf_org.ssgproject.content_rule_sebool_httpd_can_sendmail,Disable the httpd_can_sendmail SELinux Boolean,medium,,0,0.9612,no
28,13,5,anssi_bp28_enhanced|anssi_bp28_high|anssi_bp28_intermediary|hipaa|ism_o,xccdf_org.ssgproject.content_rule_sebool_mpd_use_nfs,Disable the mpd_use_nfs SELinux Boolean,xccdf_org.ssgproject.content_rule_sebool_httpd_dbus_avahi,Disable the httpd_dbus_avahi SELinux Boolean,medium,,0,0.958,no
28,13,5,anssi_bp28_enhanced|anssi_bp28_high|anssi_bp28_intermediary|hipaa|ism_o,xccdf_org.ssgproject.content_rule_sebool_mpd_use_nfs,Disable the mpd_use_nfs SELinux Boolean,xccdf_org.ssgproject.content_rule_sebool_httpd_dbus_sssd,Disable the httpd_dbus_sssd SELinux Boolean,medium,,0,0.9582,no
28,13,5,anssi_bp28_enhanced|anssi_bp28_high|anssi_bp28_intermediary|hipaa|ism_o,xccdf_org.ssgproject.content_rule_sebool_mpd_use_nfs,Disable the mpd_use_nfs SELinux Boolean,xccdf_org.ssgproject.content_rule_sebool_httpd_dontaudit_search_dirs,Disable the httpd_dontaudit_search_dirs SELinux Boolean,medium,,0,0.9454,no
28,13,5,anssi_bp28_enhanced|anssi_bp28_high|anssi_bp28_intermediary|hipaa|ism_o,xccdf_org.ssgproject.content_rule_sebool_mpd_use_nfs,Disable the mpd_use_nfs SELinux Boolean,xccdf_org.ssgproject.content_rule_sebool_httpd_enable_cgi,Configure the httpd_enable_cgi SELinux Boolean,medium,,0,0.9487,no
28,13,5,anssi_bp28_enhanced|anssi_bp28_high|anssi_bp28_intermediary|hipaa|ism_o,xccdf_org.ssgproject.content_rule_sebool_mpd_use_nfs,Disable the mpd_use_nfs SELinux Boolean,xccdf_org.ssgproject.content_rule_sebool_httpd_enable_ftp_server,Disable the httpd_enable_ftp_server SELinux Boolean,medium,,0,0.9629,no
28,13,5,anssi_bp28_enhanced|anssi_bp28_high|anssi_bp28_intermediary|hipaa|ism_o,xccdf_org.ssgproject.content_rule_sebool_mpd_use_nfs,Disable the mpd_use_nfs SELinux Boolean,xccdf_org.ssgproject.content_rule_sebool_httpd_enable_homedirs,Disable the httpd_enable_homedirs SELinux Boolean,medium,,0,0.9644,no
28,13,5,anssi_bp28_enhanced|anssi_bp28_high|anssi_bp28_intermediary|hipaa|ism_o,xccdf_org.ssgproject.content_rule_sebool_mpd_use_nfs,Disable the mpd_use_nfs SELinux Boolean,xccdf_org.ssgproject.content_rule_sebool_httpd_execmem,Disable the httpd_execmem SELinux Boolean,medium,,0,0.957,no
28,13,5,anssi_bp28_enhanced|anssi_bp28_high|anssi_bp28_intermediary|hipaa|ism_o,xccdf_org.ssgproject.content_rule_sebool_mpd_use_nfs,Disable the mpd_use_nfs SELinux Boolean,xccdf_org.ssgproject.content_rule_sebool_httpd_graceful_shutdown,Enable the httpd_graceful_shutdown SELinux Boolean,medium,,0,0.9524,no
28,13,5,anssi_bp28_enhanced|anssi_bp28_high|anssi_bp28_intermediary|hipaa|ism_o,xccdf_org.ssgproject.content_rule_sebool_mpd_use_nfs,Disable the mpd_use_nfs SELinux Boolean,xccdf_org.ssgproject.content_rule_sebool_httpd_manage_ipa,Disable the httpd_manage_ipa SELinux Boolean,medium,,0,0.9607,no
28,13,5,anssi_bp28_enhanced|anssi_bp28_high|anssi_bp28_intermediary|hipaa|ism_o,xccdf_org.ssgproject.content_rule_sebool_mpd_use_nfs,Disable the mpd_use_nfs SELinux Boolean,xccdf_org.ssgproject.content_rule_sebool_httpd_mod_auth_ntlm_winbind,Disable the httpd_mod_auth_ntlm_winbind SELinux Boolean,medium,,0,0.9354,no
28,13,5,anssi_bp28_enhanced|anssi_bp28_high|anssi_bp28_intermediary|hipaa|ism_o,xccdf_org.ssgproject.content_rule_sebool_mpd_use_nfs,Disable the mpd_use_nfs SELinux Boolean,xccdf_org.ssgproject.content_rule_sebool_httpd_mod_auth_pam,Disable the httpd_mod_auth_pam SELinux Boolean,medium,,0,0.9477,no
28,13,5,anssi_bp28_enhanced|anssi_bp28_high|anssi_bp28_intermediary|hipaa|ism_o,xccdf_org.ssgproject.content_rule_sebool_mpd_use_nfs,Disable the mpd_use_nfs SELinux Boolean,xccdf_org.ssgproject.content_rule_sebool_httpd_read_user_content,Disable the httpd_read_user_content SELinux Boolean,medium,,0,0.9638,no
28,13,5,anssi_bp28_enhanced|anssi_bp28_high|anssi_bp28_intermediary|hipaa|ism_o,xccdf_org.ssgproject.content_rule_sebool_mpd_use_nfs,Disable the mpd_use_nfs SELinux Boolean,xccdf_org.ssgproject.content_rule_sebool_httpd_run_ipa,Disable the httpd_run_ipa SELinux Boolean,medium,,0,0.9691,no
28,13,5,anssi_bp28_enhanced|anssi_bp28_high|anssi_bp28_intermediary|hipaa|ism_o,xccdf_org.ssgproject.content_rule_sebool_mpd_use_nfs,Disable the mpd_use_nfs SELinux Boolean,xccdf_org.ssgproject.content_rule_sebool_httpd_run_preupgrade,Disable the httpd_run_preupgrade SELinux Boolean,medium,,0,0.9603,no
28,13,5,anssi_bp28_enhanced|anssi_bp28_high|anssi_bp28_intermediary|hipaa|ism_o,xccdf_org.ssgproject.content_rule_sebool_mpd_use_nfs,Disable the mpd_use_nfs SELinux Boolean,xccdf_org.ssgproject.content_rule_sebool_httpd_run_stickshift,Disable the httpd_run_stickshift SELinux Boolean,medium,,0,0.9678,no
28,13,5,anssi_bp28_enhanced|anssi_bp28_high|anssi_bp28_intermediary|hipaa|ism_o,xccdf_org.ssgproject.content_rule_sebool_mpd_use_nfs,Disable the mpd_use_nfs SELinux Boolean,xccdf_org.ssgproject.content_rule_sebool_httpd_serve_cobbler_files,Disable the httpd_serve_cobbler_files SELinux Boolean,medium,,0,0.9576,no
28,13,5,anssi_bp28_enhanced|anssi_bp28_high|anssi_bp28_intermediary|hipaa|ism_o,xccdf_org.ssgproject.content_rule_sebool_mpd_use_nfs,Disable the mpd_use_nfs SELinux Boolean,xccdf_org.ssgproject.content_rule_sebool_httpd_setrlimit,Disable the httpd_setrlimit SELinux Boolean,medium,,0,0.9632,no
28,13,5,anssi_bp28_enhanced|anssi_bp28_high|anssi_bp28_intermediary|hipaa|ism_o,xccdf_org.ssgproject.content_rule_sebool_mpd_use_nfs,Disable the mpd_use_nfs SELinux Boolean,xccdf_org.ssgproject.content_rule_sebool_httpd_ssi_exec,Disable the httpd_ssi_exec SELinux Boolean,medium,,0,0.9576,no
28,13,5,anssi_bp28_enhanced|anssi_bp28_high|anssi_bp28_intermediary|hipaa|ism_o,xccdf_org.ssgproject.content_rule_sebool_mpd_use_nfs,Disable the mpd_use_nfs SELinux Boolean,xccdf_org.ssgproject.content_rule_sebool_httpd_sys_script_anon_write,Disable the httpd_sys_script_anon_write SELinux Boolean,medium,,0,0.9536,no
28,13,5,anssi_bp28_enhanced|anssi_bp28_high|anssi_bp28_intermediary|hipaa|ism_o,xccdf_org.ssgproject.content_rule_sebool_mpd_use_nfs,Disable the mpd_use_nfs SELinux Boolean,xccdf_org.ssgproject.content_rule_sebool_httpd_tmp_exec,Disable the httpd_tmp_exec SELinux Boolean,medium,,0,0.9566,no
28,13,5,anssi_bp28_enhanced|anssi_bp28_high|anssi_bp28_intermediary|hipaa|ism_o,xccdf_org.ssgproject.content_rule_sebool_mpd_use_nfs,Disable the mpd_use_nfs SELinux Boolean,xccdf_org.ssgproject.content_rule_sebool_httpd_tty_comm,Disable the httpd_tty_comm SELinux Boolean,medium,,0,0.9622,no
28,13,5,anssi_bp28_enhanced|anssi_bp28_high|anssi_bp28_intermediary|hipaa|ism_o,xccdf_org.ssgproject.content_rule_sebool_mpd_use_nfs,Disable the mpd_use_nfs SELinux Boolean,xccdf_org.ssgproject.content_rule_sebool_httpd_unified,Disable the httpd_unified SELinux Boolean,medium,,0,0.9662,no
28,13,5,anssi_bp28_enhanced|anssi_bp28_high|anssi_bp28_intermediary|hipaa|ism_o,xccdf_org.ssgproject.content_rule_sebool_mpd_use_nfs,Disable the mpd_use_nfs SELinux Boolean,xccdf_org.ssgproject.content_rule_sebool_httpd_use_cifs,Disable the httpd_use_cifs SELinux Boolean,medium,,0,0.9814,no
28,13,5,anssi_bp28_enhanced|anssi_bp28_high|anssi_bp28_intermediary|hipaa|ism_o,xccdf_org.ssgproject.content_rule_sebool_mpd_use_nfs,Disable the mpd_use_nfs SELinux Boolean,xccdf_org.ssgproject.content_rule_sebool_httpd_use_fusefs,Disable the httpd_use_fusefs SELinux Boolean,medium,,0,0.9822,no
28,13,5,anssi_bp28_enhanced|anssi_bp28_high|anssi_bp28_intermediary|hipaa|ism_o,xccdf_org.ssgproject.content_rule_sebool_mpd_use_nfs,Disable the mpd_use_nfs SELinux Boolean,xccdf_org.ssgproject.content_rule_sebool_httpd_use_gpg,Disable the httpd_use_gpg SELinux Boolean,medium,,0,0.9766,no
28,13,5,anssi_bp28_enhanced|anssi_bp28_high|anssi_bp28_intermediary|hipaa|ism_o,xccdf_org.ssgproject.content_rule_sebool_mpd_use_nfs,Disable the mpd_use_nfs SELinux Boolean,xccdf_org.ssgproject.content_rule_sebool_httpd_use_nfs,Disable the httpd_use_nfs SELinux Boolean,medium,,0,0.9901,no
28,13,5,anssi_bp28_enhanced|anssi_bp28_high|anssi_bp28_intermediary|hipaa|ism_o,xccdf_org.ssgproject.content_rule_sebool_mpd_use_nfs,Disable the mpd_use_nfs SELinux Boolean,xccdf_org.ssgproject.content_rule_sebool_httpd_use_openstack,Disable the httpd_use_openstack SELinux Boolean,medium,,0,0.9742,no
28,13,5,anssi_bp28_enhanced|anssi_bp28_high|anssi_bp28_intermediary|hipaa|ism_o,xccdf_org.ssgproject.content_rule_sebool_mpd_use_nfs,Disable the mpd_use_nfs SELinux Boolean,xccdf_org.ssgproject.content_rule_sebool_httpd_use_sasl,Disable the httpd_use_sasl SELinux Boolean,medium,,0,0.9733,no
28,13,5,anssi_bp28_enhanced|anssi_bp28_high|anssi_bp28_intermediary|hipaa|ism_o,xccdf_org.ssgproject.content_rule_sebool_mpd_use_nfs,Disable the mpd_use_nfs SELinux Boolean,xccdf_org.ssgproject.content_rule_sebool_httpd_verify_dns,Disable the httpd_verify_dns SELinux Boolean,medium,,0,0.9645,no
28,13,5,anssi_bp28_enhanced|anssi_bp28_high|anssi_bp28_intermediary|hipaa|ism_o,xccdf_org.ssgproject.content_rule_sebool_mpd_use_nfs,Disable the mpd_use_nfs SELinux Boolean,xccdf_org.ssgproject.content_rule_sebool_icecast_use_any_tcp_ports,Disable the icecast_use_any_tcp_ports SELinux Boolean,medium,,0,0.9544,no
28,13,5,anssi_bp28_enhanced|anssi_bp28_high|anssi_bp28_intermediary|hipaa|ism_o,xccdf_org.ssgproject.content_rule_sebool_mpd_use_nfs,Disable the mpd_use_nfs SELinux Boolean,xccdf_org.ssgproject.content_rule_sebool_irc_use_any_tcp_ports,Disable the irc_use_any_tcp_ports SELinux Boolean,medium,,0,0.9574,no
28,13,5,anssi_bp28_enhanced|anssi_bp28_high|anssi_bp28_intermediary|hipaa|ism_o,xccdf_org.ssgproject.content_rule_sebool_mpd_use_nfs,Disable the mpd_use_nfs SELinux Boolean,xccdf_org.ssgproject.content_rule_sebool_irssi_use_full_network,Disable the irssi_use_full_network SELinux Boolean,medium,,0,0.9702,no
28,13,5,anssi_bp28_enhanced|anssi_bp28_high|anssi_bp28_intermediary|hipaa|ism_o,xccdf_org.ssgproject.content_rule_sebool_mpd_use_nfs,Disable the mpd_use_nfs SELinux Boolean,xccdf_org.ssgproject.content_rule_sebool_kdumpgui_run_bootloader,Disable the kdumpgui_run_bootloader SELinux Boolean,medium,,0,0.9531,no
28,13,5,anssi_bp28_enhanced|anssi_bp28_high|anssi_bp28_intermediary|hipaa|ism_o,xccdf_org.ssgproject.content_rule_sebool_mpd_use_nfs,Disable the mpd_use_nfs SELinux Boolean,xccdf_org.ssgproject.content_rule_sebool_kerberos_enabled,Enable the kerberos_enabled SELinux Boolean,medium,,0,0.9402,no
28,13,5,anssi_bp28_enhanced|anssi_bp28_high|anssi_bp28_intermediary|hipaa|ism_o,xccdf_org.ssgproject.content_rule_sebool_mpd_use_nfs,Disable the mpd_use_nfs SELinux Boolean,xccdf_org.ssgproject.content_rule_sebool_ksmtuned_use_cifs,Disable the ksmtuned_use_cifs SELinux Boolean,medium,,0,0.9732,no
28,13,5,anssi_bp28_enhanced|anssi_bp28_high|anssi_bp28_intermediary|hipaa|ism_o,xccdf_org.ssgproject.content_rule_sebool_mpd_use_nfs,Disable the mpd_use_nfs SELinux Boolean,xccdf_org.ssgproject.content_rule_sebool_ksmtuned_use_nfs,Disable the ksmtuned_use_nfs SELinux Boolean,medium,,0,0.9796,no
28,13,5,anssi_bp28_enhanced|anssi_bp28_high|anssi_bp28_intermediary|hipaa|ism_o,xccdf_org.ssgproject.content_rule_sebool_mpd_use_nfs,Disable the mpd_use_nfs SELinux Boolean,xccdf_org.ssgproject.content_rule_sebool_logadm_exec_content,Enable the logadm_exec_content SELinux Boolean,medium,,0,0.954,no
28,13,5,anssi_bp28_enhanced|anssi_bp28_high|anssi_bp28_intermediary|hipaa|ism_o,xccdf_org.ssgproject.content_rule_sebool_mpd_use_nfs,Disable the mpd_use_nfs SELinux Boolean,xccdf_org.ssgproject.content_rule_sebool_logging_syslogd_can_sendmail,Disable the logging_syslogd_can_sendmail SELinux Boolean,medium,,0,0.9514,no
28,13,5,anssi_bp28_enhanced|anssi_bp28_high|anssi_bp28_intermediary|hipaa|ism_o,xccdf_org.ssgproject.content_rule_sebool_mpd_use_nfs,Disable the mpd_use_nfs SELinux Boolean,xccdf_org.ssgproject.content_rule_sebool_logging_syslogd_run_nagios_plugins,Disable the logging_syslogd_run_nagios_plugins SELinux Boolean,medium,,0,0.9314,no
28,13,5,anssi_bp28_enhanced|anssi_bp28_high|anssi_bp28_intermediary|hipaa|ism_o,xccdf_org.ssgproject.content_rule_sebool_mpd_use_nfs,Disable the mpd_use_nfs SELinux Boolean,xccdf_org.ssgproject.content_rule_sebool_logging_syslogd_use_tty,Enable the logging_syslogd_use_tty SELinux Boolean,medium,,0,0.9486,no
28,13,5,anssi_bp28_enhanced|anssi_bp28_high|anssi_bp28_intermediary|hipaa|ism_o,xccdf_org.ssgproject.content_rule_sebool_mpd_use_nfs,Disable the mpd_use_nfs SELinux Boolean,xccdf_org.ssgproject.content_rule_sebool_login_console_enabled,Enable the login_console_enabled SELinux Boolean,medium,,0,0.9424,no
28,13,5,anssi_bp28_enhanced|anssi_bp28_high|anssi_bp28_intermediary|hipaa|ism_o,xccdf_org.ssgproject.content_rule_sebool_mpd_use_nfs,Disable the mpd_use_nfs SELinux Boolean,xccdf_org.ssgproject.content_rule_sebool_logrotate_use_nfs,Disable the logrotate_use_nfs SELinux Boolean,medium,,0,0.9795,no
28,13,5,anssi_bp28_enhanced|anssi_bp28_high|anssi_bp28_intermediary|hipaa|ism_o,xccdf_org.ssgproject.content_rule_sebool_mpd_use_nfs,Disable the mpd_use_nfs SELinux Boolean,xccdf_org.ssgproject.content_rule_sebool_logwatch_can_network_connect_mail,Disable the logwatch_can_network_connect_mail SELinux Boolean,medium,,0,0.9481,no
28,13,5,anssi_bp28_enhanced|anssi_bp28_high|anssi_bp28_intermediary|hipaa|ism_o,xccdf_org.ssgproject.content_rule_sebool_mpd_use_nfs,Disable the mpd_use_nfs SELinux Boolean,xccdf_org.ssgproject.content_rule_sebool_mailman_use_fusefs,Disable the mailman_use_fusefs SELinux Boolean,medium,,0,0.9776,no
28,13,5,anssi_bp28_enhanced|anssi_bp28_high|anssi_bp28_intermediary|hipaa|ism_o,xccdf_org.ssgproject.content_rule_sebool_mpd_use_nfs,Disable the mpd_use_nfs SELinux Boolean,xccdf_org.ssgproject.content_rule_sebool_mcelog_client,Disable the mcelog_client SELinux Boolean,medium,,0,0.9598,no
28,13,5,anssi_bp28_enhanced|anssi_bp28_high|anssi_bp28_intermediary|hipaa|ism_o,xccdf_org.ssgproject.content_rule_sebool_mpd_use_nfs,Disable the mpd_use_nfs SELinux Boolean,xccdf_org.ssgproject.content_rule_sebool_mcelog_exec_scripts,Enable the mcelog_exec_scripts SELinux Boolean,medium,,0,0.9415,no
28,13,5,anssi_bp28_enhanced|anssi_bp28_high|anssi_bp28_intermediary|hipaa|ism_o,xccdf_org.ssgproject.content_rule_sebool_mpd_use_nfs,Disable the mpd_use_nfs SELinux Boolean,xccdf_org.ssgproject.content_rule_sebool_mcelog_foreground,Disable the mcelog_foreground SELinux Boolean,medium,,0,0.9565,no
28,13,5,anssi_bp28_enhanced|anssi_bp28_high|anssi_bp28_intermediary|hipaa|ism_o,xccdf_org.ssgproject.content_rule_sebool_mpd_use_nfs,Disable the mpd_use_nfs SELinux Boolean,xccdf_org.ssgproject.content_rule_sebool_mcelog_server,Disable the mcelog_server SELinux Boolean,medium,,0,0.9636,no
28,13,5,anssi_bp28_enhanced|anssi_bp28_high|anssi_bp28_intermediary|hipaa|ism_o,xccdf_org.ssgproject.content_rule_sebool_mpd_use_nfs,Disable the mpd_use_nfs SELinux Boolean,xccdf_org.ssgproject.content_rule_sebool_minidlna_read_generic_user_content,Disable the minidlna_read_generic_user_content SELinux Boolean,medium,,0,0.9502,no
28,13,5,anssi_bp28_enhanced|anssi_bp28_high|anssi_bp28_intermediary|hipaa|ism_o,xccdf_org.ssgproject.content_rule_sebool_mpd_use_nfs,Disable the mpd_use_nfs SELinux Boolean,xccdf_org.ssgproject.content_rule_sebool_mmap_low_allowed,Disable the mmap_low_allowed SELinux Boolean,medium,,0,0.9676,no
28,13,5,anssi_bp28_enhanced|anssi_bp28_high|anssi_bp28_intermediary|hipaa|ism_o,xccdf_org.ssgproject.content_rule_sebool_mpd_use_nfs,Disable the mpd_use_nfs SELinux Boolean,xccdf_org.ssgproject.content_rule_sebool_mock_enable_homedirs,Disable the mock_enable_homedirs SELinux Boolean,medium,,0,0.9607,no
28,13,5,anssi_bp28_enhanced|anssi_bp28_high|anssi_bp28_intermediary|hipaa|ism_o,xccdf_org.ssgproject.content_rule_sebool_mpd_use_nfs,Disable the mpd_use_nfs SELinux Boolean,xccdf_org.ssgproject.content_rule_sebool_mount_anyfile,Enable the mount_anyfile SELinux Boolean,medium,,0,0.9515,no
28,13,5,anssi_bp28_enhanced|anssi_bp28_high|anssi_bp28_intermediary|hipaa|ism_o,xccdf_org.ssgproject.content_rule_sebool_mpd_use_nfs,Disable the mpd_use_nfs SELinux Boolean,xccdf_org.ssgproject.content_rule_sebool_mpd_enable_homedirs,Disable the mpd_enable_homedirs SELinux Boolean,medium,,0,0.9718,no
28,13,5,anssi_bp28_enhanced|anssi_bp28_high|anssi_bp28_intermediary|hipaa|ism_o,xccdf_org.ssgproject.content_rule_sebool_mpd_use_nfs,Disable the mpd_use_nfs SELinux Boolean,xccdf_org.ssgproject.content_rule_sebool_mpd_use_cifs,Disable the mpd_use_cifs SELinux Boolean,medium,,0,0.9931,no
28,13,5,anssi_bp28_enhanced|anssi_bp28_high|anssi_bp28_intermediary|hipaa|ism_o,xccdf_org.ssgproject.content_rule_sebool_mpd_use_nfs,Disable the mpd_use_nfs SELinux Boolean,xccdf_org.ssgproject.content_rule_sebool_mpd_use_nfs,Disable the mpd_use_nfs SELinux Boolean,medium,,0,1.0,yes
28,13,5,anssi_bp28_enhanced|anssi_bp28_high|anssi_bp28_intermediary|hipaa|ism_o,xccdf_org.ssgproject.content_rule_sebool_mpd_use_nfs,Disable the mpd_use_nfs SELinux Boolean,xccdf_org.ssgproject.content_rule_sebool_mplayer_execstack,Disable the mplayer_execstack SELinux Boolean,medium,,0,0.9515,no
28,13,5,anssi_bp28_enhanced|anssi_bp28_high|anssi_bp28_intermediary|hipaa|ism_o,xccdf_org.ssgproject.content_rule_sebool_mpd_use_nfs,Disable the mpd_use_nfs SELinux Boolean,xccdf_org.ssgproject.content_rule_sebool_nagios_run_pnp4nagios,Disable the nagios_run_pnp4nagios SELinux Boolean,medium,,0,0.9287,no
28,13,5,anssi_bp28_enhanced|anssi_bp28_high|anssi_bp28_intermediary|hipaa|ism_o,xccdf_org.ssgproject.content_rule_sebool_mpd_use_nfs,Disable the mpd_use_nfs SELinux Boolean,xccdf_org.ssgproject.content_rule_sebool_nagios_run_sudo,Disable the nagios_run_sudo SELinux Boolean,medium,,0,0.9576,no
28,13,5,anssi_bp28_enhanced|anssi_bp28_high|anssi_bp28_intermediary|hipaa|ism_o,xccdf_org.ssgproject.content_rule_sebool_mpd_use_nfs,Disable the mpd_use_nfs SELinux Boolean,xccdf_org.ssgproject.content_rule_sebool_named_tcp_bind_http_port,Disable the named_tcp_bind_http_port SELinux Boolean,medium,,0,0.9476,no
28,13,5,anssi_bp28_enhanced|anssi_bp28_high|anssi_bp28_intermediary|hipaa|ism_o,xccdf_org.ssgproject.content_rule_sebool_mpd_use_nfs,Disable the mpd_use_nfs SELinux Boolean,xccdf_org.ssgproject.content_rule_sebool_named_write_master_zones,Disable the named_write_master_zones SELinux Boolean,medium,,0,0.9562,no
28,13,5,anssi_bp28_enhanced|anssi_bp28_high|anssi_bp28_intermediary|hipaa|ism_o,xccdf_org.ssgproject.content_rule_sebool_mpd_use_nfs,Disable the mpd_use_nfs SELinux Boolean,xccdf_org.ssgproject.content_rule_sebool_neutron_can_network,Disable the neutron_can_network SELinux Boolean,medium,,0,0.9643,no
28,13,5,anssi_bp28_enhanced|anssi_bp28_high|anssi_bp28_intermediary|hipaa|ism_o,xccdf_org.ssgproject.content_rule_sebool_mpd_use_nfs,Disable the mpd_use_nfs SELinux Boolean,xccdf_org.ssgproject.content_rule_sebool_nfs_export_all_ro,Enable the nfs_export_all_ro SELinux Boolean,medium,,0,0.9569,no
28,13,5,anssi_bp28_enhanced|anssi_bp28_high|anssi_bp28_intermediary|hipaa|ism_o,xccdf_org.ssgproject.content_rule_sebool_mpd_use_nfs,Disable the mpd_use_nfs SELinux Boolean,xccdf_org.ssgproject.content_rule_sebool_nfs_export_all_rw,Enable the nfs_export_all_rw SELinux Boolean,medium,,0,0.954,no
28,13,5,anssi_bp28_enhanced|anssi_bp28_high|anssi_bp28_intermediary|hipaa|ism_o,xccdf_org.ssgproject.content_rule_sebool_mpd_use_nfs,Disable the mpd_use_nfs SELinux Boolean,xccdf_org.ssgproject.content_rule_sebool_nfsd_anon_write,Disable the nfsd_anon_write SELinux Boolean,medium,,0,0.9797,no
28,13,5,anssi_bp28_enhanced|anssi_bp28_high|anssi_bp28_intermediary|hipaa|ism_o,xccdf_org.ssgproject.content_rule_sebool_mpd_use_nfs,Disable the mpd_use_nfs SELinux Boolean,xccdf_org.ssgproject.content_rule_sebool_nis_enabled,Disable the nis_enabled SELinux Boolean,medium,,0,0.9596,no
28,13,5,anssi_bp28_enhanced|anssi_bp28_high|anssi_bp28_intermediary|hipaa|ism_o,xccdf_org.ssgproject.content_rule_sebool_mpd_use_nfs,Disable the mpd_use_nfs SELinux Boolean,xccdf_org.ssgproject.content_rule_sebool_nscd_use_shm,Enable the nscd_use_shm SELinux Boolean,medium,,0,0.972,no
28,13,5,anssi_bp28_enhanced|anssi_bp28_high|anssi_bp28_intermediary|hipaa|ism_o,xccdf_org.ssgproject.content_rule_sebool_mpd_use_nfs,Disable the mpd_use_nfs SELinux Boolean,xccdf_org.ssgproject.content_rule_sebool_openshift_use_nfs,Disable the openshift_use_nfs SELinux Boolean,medium,,0,0.9783,no
28,13,5,anssi_bp28_enhanced|anssi_bp28_high|anssi_bp28_intermediary|hipaa|ism_o,xccdf_org.ssgproject.content_rule_sebool_mpd_use_nfs,Disable the mpd_use_nfs SELinux Boolean,xccdf_org.ssgproject.content_rule_sebool_openvpn_can_network_connect,Disable the openvpn_can_network_connect SELinux Boolean,medium,,0,0.9519,no
28,13,5,anssi_bp28_enhanced|anssi_bp28_high|anssi_bp28_intermediary|hipaa|ism_o,xccdf_org.ssgproject.content_rule_sebool_mpd_use_nfs,Disable the mpd_use_nfs SELinux Boolean,xccdf_org.ssgproject.content_rule_sebool_openvpn_enable_homedirs,Disable the openvpn_enable_homedirs SELinux Boolean,medium,,0,0.9519,no
28,13,5,anssi_bp28_enhanced|anssi_bp28_high|anssi_bp28_intermediary|hipaa|ism_o,xccdf_org.ssgproject.content_rule_sebool_mpd_use_nfs,Disable the mpd_use_nfs SELinux Boolean,xccdf_org.ssgproject.content_rule_sebool_openvpn_run_unconfined,Disable the openvpn_run_unconfined SELinux Boolean,medium,,0,0.9579,no
28,13,5,anssi_bp28_enhanced|anssi_bp28_high|anssi_bp28_intermediary|hipaa|ism_o,xccdf_org.ssgproject.content_rule_sebool_mpd_use_nfs,Disable the mpd_use_nfs SELinux Boolean,xccdf_org.ssgproject.content_rule_sebool_pcp_read_generic_logs,Disable the pcp_read_generic_logs SELinux Boolean,medium,,0,0.9627,no
28,13,5,anssi_bp28_enhanced|anssi_bp28_high|anssi_bp28_intermediary|hipaa|ism_o,xccdf_org.ssgproject.content_rule_sebool_mpd_use_nfs,Disable the mpd_use_nfs SELinux Boolean,xccdf_org.ssgproject.content_rule_sebool_piranha_lvs_can_network_connect,Disable the piranha_lvs_can_network_connect SELinux Boolean,medium,,0,0.9469,no
28,13,5,anssi_bp28_enhanced|anssi_bp28_high|anssi_bp28_intermediary|hipaa|ism_o,xccdf_org.ssgproject.content_rule_sebool_mpd_use_nfs,Disable the mpd_use_nfs SELinux Boolean,xccdf_org.ssgproject.content_rule_sebool_polipo_session_users,Disable the polipo_session_users SELinux Boolean,medium,,0,0.9564,no
28,13,5,anssi_bp28_enhanced|anssi_bp28_high|anssi_bp28_intermediary|hipaa|ism_o,xccdf_org.ssgproject.content_rule_sebool_mpd_use_nfs,Disable the mpd_use_nfs SELinux Boolean,xccdf_org.ssgproject.content_rule_sebool_polipo_use_cifs,Disable the polipo_use_cifs SELinux Boolean,medium,,0,0.9714,no
28,13,5,anssi_bp28_enhanced|anssi_bp28_high|anssi_bp28_intermediary|hipaa|ism_o,xccdf_org.ssgproject.content_rule_sebool_mpd_use_nfs,Disable the mpd_use_nfs SELinux Boolean,xccdf_org.ssgproject.content_rule_sebool_polipo_use_nfs,Disable the polipo_use_nfs SELinux Boolean,medium,,0,0.9784,no
28,13,5,anssi_bp28_enhanced|anssi_bp28_high|anssi_bp28_intermediary|hipaa|ism_o,xccdf_org.ssgproject.content_rule_sebool_mpd_use_nfs,Disable the mpd_use_nfs SELinux Boolean,xccdf_org.ssgproject.content_rule_sebool_postfix_local_write_mail_spool,Enable the postfix_local_write_mail_spool SELinux Boolean,medium,,0,0.9321,no
28,13,5,anssi_bp28_enhanced|anssi_bp28_high|anssi_bp28_intermediary|hipaa|ism_o,xccdf_org.ssgproject.content_rule_sebool_mpd_use_nfs,Disable the mpd_use_nfs SELinux Boolean,xccdf_org.ssgproject.content_rule_sebool_postgresql_can_rsync,Disable the postgresql_can_rsync SELinux Boolean,medium,,0,0.9424,no
28,13,5,anssi_bp28_enhanced|anssi_bp28_high|anssi_bp28_intermediary|hipaa|ism_o,xccdf_org.ssgproject.content_rule_sebool_mpd_use_nfs,Disable the mpd_use_nfs SELinux Boolean,xccdf_org.ssgproject.content_rule_sebool_postgresql_selinux_transmit_client_label,Disable the postgresql_selinux_transmit_client_label SELinux Boolean,medium,,0,0.9124,no
28,13,5,anssi_bp28_enhanced|anssi_bp28_high|anssi_bp28_intermediary|hipaa|ism_o,xccdf_org.ssgproject.content_rule_sebool_mpd_use_nfs,Disable the mpd_use_nfs SELinux Boolean,xccdf_org.ssgproject.content_rule_sebool_postgresql_selinux_unconfined_dbadm,Enable the postgresql_selinux_unconfined_dbadm SELinux Boolean,medium,,0,0.9295,no
28,13,5,anssi_bp28_enhanced|anssi_bp28_high|anssi_bp28_intermediary|hipaa|ism_o,xccdf_org.ssgproject.content_rule_sebool_mpd_use_nfs,Disable the mpd_use_nfs SELinux Boolean,xccdf_org.ssgproject.content_rule_sebool_postgresql_selinux_users_ddl,Enable the postgresql_selinux_users_ddl SELinux Boolean,medium,,0,0.9296,no
28,13,5,anssi_bp28_enhanced|anssi_bp28_high|anssi_bp28_intermediary|hipaa|ism_o,xccdf_org.ssgproject.content_rule_sebool_mpd_use_nfs,Disable the mpd_use_nfs SELinux Boolean,xccdf_org.ssgproject.content_rule_sebool_pppd_can_insmod,Disable the pppd_can_insmod SELinux Boolean,medium,,0,0.9696,no
28,13,5,anssi_bp28_enhanced|anssi_bp28_high|anssi_bp28_intermediary|hipaa|ism_o,xccdf_org.ssgproject.content_rule_sebool_mpd_use_nfs,Disable the mpd_use_nfs SELinux Boolean,xccdf_org.ssgproject.content_rule_sebool_pppd_for_user,Disable the pppd_for_user SELinux Boolean,medium,,0,0.9667,no
28,13,5,anssi_bp28_enhanced|anssi_bp28_high|anssi_bp28_intermediary|hipaa|ism_o,xccdf_org.ssgproject.content_rule_sebool_mpd_use_nfs,Disable the mpd_use_nfs SELinux Boolean,xccdf_org.ssgproject.content_rule_sebool_prosody_bind_http_port,Disable the prosody_bind_http_port SELinux Boolean,medium,,0,0.9618,no
28,13,5,anssi_bp28_enhanced|anssi_bp28_high|anssi_bp28_intermediary|hipaa|ism_o,xccdf_org.ssgproject.content_rule_sebool_mpd_use_nfs,Disable the mpd_use_nfs SELinux Boolean,xccdf_org.ssgproject.content_rule_sebool_puppetagent_manage_all_files,Disable the puppetagent_manage_all_files SELinux Boolean,medium,,0,0.9444,no
28,13,5,anssi_bp28_enhanced|anssi_bp28_high|anssi_bp28_intermediary|hipaa|ism_o,xccdf_org.ssgproject.content_rule_sebool_mpd_use_nfs,Disable the mpd_use_nfs SELinux Boolean,xccdf_org.ssgproject.content_rule_sebool_puppetmaster_use_db,Disable the puppetmaster_use_db SELinux Boolean,medium,,0,0.9667,no
28,13,5,anssi_bp28_enhanced|anssi_bp28_high|anssi_bp28_intermediary|hipaa|ism_o,xccdf_org.ssgproject.content_rule_sebool_mpd_use_nfs,Disable the mpd_use_nfs SELinux Boolean,xccdf_org.ssgproject.content_rule_sebool_racoon_read_shadow,Disable the racoon_read_shadow SELinux Boolean,medium,,0,0.9628,no
28,13,5,anssi_bp28_enhanced|anssi_bp28_high|anssi_bp28_intermediary|hipaa|ism_o,xccdf_org.ssgproject.content_rule_sebool_mpd_use_nfs,Disable the mpd_use_nfs SELinux Boolean,xccdf_org.ssgproject.content_rule_sebool_rsync_anon_write,Disable the rsync_anon_write SELinux Boolean,medium,,0,0.9654,no
28,13,5,anssi_bp28_enhanced|anssi_bp28_high|anssi_bp28_intermediary|hipaa|ism_o,xccdf_org.ssgproject.content_rule_sebool_mpd_use_nfs,Disable the mpd_use_nfs SELinux Boolean,xccdf_org.ssgproject.content_rule_sebool_rsync_client,Disable the rsync_client SELinux Boolean,medium,,0,0.9634,no
28,13,5,anssi_bp28_enhanced|anssi_bp28_high|anssi_bp28_intermediary|hipaa|ism_o,xccdf_org.ssgproject.content_rule_sebool_mpd_use_nfs,Disable the mpd_use_nfs SELinux Boolean,xccdf_org.ssgproject.content_rule_sebool_rsync_export_all_ro,Disable the rsync_export_all_ro SELinux Boolean,medium,,0,0.9582,no
28,13,5,anssi_bp28_enhanced|anssi_bp28_high|anssi_bp28_intermediary|hipaa|ism_o,xccdf_org.ssgproject.content_rule_sebool_mpd_use_nfs,Disable the mpd_use_nfs SELinux Boolean,xccdf_org.ssgproject.content_rule_sebool_rsync_full_access,Disable the rsync_full_access SELinux Boolean,medium,,0,0.9684,no
28,13,5,anssi_bp28_enhanced|anssi_bp28_high|anssi_bp28_intermediary|hipaa|ism_o,xccdf_org.ssgproject.content_rule_sebool_mpd_use_nfs,Disable the mpd_use_nfs SELinux Boolean,xccdf_org.ssgproject.content_rule_sebool_samba_create_home_dirs,Disable the samba_create_home_dirs SELinux Boolean,medium,,0,0.9643,no
28,13,5,anssi_bp28_enhanced|anssi_bp28_high|anssi_bp28_intermediary|hipaa|ism_o,xccdf_org.ssgproject.content_rule_sebool_mpd_use_nfs,Disable the mpd_use_nfs SELinux Boolean,xccdf_org.ssgproject.content_rule_sebool_samba_domain_controller,Disable the samba_domain_controller SELinux Boolean,medium,,0,0.9632,no
28,13,5,anssi_bp28_enhanced|anssi_bp28_high|anssi_bp28_intermediary|hipaa|ism_o,xccdf_org.ssgproject.content_rule_sebool_mpd_use_nfs,Disable the mpd_use_nfs SELinux Boolean,xccdf_org.ssgproject.content_rule_sebool_samba_enable_home_dirs,Disable the samba_enable_home_dirs SELinux Boolean,medium,,0,0.9618,no
28,13,5,anssi_bp28_enhanced|anssi_bp28_high|anssi_bp28_intermediary|hipaa|ism_o,xccdf_org.ssgproject.content_rule_sebool_mpd_use_nfs,Disable the mpd_use_nfs SELinux Boolean,xccdf_org.ssgproject.content_rule_sebool_samba_export_all_ro,Disable the samba_export_all_ro SELinux Boolean,medium,,0,0.9618,no
28,13,5,anssi_bp28_enhanced|anssi_bp28_high|anssi_bp28_intermediary|hipaa|ism_o,xccdf_org.ssgproject.content_rule_sebool_mpd_use_nfs,Disable the mpd_use_nfs SELinux Boolean,xccdf_org.ssgproject.content_rule_sebool_samba_export_all_rw,Disable the samba_export_all_rw SELinux Boolean,medium,,0,0.9594,no
28,13,5,anssi_bp28_enhanced|anssi_bp28_high|anssi_bp28_intermediary|hipaa|ism_o,xccdf_org.ssgproject.content_rule_sebool_mpd_use_nfs,Disable the mpd_use_nfs SELinux Boolean,xccdf_org.ssgproject.content_rule_sebool_samba_load_libgfapi,Disable the samba_load_libgfapi SELinux Boolean,medium,,0,0.9514,no
28,13,5,anssi_bp28_enhanced|anssi_bp28_high|anssi_bp28_intermediary|hipaa|ism_o,xccdf_org.ssgproject.content_rule_sebool_mpd_use_nfs,Disable the mpd_use_nfs SELinux Boolean,xccdf_org.ssgproject.content_rule_sebool_samba_portmapper,Disable the samba_portmapper SELinux Boolean,medium,,0,0.9606,no
28,13,5,anssi_bp28_enhanced|anssi_bp28_high|anssi_bp28_intermediary|hipaa|ism_o,xccdf_org.ssgproject.content_rule_sebool_mpd_use_nfs,Disable the mpd_use_nfs SELinux Boolean,xccdf_org.ssgproject.content_rule_sebool_samba_run_unconfined,Disable the samba_run_unconfined SELinux Boolean,medium,,0,0.963,no
28,13,5,anssi_bp28_enhanced|anssi_bp28_high|anssi_bp28_intermediary|hipaa|ism_o,xccdf_org.ssgproject.content_rule_sebool_mpd_use_nfs,Disable the mpd_use_nfs SELinux Boolean,xccdf_org.ssgproject.content_rule_sebool_samba_share_fusefs,Disable the samba_share_fusefs SELinux Boolean,medium,,0,0.9621,no
28,13,5,anssi_bp28_enhanced|anssi_bp28_high|anssi_bp28_intermediary|hipaa|ism_o,xccdf_org.ssgproject.content_rule_sebool_mpd_use_nfs,Disable the mpd_use_nfs SELinux Boolean,xccdf_org.ssgproject.content_rule_sebool_samba_share_nfs,Disable the samba_share_nfs SELinux Boolean,medium,,0,0.9719,no
28,13,5,anssi_bp28_enhanced|anssi_bp28_high|anssi_bp28_intermediary|hipaa|ism_o,xccdf_org.ssgproject.content_rule_sebool_mpd_use_nfs,Disable the mpd_use_nfs SELinux Boolean,xccdf_org.ssgproject.content_rule_sebool_sanlock_use_fusefs,Disable the sanlock_use_fusefs SELinux Boolean,medium,,0,0.9745,no
28,13,5,anssi_bp28_enhanced|anssi_bp28_high|anssi_bp28_intermediary|hipaa|ism_o,xccdf_org.ssgproject.content_rule_sebool_mpd_use_nfs,Disable the mpd_use_nfs SELinux Boolean,xccdf_org.ssgproject.content_rule_sebool_sanlock_use_nfs,Disable the sanlock_use_nfs SELinux Boolean,medium,,0,0.9824,no
28,13,5,anssi_bp28_enhanced|anssi_bp28_high|anssi_bp28_intermediary|hipaa|ism_o,xccdf_org.ssgproject.content_rule_sebool_mpd_use_nfs,Disable the mpd_use_nfs SELinux Boolean,xccdf_org.ssgproject.content_rule_sebool_sanlock_use_samba,Disable the sanlock_use_samba SELinux Boolean,medium,,0,0.9707,no
28,13,5,anssi_bp28_enhanced|anssi_bp28_high|anssi_bp28_intermediary|hipaa|ism_o,xccdf_org.ssgproject.content_rule_sebool_mpd_use_nfs,Disable the mpd_use_nfs SELinux Boolean,xccdf_org.ssgproject.content_rule_sebool_saslauthd_read_shadow,Disable the saslauthd_read_shadow SELinux Boolean,medium,,0,0.9618,no
28,13,5,anssi_bp28_enhanced|anssi_bp28_high|anssi_bp28_intermediary|hipaa|ism_o,xccdf_org.ssgproject.content_rule_sebool_mpd_use_nfs,Disable the mpd_use_nfs SELinux Boolean,xccdf_org.ssgproject.content_rule_sebool_secadm_exec_content,Enable the secadm_exec_content SELinux Boolean,medium,,0,0.9512,no
28,13,5,anssi_bp28_enhanced|anssi_bp28_high|anssi_bp28_intermediary|hipaa|ism_o,xccdf_org.ssgproject.content_rule_sebool_mpd_use_nfs,Disable the mpd_use_nfs SELinux Boolean,xccdf_org.ssgproject.content_rule_sebool_secure_mode,Disable the secure_mode SELinux Boolean,medium,,0,0.9589,no
28,13,5,anssi_bp28_enhanced|anssi_bp28_high|anssi_bp28_intermediary|hipaa|ism_o,xccdf_org.ssgproject.content_rule_sebool_mpd_use_nfs,Disable the mpd_use_nfs SELinux Boolean,xccdf_org.ssgproject.content_rule_sebool_secure_mode_insmod,Configure the secure_mode_insmod SELinux Boolean,medium,,0,0.952,no
28,13,5,anssi_bp28_enhanced|anssi_bp28_high|anssi_bp28_intermediary|hipaa|ism_o,xccdf_org.ssgproject.content_rule_sebool_mpd_use_nfs,Disable the mpd_use_nfs SELinux Boolean,xccdf_org.ssgproject.content_rule_sebool_secure_mode_policyload,Disable the secure_mode_policyload SELinux Boolean,medium,,0,0.959,no
28,13,5,anssi_bp28_enhanced|anssi_bp28_high|anssi_bp28_intermediary|hipaa|ism_o,xccdf_org.ssgproject.content_rule_sebool_mpd_use_nfs,Disable the mpd_use_nfs SELinux Boolean,xccdf_org.ssgproject.content_rule_sebool_selinuxuser_direct_dri_enabled,Configure the selinuxuser_direct_dri_enabled SELinux Boolean,medium,,0,0.9511,no
28,13,5,anssi_bp28_enhanced|anssi_bp28_high|anssi_bp28_intermediary|hipaa|ism_o,xccdf_org.ssgproject.content_rule_sebool_mpd_use_nfs,Disable the mpd_use_nfs SELinux Boolean,xccdf_org.ssgproject.content_rule_sebool_selinuxuser_mysql_connect_enabled,Disable the selinuxuser_mysql_connect_enabled SELinux Boolean,medium,,0,0.9506,no
28,13,5,anssi_bp28_enhanced|anssi_bp28_high|anssi_bp28_intermediary|hipaa|ism_o,xccdf_org.ssgproject.content_rule_sebool_mpd_use_nfs,Disable the mpd_use_nfs SELinux Boolean,xccdf_org.ssgproject.content_rule_sebool_selinuxuser_ping,Enable the selinuxuser_ping SELinux Boolean,medium,,0,0.9471,no
28,13,5,anssi_bp28_enhanced|anssi_bp28_high|anssi_bp28_intermediary|hipaa|ism_o,xccdf_org.ssgproject.content_rule_sebool_mpd_use_nfs,Disable the mpd_use_nfs SELinux Boolean,xccdf_org.ssgproject.content_rule_sebool_selinuxuser_postgresql_connect_enabled,Disable the selinuxuser_postgresql_connect_enabled SELinux Boolean,medium,,0,0.9396,no
28,13,5,anssi_bp28_enhanced|anssi_bp28_high|anssi_bp28_intermediary|hipaa|ism_o,xccdf_org.ssgproject.content_rule_sebool_mpd_use_nfs,Disable the mpd_use_nfs SELinux Boolean,xccdf_org.ssgproject.content_rule_sebool_selinuxuser_rw_noexattrfile,Disable the selinuxuser_rw_noexattrfile SELinux Boolean,medium,,0,0.9358,no
28,13,5,anssi_bp28_enhanced|anssi_bp28_high|anssi_bp28_intermediary|hipaa|ism_o,xccdf_org.ssgproject.content_rule_sebool_mpd_use_nfs,Disable the mpd_use_nfs SELinux Boolean,xccdf_org.ssgproject.content_rule_sebool_selinuxuser_share_music,Disable the selinuxuser_share_music SELinux Boolean,medium,,0,0.9617,no
28,13,5,anssi_bp28_enhanced|anssi_bp28_high|anssi_bp28_intermediary|hipaa|ism_o,xccdf_org.ssgproject.content_rule_sebool_mpd_use_nfs,Disable the mpd_use_nfs SELinux Boolean,xccdf_org.ssgproject.content_rule_sebool_selinuxuser_tcp_server,Disable the selinuxuser_tcp_server SELinux Boolean,medium,,0,0.9589,no
28,13,5,anssi_bp28_enhanced|anssi_bp28_high|anssi_bp28_intermediary|hipaa|ism_o,xccdf_org.ssgproject.content_rule_sebool_mpd_use_nfs,Disable the mpd_use_nfs SELinux Boolean,xccdf_org.ssgproject.content_rule_sebool_selinuxuser_udp_server,Disable the selinuxuser_udp_server SELinux Boolean,medium,,0,0.9606,no
28,13,5,anssi_bp28_enhanced|anssi_bp28_high|anssi_bp28_intermediary|hipaa|ism_o,xccdf_org.ssgproject.content_rule_sebool_mpd_use_nfs,Disable the mpd_use_nfs SELinux Boolean,xccdf_org.ssgproject.content_rule_sebool_selinuxuser_use_ssh_chroot,Disable the selinuxuser_use_ssh_chroot SELinux Boolean,medium,,0,0.9552,no
28,13,5,anssi_bp28_enhanced|anssi_bp28_high|anssi_bp28_intermediary|hipaa|ism_o,xccdf_org.ssgproject.content_rule_sebool_mpd_use_nfs,Disable the mpd_use_nfs SELinux Boolean,xccdf_org.ssgproject.content_rule_sebool_sge_domain_can_network_connect,Disable the sge_domain_can_network_connect SELinux Boolean,medium,,0,0.9586,no
28,13,5,anssi_bp28_enhanced|anssi_bp28_high|anssi_bp28_intermediary|hipaa|ism_o,xccdf_org.ssgproject.content_rule_sebool_mpd_use_nfs,Disable the mpd_use_nfs SELinux Boolean,xccdf_org.ssgproject.content_rule_sebool_sge_use_nfs,Disable the sge_use_nfs SELinux Boolean,medium,,0,0.987,no
28,13,5,anssi_bp28_enhanced|anssi_bp28_high|anssi_bp28_intermediary|hipaa|ism_o,xccdf_org.ssgproject.content_rule_sebool_mpd_use_nfs,Disable the mpd_use_nfs SELinux Boolean,xccdf_org.ssgproject.content_rule_sebool_smartmon_3ware,Disable the smartmon_3ware SELinux Boolean,medium,,0,0.9537,no
28,13,5,anssi_bp28_enhanced|anssi_bp28_high|anssi_bp28_intermediary|hipaa|ism_o,xccdf_org.ssgproject.content_rule_sebool_mpd_use_nfs,Disable the mpd_use_nfs SELinux Boolean,xccdf_org.ssgproject.content_rule_sebool_smbd_anon_write,Disable the smbd_anon_write SELinux Boolean,medium,,0,0.9719,no
28,13,5,anssi_bp28_enhanced|anssi_bp28_high|anssi_bp28_intermediary|hipaa|ism_o,xccdf_org.ssgproject.content_rule_sebool_mpd_use_nfs,Disable the mpd_use_nfs SELinux Boolean,xccdf_org.ssgproject.content_rule_sebool_spamassassin_can_network,Disable the spamassassin_can_network SELinux Boolean,medium,,0,0.9466,no
28,13,5,anssi_bp28_enhanced|anssi_bp28_high|anssi_bp28_intermediary|hipaa|ism_o,xccdf_org.ssgproject.content_rule_sebool_mpd_use_nfs,Disable the mpd_use_nfs SELinux Boolean,xccdf_org.ssgproject.content_rule_sebool_spamd_enable_home_dirs,Enable the spamd_enable_home_dirs SELinux Boolean,medium,,0,0.9494,no
28,13,5,anssi_bp28_enhanced|anssi_bp28_high|anssi_bp28_intermediary|hipaa|ism_o,xccdf_org.ssgproject.content_rule_sebool_mpd_use_nfs,Disable the mpd_use_nfs SELinux Boolean,xccdf_org.ssgproject.content_rule_sebool_squid_use_tproxy,Disable the squid_use_tproxy SELinux Boolean,medium,,0,0.965,no
28,13,5,anssi_bp28_enhanced|anssi_bp28_high|anssi_bp28_intermediary|hipaa|ism_o,xccdf_org.ssgproject.content_rule_sebool_mpd_use_nfs,Disable the mpd_use_nfs SELinux Boolean,xccdf_org.ssgproject.content_rule_sebool_ssh_chroot_rw_homedirs,Disable the ssh_chroot_rw_homedirs SELinux Boolean,medium,,0,0.9423,no
28,13,5,anssi_bp28_enhanced|anssi_bp28_high|anssi_bp28_intermediary|hipaa|ism_o,xccdf_org.ssgproject.content_rule_sebool_mpd_use_nfs,Disable the mpd_use_nfs SELinux Boolean,xccdf_org.ssgproject.content_rule_sebool_ssh_keysign,Disable the ssh_keysign SELinux Boolean,medium,,0,0.9569,no
28,13,5,anssi_bp28_enhanced|anssi_bp28_high|anssi_bp28_intermediary|hipaa|ism_o,xccdf_org.ssgproject.content_rule_sebool_mpd_use_nfs,Disable the mpd_use_nfs SELinux Boolean,xccdf_org.ssgproject.content_rule_sebool_staff_exec_content,Enable the staff_exec_content SELinux Boolean,medium,,0,0.9465,no
28,13,5,anssi_bp28_enhanced|anssi_bp28_high|anssi_bp28_intermediary|hipaa|ism_o,xccdf_org.ssgproject.content_rule_sebool_mpd_use_nfs,Disable the mpd_use_nfs SELinux Boolean,xccdf_org.ssgproject.content_rule_sebool_staff_use_svirt,Disable the staff_use_svirt SELinux Boolean,medium,,0,0.9619,no
28,13,5,anssi_bp28_enhanced|anssi_bp28_high|anssi_bp28_intermediary|hipaa|ism_o,xccdf_org.ssgproject.content_rule_sebool_mpd_use_nfs,Disable the mpd_use_nfs SELinux Boolean,xccdf_org.ssgproject.content_rule_sebool_swift_can_network,Disable the swift_can_network SELinux Boolean,medium,,0,0.9657,no
28,13,5,anssi_bp28_enhanced|anssi_bp28_high|anssi_bp28_intermediary|hipaa|ism_o,xccdf_org.ssgproject.content_rule_sebool_mpd_use_nfs,Disable the mpd_use_nfs SELinux Boolean,xccdf_org.ssgproject.content_rule_sebool_sysadm_exec_content,Enable the sysadm_exec_content SELinux Boolean,medium,,0,0.9468,no
28,13,5,anssi_bp28_enhanced|anssi_bp28_high|anssi_bp28_intermediary|hipaa|ism_o,xccdf_org.ssgproject.content_rule_sebool_mpd_use_nfs,Disable the mpd_use_nfs SELinux Boolean,xccdf_org.ssgproject.content_rule_sebool_telepathy_connect_all_ports,Disable the telepathy_connect_all_ports SELinux Boolean,medium,,0,0.9409,no
28,13,5,anssi_bp28_enhanced|anssi_bp28_high|anssi_bp28_intermediary|hipaa|ism_o,xccdf_org.ssgproject.content_rule_sebool_mpd_use_nfs,Disable the mpd_use_nfs SELinux Boolean,xccdf_org.ssgproject.content_rule_sebool_telepathy_tcp_connect_generic_network_ports,Disable the telepathy_tcp_connect_generic_network_ports SELinux Boolean,medium,,0,0.9197,no
28,13,5,anssi_bp28_enhanced|anssi_bp28_high|anssi_bp28_intermediary|hipaa|ism_o,xccdf_org.ssgproject.content_rule_sebool_mpd_use_nfs,Disable the mpd_use_nfs SELinux Boolean,xccdf_org.ssgproject.content_rule_sebool_tftp_anon_write,Disable the tftp_anon_write SELinux Boolean,medium,,0,0.9668,no
28,13,5,anssi_bp28_enhanced|anssi_bp28_high|anssi_bp28_intermediary|hipaa|ism_o,xccdf_org.ssgproject.content_rule_sebool_mpd_use_nfs,Disable the mpd_use_nfs SELinux Boolean,xccdf_org.ssgproject.content_rule_sebool_tftp_home_dir,Disable the tftp_home_dir SELinux Boolean,medium,,0,0.9636,no
28,13,5,anssi_bp28_enhanced|anssi_bp28_high|anssi_bp28_intermediary|hipaa|ism_o,xccdf_org.ssgproject.content_rule_sebool_mpd_use_nfs,Disable the mpd_use_nfs SELinux Boolean,xccdf_org.ssgproject.content_rule_sebool_tmpreaper_use_nfs,Disable the tmpreaper_use_nfs SELinux Boolean,medium,,0,0.9814,no
28,13,5,anssi_bp28_enhanced|anssi_bp28_high|anssi_bp28_intermediary|hipaa|ism_o,xccdf_org.ssgproject.content_rule_sebool_mpd_use_nfs,Disable the mpd_use_nfs SELinux Boolean,xccdf_org.ssgproject.content_rule_sebool_tmpreaper_use_samba,Disable the tmpreaper_use_samba SELinux Boolean,medium,,0,0.9708,no
28,13,5,anssi_bp28_enhanced|anssi_bp28_high|anssi_bp28_intermediary|hipaa|ism_o,xccdf_org.ssgproject.content_rule_sebool_mpd_use_nfs,Disable the mpd_use_nfs SELinux Boolean,xccdf_org.ssgproject.content_rule_sebool_tor_can_network_relay,Disable the tor_can_network_relay SELinux Boolean,medium,,0,0.9559,no
28,13,5,anssi_bp28_enhanced|anssi_bp28_high|anssi_bp28_intermediary|hipaa|ism_o,xccdf_org.ssgproject.content_rule_sebool_mpd_use_nfs,Disable the mpd_use_nfs SELinux Boolean,xccdf_org.ssgproject.content_rule_sebool_unconfined_chrome_sandbox_transition,Enable the unconfined_chrome_sandbox_transition SELinux Boolean,medium,,0,0.942,no
28,13,5,anssi_bp28_enhanced|anssi_bp28_high|anssi_bp28_intermediary|hipaa|ism_o,xccdf_org.ssgproject.content_rule_sebool_mpd_use_nfs,Disable the mpd_use_nfs SELinux Boolean,xccdf_org.ssgproject.content_rule_sebool_unconfined_login,Enable the unconfined_login SELinux Boolean,medium,,0,0.9514,no
28,13,5,anssi_bp28_enhanced|anssi_bp28_high|anssi_bp28_intermediary|hipaa|ism_o,xccdf_org.ssgproject.content_rule_sebool_mpd_use_nfs,Disable the mpd_use_nfs SELinux Boolean,xccdf_org.ssgproject.content_rule_sebool_unprivuser_use_svirt,Disable the unprivuser_use_svirt SELinux Boolean,medium,,0,0.9587,no
28,13,5,anssi_bp28_enhanced|anssi_bp28_high|anssi_bp28_intermediary|hipaa|ism_o,xccdf_org.ssgproject.content_rule_sebool_mpd_use_nfs,Disable the mpd_use_nfs SELinux Boolean,xccdf_org.ssgproject.content_rule_sebool_use_ecryptfs_home_dirs,Disable the use_ecryptfs_home_dirs SELinux Boolean,medium,,0,0.9613,no
28,13,5,anssi_bp28_enhanced|anssi_bp28_high|anssi_bp28_intermediary|hipaa|ism_o,xccdf_org.ssgproject.content_rule_sebool_mpd_use_nfs,Disable the mpd_use_nfs SELinux Boolean,xccdf_org.ssgproject.content_rule_sebool_use_fusefs_home_dirs,Disable the use_fusefs_home_dirs SELinux Boolean,medium,,0,0.9716,no
28,13,5,anssi_bp28_enhanced|anssi_bp28_high|anssi_bp28_intermediary|hipaa|ism_o,xccdf_org.ssgproject.content_rule_sebool_mpd_use_nfs,Disable the mpd_use_nfs SELinux Boolean,xccdf_org.ssgproject.content_rule_sebool_use_lpd_server,Disable the use_lpd_server SELinux Boolean,medium,,0,0.9769,no
28,13,5,anssi_bp28_enhanced|anssi_bp28_high|anssi_bp28_intermediary|hipaa|ism_o,xccdf_org.ssgproject.content_rule_sebool_mpd_use_nfs,Disable the mpd_use_nfs SELinux Boolean,xccdf_org.ssgproject.content_rule_sebool_use_nfs_home_dirs,Disable the use_nfs_home_dirs SELinux Boolean,medium,,0,0.9768,no
28,13,5,anssi_bp28_enhanced|anssi_bp28_high|anssi_bp28_intermediary|hipaa|ism_o,xccdf_org.ssgproject.content_rule_sebool_mpd_use_nfs,Disable the mpd_use_nfs SELinux Boolean,xccdf_org.ssgproject.content_rule_sebool_use_samba_home_dirs,Disable the use_samba_home_dirs SELinux Boolean,medium,,0,0.9667,no
28,13,5,anssi_bp28_enhanced|anssi_bp28_high|anssi_bp28_intermediary|hipaa|ism_o,xccdf_org.ssgproject.content_rule_sebool_mpd_use_nfs,Disable the mpd_use_nfs SELinux Boolean,xccdf_org.ssgproject.content_rule_sebool_user_exec_content,Enable the user_exec_content SELinux Boolean,medium,,0,0.9533,no
28,13,5,anssi_bp28_enhanced|anssi_bp28_high|anssi_bp28_intermediary|hipaa|ism_o,xccdf_org.ssgproject.content_rule_sebool_mpd_use_nfs,Disable the mpd_use_nfs SELinux Boolean,xccdf_org.ssgproject.content_rule_sebool_virt_read_qemu_ga_data,Disable the virt_read_qemu_ga_data SELinux Boolean,medium,,0,0.9492,no
28,13,5,anssi_bp28_enhanced|anssi_bp28_high|anssi_bp28_intermediary|hipaa|ism_o,xccdf_org.ssgproject.content_rule_sebool_mpd_use_nfs,Disable the mpd_use_nfs SELinux Boolean,xccdf_org.ssgproject.content_rule_sebool_virt_rw_qemu_ga_data,Disable the virt_rw_qemu_ga_data SELinux Boolean,medium,,0,0.9393,no
28,13,5,anssi_bp28_enhanced|anssi_bp28_high|anssi_bp28_intermediary|hipaa|ism_o,xccdf_org.ssgproject.content_rule_sebool_mpd_use_nfs,Disable the mpd_use_nfs SELinux Boolean,xccdf_org.ssgproject.content_rule_sebool_virt_sandbox_use_all_caps,Disable the virt_sandbox_use_all_caps SELinux Boolean,medium,,0,0.9519,no
28,13,5,anssi_bp28_enhanced|anssi_bp28_high|anssi_bp28_intermediary|hipaa|ism_o,xccdf_org.ssgproject.content_rule_sebool_mpd_use_nfs,Disable the mpd_use_nfs SELinux Boolean,xccdf_org.ssgproject.content_rule_sebool_virt_sandbox_use_audit,Enable the virt_sandbox_use_audit SELinux Boolean,medium,,0,0.9469,no
28,13,5,anssi_bp28_enhanced|anssi_bp28_high|anssi_bp28_intermediary|hipaa|ism_o,xccdf_org.ssgproject.content_rule_sebool_mpd_use_nfs,Disable the mpd_use_nfs SELinux Boolean,xccdf_org.ssgproject.content_rule_sebool_virt_sandbox_use_mknod,Disable the virt_sandbox_use_mknod SELinux Boolean,medium,,0,0.9695,no
28,13,5,anssi_bp28_enhanced|anssi_bp28_high|anssi_bp28_intermediary|hipaa|ism_o,xccdf_org.ssgproject.content_rule_sebool_mpd_use_nfs,Disable the mpd_use_nfs SELinux Boolean,xccdf_org.ssgproject.content_rule_sebool_virt_sandbox_use_netlink,Disable the virt_sandbox_use_netlink SELinux Boolean,medium,,0,0.9599,no
28,13,5,anssi_bp28_enhanced|anssi_bp28_high|anssi_bp28_intermediary|hipaa|ism_o,xccdf_org.ssgproject.content_rule_sebool_mpd_use_nfs,Disable the mpd_use_nfs SELinux Boolean,xccdf_org.ssgproject.content_rule_sebool_virt_sandbox_use_sys_admin,Disable the virt_sandbox_use_sys_admin SELinux Boolean,medium,,0,0.9558,no
28,13,5,anssi_bp28_enhanced|anssi_bp28_high|anssi_bp28_intermediary|hipaa|ism_o,xccdf_org.ssgproject.content_rule_sebool_mpd_use_nfs,Disable the mpd_use_nfs SELinux Boolean,xccdf_org.ssgproject.content_rule_sebool_virt_transition_userdomain,Disable the virt_transition_userdomain SELinux Boolean,medium,,0,0.9602,no
28,13,5,anssi_bp28_enhanced|anssi_bp28_high|anssi_bp28_intermediary|hipaa|ism_o,xccdf_org.ssgproject.content_rule_sebool_mpd_use_nfs,Disable the mpd_use_nfs SELinux Boolean,xccdf_org.ssgproject.content_rule_sebool_virt_use_comm,Disable the virt_use_comm SELinux Boolean,medium,,0,0.9718,no
28,13,5,anssi_bp28_enhanced|anssi_bp28_high|anssi_bp28_intermediary|hipaa|ism_o,xccdf_org.ssgproject.content_rule_sebool_mpd_use_nfs,Disable the mpd_use_nfs SELinux Boolean,xccdf_org.ssgproject.content_rule_sebool_virt_use_execmem,Disable the virt_use_execmem SELinux Boolean,medium,,0,0.9599,no
28,13,5,anssi_bp28_enhanced|anssi_bp28_high|anssi_bp28_intermediary|hipaa|ism_o,xccdf_org.ssgproject.content_rule_sebool_mpd_use_nfs,Disable the mpd_use_nfs SELinux Boolean,xccdf_org.ssgproject.content_rule_sebool_virt_use_fusefs,Disable the virt_use_fusefs SELinux Boolean,medium,,0,0.9748,no
28,13,5,anssi_bp28_enhanced|anssi_bp28_high|anssi_bp28_intermediary|hipaa|ism_o,xccdf_org.ssgproject.content_rule_sebool_mpd_use_nfs,Disable the mpd_use_nfs SELinux Boolean,xccdf_org.ssgproject.content_rule_sebool_virt_use_nfs,Disable the virt_use_nfs SELinux Boolean,medium,,0,0.9852,no
28,13,5,anssi_bp28_enhanced|anssi_bp28_high|anssi_bp28_intermediary|hipaa|ism_o,xccdf_org.ssgproject.content_rule_sebool_mpd_use_nfs,Disable the mpd_use_nfs SELinux Boolean,xccdf_org.ssgproject.content_rule_sebool_virt_use_rawip,Disable the virt_use_rawip SELinux Boolean,medium,,0,0.9704,no
28,13,5,anssi_bp28_enhanced|anssi_bp28_high|anssi_bp28_intermediary|hipaa|ism_o,xccdf_org.ssgproject.content_rule_sebool_mpd_use_nfs,Disable the mpd_use_nfs SELinux Boolean,xccdf_org.ssgproject.content_rule_sebool_virt_use_samba,Disable the virt_use_samba SELinux Boolean,medium,,0,0.9701,no
28,13,5,anssi_bp28_enhanced|anssi_bp28_high|anssi_bp28_intermediary|hipaa|ism_o,xccdf_org.ssgproject.content_rule_sebool_mpd_use_nfs,Disable the mpd_use_nfs SELinux Boolean,xccdf_org.ssgproject.content_rule_sebool_virt_use_sanlock,Disable the virt_use_sanlock SELinux Boolean,medium,,0,0.9696,no
28,13,5,anssi_bp28_enhanced|anssi_bp28_high|anssi_bp28_intermediary|hipaa|ism_o,xccdf_org.ssgproject.content_rule_sebool_mpd_use_nfs,Disable the mpd_use_nfs SELinux Boolean,xccdf_org.ssgproject.content_rule_sebool_virt_use_usb,Disable the virt_use_usb SELinux Boolean,medium,,0,0.9666,no
28,13,5,anssi_bp28_enhanced|anssi_bp28_high|anssi_bp28_intermediary|hipaa|ism_o,xccdf_org.ssgproject.content_rule_sebool_mpd_use_nfs,Disable the mpd_use_nfs SELinux Boolean,xccdf_org.ssgproject.content_rule_sebool_virt_use_xserver,Disable the virt_use_xserver SELinux Boolean,medium,,0,0.9646,no
28,13,5,anssi_bp28_enhanced|anssi_bp28_high|anssi_bp28_intermediary|hipaa|ism_o,xccdf_org.ssgproject.content_rule_sebool_mpd_use_nfs,Disable the mpd_use_nfs SELinux Boolean,xccdf_org.ssgproject.content_rule_sebool_webadm_manage_user_files,Disable the webadm_manage_user_files SELinux Boolean,medium,,0,0.956,no
28,13,5,anssi_bp28_enhanced|anssi_bp28_high|anssi_bp28_intermediary|hipaa|ism_o,xccdf_org.ssgproject.content_rule_sebool_mpd_use_nfs,Disable the mpd_use_nfs SELinux Boolean,xccdf_org.ssgproject.content_rule_sebool_webadm_read_user_files,Disable the webadm_read_user_files SELinux Boolean,medium,,0,0.964,no
28,13,5,anssi_bp28_enhanced|anssi_bp28_high|anssi_bp28_intermediary|hipaa|ism_o,xccdf_org.ssgproject.content_rule_sebool_mpd_use_nfs,Disable the mpd_use_nfs SELinux Boolean,xccdf_org.ssgproject.content_rule_sebool_wine_mmap_zero_ignore,Disable the wine_mmap_zero_ignore SELinux Boolean,medium,,0,0.9686,no
28,13,5,anssi_bp28_enhanced|anssi_bp28_high|anssi_bp28_intermediary|hipaa|ism_o,xccdf_org.ssgproject.content_rule_sebool_mpd_use_nfs,Disable the mpd_use_nfs SELinux Boolean,xccdf_org.ssgproject.content_rule_sebool_xdm_bind_vnc_tcp_port,Disable the xdm_bind_vnc_tcp_port SELinux Boolean,medium,,0,0.9376,no
28,13,5,anssi_bp28_enhanced|anssi_bp28_high|anssi_bp28_intermediary|hipaa|ism_o,xccdf_org.ssgproject.content_rule_sebool_mpd_use_nfs,Disable the mpd_use_nfs SELinux Boolean,xccdf_org.ssgproject.content_rule_sebool_xdm_exec_bootloader,Disable the xdm_exec_bootloader SELinux Boolean,medium,,0,0.9491,no
28,13,5,anssi_bp28_enhanced|anssi_bp28_high|anssi_bp28_intermediary|hipaa|ism_o,xccdf_org.ssgproject.content_rule_sebool_mpd_use_nfs,Disable the mpd_use_nfs SELinux Boolean,xccdf_org.ssgproject.content_rule_sebool_xdm_sysadm_login,Disable the xdm_sysadm_login SELinux Boolean,medium,,0,0.9407,no
28,13,5,anssi_bp28_enhanced|anssi_bp28_high|anssi_bp28_intermediary|hipaa|ism_o,xccdf_org.ssgproject.content_rule_sebool_mpd_use_nfs,Disable the mpd_use_nfs SELinux Boolean,xccdf_org.ssgproject.content_rule_sebool_xdm_write_home,Disable the xdm_write_home SELinux Boolean,medium,,0,0.9645,no
28,13,5,anssi_bp28_enhanced|anssi_bp28_high|anssi_bp28_intermediary|hipaa|ism_o,xccdf_org.ssgproject.content_rule_sebool_mpd_use_nfs,Disable the mpd_use_nfs SELinux Boolean,xccdf_org.ssgproject.content_rule_sebool_xen_use_nfs,Disable the xen_use_nfs SELinux Boolean,medium,,0,0.9842,no
28,13,5,anssi_bp28_enhanced|anssi_bp28_high|anssi_bp28_intermediary|hipaa|ism_o,xccdf_org.ssgproject.content_rule_sebool_mpd_use_nfs,Disable the mpd_use_nfs SELinux Boolean,xccdf_org.ssgproject.content_rule_sebool_xend_run_blktap,Enable the xend_run_blktap SELinux Boolean,medium,,0,0.9426,no
28,13,5,anssi_bp28_enhanced|anssi_bp28_high|anssi_bp28_intermediary|hipaa|ism_o,xccdf_org.ssgproject.content_rule_sebool_mpd_use_nfs,Disable the mpd_use_nfs SELinux Boolean,xccdf_org.ssgproject.content_rule_sebool_xend_run_qemu,Enable the xend_run_qemu SELinux Boolean,medium,,0,0.946,no
28,13,5,anssi_bp28_enhanced|anssi_bp28_high|anssi_bp28_intermediary|hipaa|ism_o,xccdf_org.ssgproject.content_rule_sebool_mpd_use_nfs,Disable the mpd_use_nfs SELinux Boolean,xccdf_org.ssgproject.content_rule_sebool_xguest_connect_network,Disable the xguest_connect_network SELinux Boolean,medium,,0,0.9575,no
28,13,5,anssi_bp28_enhanced|anssi_bp28_high|anssi_bp28_intermediary|hipaa|ism_o,xccdf_org.ssgproject.content_rule_sebool_mpd_use_nfs,Disable the mpd_use_nfs SELinux Boolean,xccdf_org.ssgproject.content_rule_sebool_xguest_exec_content,Disable the xguest_exec_content SELinux Boolean,medium,,0,0.9511,no
28,13,5,anssi_bp28_enhanced|anssi_bp28_high|anssi_bp28_intermediary|hipaa|ism_o,xccdf_org.ssgproject.content_rule_sebool_mpd_use_nfs,Disable the mpd_use_nfs SELinux Boolean,xccdf_org.ssgproject.content_rule_sebool_xguest_mount_media,Disable the xguest_mount_media SELinux Boolean,medium,,0,0.9529,no
28,13,5,anssi_bp28_enhanced|anssi_bp28_high|anssi_bp28_intermediary|hipaa|ism_o,xccdf_org.ssgproject.content_rule_sebool_mpd_use_nfs,Disable the mpd_use_nfs SELinux Boolean,xccdf_org.ssgproject.content_rule_sebool_xguest_use_bluetooth,Disable the xguest_use_bluetooth SELinux Boolean,medium,,0,0.9618,no
28,13,5,anssi_bp28_enhanced|anssi_bp28_high|anssi_bp28_intermediary|hipaa|ism_o,xccdf_org.ssgproject.content_rule_sebool_mpd_use_nfs,Disable the mpd_use_nfs SELinux Boolean,xccdf_org.ssgproject.content_rule_sebool_xserver_clients_write_xshm,Disable the xserver_clients_write_xshm SELinux Boolean,medium,,0,0.9448,no
28,13,5,anssi_bp28_enhanced|anssi_bp28_high|anssi_bp28_intermediary|hipaa|ism_o,xccdf_org.ssgproject.content_rule_sebool_mpd_use_nfs,Disable the mpd_use_nfs SELinux Boolean,xccdf_org.ssgproject.content_rule_sebool_xserver_execmem,Disable the xserver_execmem SELinux Boolean,medium,,0,0.9421,no
28,13,5,anssi_bp28_enhanced|anssi_bp28_high|anssi_bp28_intermediary|hipaa|ism_o,xccdf_org.ssgproject.content_rule_sebool_mpd_use_nfs,Disable the mpd_use_nfs SELinux Boolean,xccdf_org.ssgproject.content_rule_sebool_xserver_object_manager,Disable the xserver_object_manager SELinux Boolean,medium,,0,0.9456,no
28,13,5,anssi_bp28_enhanced|anssi_bp28_high|anssi_bp28_intermediary|hipaa|ism_o,xccdf_org.ssgproject.content_rule_sebool_mpd_use_nfs,Disable the mpd_use_nfs SELinux Boolean,xccdf_org.ssgproject.content_rule_sebool_zabbix_can_network,Disable the zabbix_can_network SELinux Boolean,medium,,0,0.9638,no
28,13,5,anssi_bp28_enhanced|anssi_bp28_high|anssi_bp28_intermediary|hipaa|ism_o,xccdf_org.ssgproject.content_rule_sebool_mpd_use_nfs,Disable the mpd_use_nfs SELinux Boolean,xccdf_org.ssgproject.content_rule_sebool_zarafa_setrlimit,Disable the zarafa_setrlimit SELinux Boolean,medium,,0,0.9495,no
28,13,5,anssi_bp28_enhanced|anssi_bp28_high|anssi_bp28_intermediary|hipaa|ism_o,xccdf_org.ssgproject.content_rule_sebool_mpd_use_nfs,Disable the mpd_use_nfs SELinux Boolean,xccdf_org.ssgproject.content_rule_sebool_zebra_write_config,Disable the zebra_write_config SELinux Boolean,medium,,0,0.9657,no
28,13,5,anssi_bp28_enhanced|anssi_bp28_high|anssi_bp28_intermediary|hipaa|ism_o,xccdf_org.ssgproject.content_rule_sebool_mpd_use_nfs,Disable the mpd_use_nfs SELinux Boolean,xccdf_org.ssgproject.content_rule_sebool_zoneminder_anon_write,Disable the zoneminder_anon_write SELinux Boolean,medium,,0,0.9622,no
28,13,5,anssi_bp28_enhanced|anssi_bp28_high|anssi_bp28_intermediary|hipaa|ism_o,xccdf_org.ssgproject.content_rule_sebool_mpd_use_nfs,Disable the mpd_use_nfs SELinux Boolean,xccdf_org.ssgproject.content_rule_sebool_zoneminder_run_sudo,Disable the zoneminder_run_sudo SELinux Boolean,medium,,0,0.9612,no
28,13,5,anssi_bp28_enhanced|anssi_bp28_high|anssi_bp28_intermediary|hipaa|ism_o,xccdf_org.ssgproject.content_rule_sebool_mpd_use_nfs,Disable the mpd_use_nfs SELinux Boolean,xccdf_org.ssgproject.content_rule_sebool_auditadm_exec_content,Enable the auditadm_exec_content SELinux Boolean,medium,ism_o,1,0.9479,no
28,13,5,anssi_bp28_enhanced|anssi_bp28_high|anssi_bp28_intermediary|hipaa|ism_o,xccdf_org.ssgproject.content_rule_sebool_mpd_use_nfs,Disable the mpd_use_nfs SELinux Boolean,xccdf_org.ssgproject.content_rule_sebool_deny_execmem,Configure the deny_execmem SELinux Boolean,medium,anssi_bp28_high,1,0.943,no
28,13,5,anssi_bp28_enhanced|anssi_bp28_high|anssi_bp28_intermediary|hipaa|ism_o,xccdf_org.ssgproject.content_rule_sebool_mpd_use_nfs,Disable the mpd_use_nfs SELinux Boolean,xccdf_org.ssgproject.content_rule_sebool_selinuxuser_execmod,Enable the selinuxuser_execmod SELinux Boolean,medium,hipaa,1,0.9422,no
28,13,5,anssi_bp28_enhanced|anssi_bp28_high|anssi_bp28_intermediary|hipaa|ism_o,xccdf_org.ssgproject.content_rule_sebool_mpd_use_nfs,Disable the mpd_use_nfs SELinux Boolean,xccdf_org.ssgproject.content_rule_sebool_ssh_sysadm_login,Disable the ssh_sysadm_login SELinux Boolean,medium,anssi_bp28_high,1,0.9519,no
28,13,5,anssi_bp28_enhanced|anssi_bp28_high|anssi_bp28_intermediary|hipaa|ism_o,xccdf_org.ssgproject.content_rule_sebool_mpd_use_nfs,Disable the mpd_use_nfs SELinux Boolean,xccdf_org.ssgproject.content_rule_sebool_selinuxuser_execheap,Disable the selinuxuser_execheap SELinux Boolean,medium,anssi_bp28_high|hipaa,2,0.9477,no
28,13,5,anssi_bp28_enhanced|anssi_bp28_high|anssi_bp28_intermediary|hipaa|ism_o,xccdf_org.ssgproject.content_rule_sebool_mpd_use_nfs,Disable the mpd_use_nfs SELinux Boolean,xccdf_org.ssgproject.content_rule_sebool_selinuxuser_execstack,Disable the selinuxuser_execstack SELinux Boolean,medium,anssi_bp28_high|hipaa,2,0.9321,no
28,13,5,anssi_bp28_enhanced|anssi_bp28_high|anssi_bp28_intermediary|hipaa|ism_o,xccdf_org.ssgproject.content_rule_sebool_mpd_use_nfs,Disable the mpd_use_nfs SELinux Boolean,xccdf_org.ssgproject.content_rule_sebool_polyinstantiation_enabled,Configure the polyinstantiation_enabled SELinux Boolean,medium,anssi_bp28_enhanced|anssi_bp28_high|anssi_bp28_intermediary,3,0.9346,no
29,0,3,pci-dss|stig|stig_gui,xccdf_org.ssgproject.content_rule_audit_rules_unsuccessful_file_modification_fsetxattr,Record Unsuccessful Permission Changes to Files - fsetxattr,xccdf_org.ssgproject.content_rule_audit_rules_unsuccessful_file_modification_chmod,Record Unsuccessful Permission Changes to Files - chmod,medium,,0,0.9971,no
29,0,3,pci-dss|stig|stig_gui,xccdf_org.ssgproject.content_rule_audit_rules_unsuccessful_file_modification_fsetxattr,Record Unsuccessful Permission Changes to Files - fsetxattr,xccdf_org.ssgproject.content_rule_audit_rules_unsuccessful_file_modification_chown,Record Unsuccessful Ownership Changes to Files - chown,medium,,0,0.9971,no
29,0,3,pci-dss|stig|stig_gui,xccdf_org.ssgproject.content_rule_audit_rules_unsuccessful_file_modification_fsetxattr,Record Unsuccessful Permission Changes to Files - fsetxattr,xccdf_org.ssgproject.content_rule_audit_rules_unsuccessful_file_modification_fchmod,Record Unsuccessful Permission Changes to Files - fchmod,medium,,0,0.9962,no
29,0,3,pci-dss|stig|stig_gui,xccdf_org.ssgproject.content_rule_audit_rules_unsuccessful_file_modification_fsetxattr,Record Unsuccessful Permission Changes to Files - fsetxattr,xccdf_org.ssgproject.content_rule_audit_rules_unsuccessful_file_modification_fchmodat,Record Unsuccessful Permission Changes to Files - fchmodat,medium,,0,0.9966,no
29,0,3,pci-dss|stig|stig_gui,xccdf_org.ssgproject.content_rule_audit_rules_unsuccessful_file_modification_fsetxattr,Record Unsuccessful Permission Changes to Files - fsetxattr,xccdf_org.ssgproject.content_rule_audit_rules_unsuccessful_file_modification_fchown,Record Unsuccessful Ownership Changes to Files - fchown,medium,,0,0.9964,no
29,0,3,pci-dss|stig|stig_gui,xccdf_org.ssgproject.content_rule_audit_rules_unsuccessful_file_modification_fsetxattr,Record Unsuccessful Permission Changes to Files - fsetxattr,xccdf_org.ssgproject.content_rule_audit_rules_unsuccessful_file_modification_fchownat,Record Unsuccessful Ownership Changes to Files - fchownat,medium,,0,0.9965,no
29,0,3,pci-dss|stig|stig_gui,xccdf_org.ssgproject.content_rule_audit_rules_unsuccessful_file_modification_fsetxattr,Record Unsuccessful Permission Changes to Files - fsetxattr,xccdf_org.ssgproject.content_rule_audit_rules_unsuccessful_file_modification_fremovexattr,Record Unsuccessful Permission Changes to Files - fremovexattr,medium,,0,0.9977,no
29,0,3,pci-dss|stig|stig_gui,xccdf_org.ssgproject.content_rule_audit_rules_unsuccessful_file_modification_fsetxattr,Record Unsuccessful Permission Changes to Files - fsetxattr,xccdf_org.ssgproject.content_rule_audit_rules_unsuccessful_file_modification_fsetxattr,Record Unsuccessful Permission Changes to Files - fsetxattr,medium,,0,1.0,yes
29,0,3,pci-dss|stig|stig_gui,xccdf_org.ssgproject.content_rule_audit_rules_unsuccessful_file_modification_fsetxattr,Record Unsuccessful Permission Changes to Files - fsetxattr,xccdf_org.ssgproject.content_rule_audit_rules_unsuccessful_file_modification_lchown,Record Unsuccessful Ownership Changes to Files - lchown,medium,,0,0.9965,no
29,0,3,pci-dss|stig|stig_gui,xccdf_org.ssgproject.content_rule_audit_rules_unsuccessful_file_modification_fsetxattr,Record Unsuccessful Permission Changes to Files - fsetxattr,xccdf_org.ssgproject.content_rule_audit_rules_unsuccessful_file_modification_lremovexattr,Record Unsuccessful Permission Changes to Files - lremovexattr,medium,,0,0.9981,no
29,0,3,pci-dss|stig|stig_gui,xccdf_org.ssgproject.content_rule_audit_rules_unsuccessful_file_modification_fsetxattr,Record Unsuccessful Permission Changes to Files - fsetxattr,xccdf_org.ssgproject.content_rule_audit_rules_unsuccessful_file_modification_lsetxattr,Record Unsuccessful Permission Changes to Files - lsetxattr,medium,,0,0.9994,no
29,0,3,pci-dss|stig|stig_gui,xccdf_org.ssgproject.content_rule_audit_rules_unsuccessful_file_modification_fsetxattr,Record Unsuccessful Permission Changes to Files - fsetxattr,xccdf_org.ssgproject.content_rule_audit_rules_unsuccessful_file_modification_open_by_handle_at_o_creat,Record Unsuccessful Creation Attempts to Files - open_by_handle_at O_CREAT,medium,,0,0.983,no
29,0,3,pci-dss|stig|stig_gui,xccdf_org.ssgproject.content_rule_audit_rules_unsuccessful_file_modification_fsetxattr,Record Unsuccessful Permission Changes to Files - fsetxattr,xccdf_org.ssgproject.content_rule_audit_rules_unsuccessful_file_modification_open_by_handle_at_o_trunc_write,Record Unsuccessful Modification Attempts to Files - open_by_handle_at O_TRUNC_WRITE,medium,,0,0.9813,no
29,0,3,pci-dss|stig|stig_gui,xccdf_org.ssgproject.content_rule_audit_rules_unsuccessful_file_modification_fsetxattr,Record Unsuccessful Permission Changes to Files - fsetxattr,xccdf_org.ssgproject.content_rule_audit_rules_unsuccessful_file_modification_open_by_handle_at_rule_order,Ensure auditd Unauthorized Access Attempts To open_by_handle_at Are Ordered Correctly,medium,,0,0.9764,no
29,0,3,pci-dss|stig|stig_gui,xccdf_org.ssgproject.content_rule_audit_rules_unsuccessful_file_modification_fsetxattr,Record Unsuccessful Permission Changes to Files - fsetxattr,xccdf_org.ssgproject.content_rule_audit_rules_unsuccessful_file_modification_open_o_creat,Record Unsuccessful Creation Attempts to Files - open O_CREAT,medium,,0,0.9886,no
29,0,3,pci-dss|stig|stig_gui,xccdf_org.ssgproject.content_rule_audit_rules_unsuccessful_file_modification_fsetxattr,Record Unsuccessful Permission Changes to Files - fsetxattr,xccdf_org.ssgproject.content_rule_audit_rules_unsuccessful_file_modification_open_o_trunc_write,Record Unsuccessful Modification Attempts to Files - open O_TRUNC_WRITE,medium,,0,0.9892,no
29,0,3,pci-dss|stig|stig_gui,xccdf_org.ssgproject.content_rule_audit_rules_unsuccessful_file_modification_fsetxattr,Record Unsuccessful Permission Changes to Files - fsetxattr,xccdf_org.ssgproject.content_rule_audit_rules_unsuccessful_file_modification_open_rule_order,Ensure auditd Rules For Unauthorized Attempts To open Are Ordered Correctly,medium,,0,0.9827,no
29,0,3,pci-dss|stig|stig_gui,xccdf_org.ssgproject.content_rule_audit_rules_unsuccessful_file_modification_fsetxattr,Record Unsuccessful Permission Changes to Files - fsetxattr,xccdf_org.ssgproject.content_rule_audit_rules_unsuccessful_file_modification_openat_o_creat,Record Unsuccessful Creation Attempts to Files - openat O_CREAT,medium,,0,0.9899,no
29,0,3,pci-dss|stig|stig_gui,xccdf_org.ssgproject.content_rule_audit_rules_unsuccessful_file_modification_fsetxattr,Record Unsuccessful Permission Changes to Files - fsetxattr,xccdf_org.ssgproject.content_rule_audit_rules_unsuccessful_file_modification_openat_o_trunc_write,Record Unsuccessful Modification Attempts to Files - openat O_TRUNC_WRITE,medium,,0,0.9897,no
29,0,3,pci-dss|stig|stig_gui,xccdf_org.ssgproject.content_rule_audit_rules_unsuccessful_file_modification_fsetxattr,Record Unsuccessful Permission Changes to Files - fsetxattr,xccdf_org.ssgproject.content_rule_audit_rules_unsuccessful_file_modification_openat_rule_order,Ensure auditd Rules For Unauthorized Attempts To openat Are Ordered Correctly,medium,,0,0.9836,no
29,0,3,pci-dss|stig|stig_gui,xccdf_org.ssgproject.content_rule_audit_rules_unsuccessful_file_modification_fsetxattr,Record Unsuccessful Permission Changes to Files - fsetxattr,xccdf_org.ssgproject.content_rule_audit_rules_unsuccessful_file_modification_removexattr,Record Unsuccessful Permission Changes to Files - removexattr,medium,,0,0.9984,no
29,0,3,pci-dss|stig|stig_gui,xccdf_org.ssgproject.content_rule_audit_rules_unsuccessful_file_modification_fsetxattr,Record Unsuccessful Permission Changes to Files - fsetxattr,xccdf_org.ssgproject.content_rule_audit_rules_unsuccessful_file_modification_rename,Record Unsuccessful Delete Attempts to Files - rename,medium,,0,0.9923,no
29,0,3,pci-dss|stig|stig_gui,xccdf_org.ssgproject.content_rule_audit_rules_unsuccessful_file_modification_fsetxattr,Record Unsuccessful Permission Changes to Files - fsetxattr,xccdf_org.ssgproject.content_rule_audit_rules_unsuccessful_file_modification_renameat,Record Unsuccessful Delete Attempts to Files - renameat,medium,,0,0.9928,no
29,0,3,pci-dss|stig|stig_gui,xccdf_org.ssgproject.content_rule_audit_rules_unsuccessful_file_modification_fsetxattr,Record Unsuccessful Permission Changes to Files - fsetxattr,xccdf_org.ssgproject.content_rule_audit_rules_unsuccessful_file_modification_setxattr,Record Unsuccessful Permission Changes to Files - setxattr,medium,,0,0.9988,no
29,0,3,pci-dss|stig|stig_gui,xccdf_org.ssgproject.content_rule_audit_rules_unsuccessful_file_modification_fsetxattr,Record Unsuccessful Permission Changes to Files - fsetxattr,xccdf_org.ssgproject.content_rule_audit_rules_unsuccessful_file_modification_unlink,Record Unsuccessful Delete Attempts to Files - unlink,medium,,0,0.9924,no
29,0,3,pci-dss|stig|stig_gui,xccdf_org.ssgproject.content_rule_audit_rules_unsuccessful_file_modification_fsetxattr,Record Unsuccessful Permission Changes to Files - fsetxattr,xccdf_org.ssgproject.content_rule_audit_rules_unsuccessful_file_modification_unlinkat,Record Unsuccessful Delete Attempts to Files - unlinkat,medium,,0,0.9933,no
29,0,3,pci-dss|stig|stig_gui,xccdf_org.ssgproject.content_rule_audit_rules_unsuccessful_file_modification_fsetxattr,Record Unsuccessful Permission Changes to Files - fsetxattr,xccdf_org.ssgproject.content_rule_audit_rules_suid_privilege_function,Record Events When Privileged Executables Are Run,medium,pci-dss|stig|stig_gui,3,0.9673,no
30,6,3,cui|ism_o|ospp,xccdf_org.ssgproject.content_rule_audit_modify_success_ppc64le,Configure auditing of successful file modifications (ppc64le),xccdf_org.ssgproject.content_rule_audit_access_failed_aarch64,Configure auditing of unsuccessful file accesses (AArch64),medium,cui|ospp,2,0.9821,no
30,6,3,cui|ism_o|ospp,xccdf_org.ssgproject.content_rule_audit_modify_success_ppc64le,Configure auditing of successful file modifications (ppc64le),xccdf_org.ssgproject.content_rule_audit_access_failed_ppc64le,Configure auditing of unsuccessful file accesses (ppc64le),medium,cui|ospp,2,0.9766,no
30,6,3,cui|ism_o|ospp,xccdf_org.ssgproject.content_rule_audit_modify_success_ppc64le,Configure auditing of successful file modifications (ppc64le),xccdf_org.ssgproject.content_rule_audit_access_success_aarch64,Configure auditing of successful file accesses (AArch64),medium,cui|ospp,2,0.9813,no
30,6,3,cui|ism_o|ospp,xccdf_org.ssgproject.content_rule_audit_modify_success_ppc64le,Configure auditing of successful file modifications (ppc64le),xccdf_org.ssgproject.content_rule_audit_access_success_ppc64le,Configure auditing of successful file accesses (ppc64le),medium,cui|ospp,2,0.9414,no
30,6,3,cui|ism_o|ospp,xccdf_org.ssgproject.content_rule_audit_modify_success_ppc64le,Configure auditing of successful file modifications (ppc64le),xccdf_org.ssgproject.content_rule_audit_basic_configuration,Configure basic parameters of Audit system,medium,cui|ospp,2,0.9062,no
30,6,3,cui|ism_o|ospp,xccdf_org.ssgproject.content_rule_audit_modify_success_ppc64le,Configure auditing of successful file modifications (ppc64le),xccdf_org.ssgproject.content_rule_audit_create_failed,Configure auditing of unsuccessful file creations,medium,cui|ospp,2,0.9276,no
30,6,3,cui|ism_o|ospp,xccdf_org.ssgproject.content_rule_audit_modify_success_ppc64le,Configure auditing of successful file modifications (ppc64le),xccdf_org.ssgproject.content_rule_audit_create_failed_aarch64,Configure auditing of unsuccessful file creations (AArch64),medium,cui|ospp,2,0.9412,no
30,6,3,cui|ism_o|ospp,xccdf_org.ssgproject.content_rule_audit_modify_success_ppc64le,Configure auditing of successful file modifications (ppc64le),xccdf_org.ssgproject.content_rule_audit_create_failed_ppc64le,Configure auditing of unsuccessful file creations (ppc64le),medium,cui|ospp,2,0.9692,no
30,6,3,cui|ism_o|ospp,xccdf_org.ssgproject.content_rule_audit_modify_success_ppc64le,Configure auditing of successful file modifications (ppc64le),xccdf_org.ssgproject.content_rule_audit_create_success,Configure auditing of successful file creations,medium,cui|ospp,2,0.9709,no
30,6,3,cui|ism_o|ospp,xccdf_org.ssgproject.content_rule_audit_modify_success_ppc64le,Configure auditing of successful file modifications (ppc64le),xccdf_org.ssgproject.content_rule_audit_create_success_aarch64,Configure auditing of successful file creations (AArch64),medium,cui|ospp,2,0.9886,no
30,6,3,cui|ism_o|ospp,xccdf_org.ssgproject.content_rule_audit_modify_success_ppc64le,Configure auditing of successful file modifications (ppc64le),xccdf_org.ssgproject.content_rule_audit_create_success_ppc64le,Configure auditing of successful file creations (ppc64le),medium,cui|ospp,2,0.9946,no
30,6,3,cui|ism_o|ospp,xccdf_org.ssgproject.content_rule_audit_modify_success_ppc64le,Configure auditing of successful file modifications (ppc64le),xccdf_org.ssgproject.content_rule_audit_delete_failed,Configure auditing of unsuccessful file deletions,medium,cui|ospp,2,0.9711,no
30,6,3,cui|ism_o|ospp,xccdf_org.ssgproject.content_rule_audit_modify_success_ppc64le,Configure auditing of successful file modifications (ppc64le),xccdf_org.ssgproject.content_rule_audit_delete_failed_aarch64,Configure auditing of unsuccessful file deletions (AArch64),medium,cui|ospp,2,0.9749,no
30,6,3,cui|ism_o|ospp,xccdf_org.ssgproject.content_rule_audit_modify_success_ppc64le,Configure auditing of successful file modifications (ppc64le),xccdf_org.ssgproject.content_rule_audit_delete_failed_ppc64le,Configure auditing of unsuccessful file deletions (ppc64le),medium,cui|ospp,2,0.9819,no
30,6,3,cui|ism_o|ospp,xccdf_org.ssgproject.content_rule_audit_modify_success_ppc64le,Configure auditing of successful file modifications (ppc64le),xccdf_org.ssgproject.content_rule_audit_delete_success,Configure auditing of successful file deletions,medium,cui|ospp,2,0.9825,no
30,6,3,cui|ism_o|ospp,xccdf_org.ssgproject.content_rule_audit_modify_success_ppc64le,Configure auditing of successful file modifications (ppc64le),xccdf_org.ssgproject.content_rule_audit_delete_success_aarch64,Configure auditing of successful file deletions (AArch64),medium,cui|ospp,2,0.9838,no
30,6,3,cui|ism_o|ospp,xccdf_org.ssgproject.content_rule_audit_modify_success_ppc64le,Configure auditing of successful file modifications (ppc64le),xccdf_org.ssgproject.content_rule_audit_delete_success_ppc64le,Configure auditing of successful file deletions (ppc64le),medium,cui|ospp,2,0.9531,no
30,6,3,cui|ism_o|ospp,xccdf_org.ssgproject.content_rule_audit_modify_success_ppc64le,Configure auditing of successful file modifications (ppc64le),xccdf_org.ssgproject.content_rule_audit_immutable_login_uids,Configure immutable Audit login UIDs,medium,cui|ospp,2,0.9083,no
30,6,3,cui|ism_o|ospp,xccdf_org.ssgproject.content_rule_audit_modify_success_ppc64le,Configure auditing of successful file modifications (ppc64le),xccdf_org.ssgproject.content_rule_audit_modify_failed,Configure auditing of unsuccessful file modifications,medium,cui|ospp,2,0.937,no
30,6,3,cui|ism_o|ospp,xccdf_org.ssgproject.content_rule_audit_modify_success_ppc64le,Configure auditing of successful file modifications (ppc64le),xccdf_org.ssgproject.content_rule_audit_modify_failed_aarch64,Configure auditing of unsuccessful file modifications (AARch64),medium,cui|ospp,2,0.9401,no
30,6,3,cui|ism_o|ospp,xccdf_org.ssgproject.content_rule_audit_modify_success_ppc64le,Configure auditing of successful file modifications (ppc64le),xccdf_org.ssgproject.content_rule_audit_modify_failed_ppc64le,Configure auditing of unsuccessful file modifications (ppc64le),medium,cui|ospp,2,0.9736,no
30,6,3,cui|ism_o|ospp,xccdf_org.ssgproject.content_rule_audit_modify_success_ppc64le,Configure auditing of successful file modifications (ppc64le),xccdf_org.ssgproject.content_rule_audit_modify_success,Configure auditing of successful file modifications,medium,cui|ospp,2,0.9752,no
30,6,3,cui|ism_o|ospp,xccdf_org.ssgproject.content_rule_audit_modify_success_ppc64le,Configure auditing of successful file modifications (ppc64le),xccdf_org.ssgproject.content_rule_audit_modify_success_aarch64,Configure auditing of successful file modifications (AArch64),medium,cui|ospp,2,0.9856,no
30,6,3,cui|ism_o|ospp,xccdf_org.ssgproject.content_rule_audit_modify_success_ppc64le,Configure auditing of successful file modifications (ppc64le),xccdf_org.ssgproject.content_rule_audit_modify_success_ppc64le,Configure auditing of successful file modifications (ppc64le),medium,cui|ospp,2,1.0,yes
30,6,3,cui|ism_o|ospp,xccdf_org.ssgproject.content_rule_audit_modify_success_ppc64le,Configure auditing of successful file modifications (ppc64le),xccdf_org.ssgproject.content_rule_audit_module_load,Configure auditing of loading and unloading of kernel modules,medium,cui|ospp,2,0.9483,no
30,6,3,cui|ism_o|ospp,xccdf_org.ssgproject.content_rule_audit_modify_success_ppc64le,Configure auditing of successful file modifications (ppc64le),xccdf_org.ssgproject.content_rule_audit_module_load_ppc64le,Configure auditing of loading and unloading of kernel modules (ppc64le),medium,cui|ospp,2,0.9359,no
30,6,3,cui|ism_o|ospp,xccdf_org.ssgproject.content_rule_audit_modify_success_ppc64le,Configure auditing of successful file modifications (ppc64le),xccdf_org.ssgproject.content_rule_audit_ospp_general,Perform general configuration of Audit for OSPP,medium,cui|ospp,2,0.9416,no
30,6,3,cui|ism_o|ospp,xccdf_org.ssgproject.content_rule_audit_modify_success_ppc64le,Configure auditing of successful file modifications (ppc64le),xccdf_org.ssgproject.content_rule_audit_ospp_general_aarch64,Perform general configuration of Audit for OSPP (AArch64),medium,cui|ospp,2,0.9402,no
30,6,3,cui|ism_o|ospp,xccdf_org.ssgproject.content_rule_audit_modify_success_ppc64le,Configure auditing of successful file modifications (ppc64le),xccdf_org.ssgproject.content_rule_audit_ospp_general_ppc64le,Perform general configuration of Audit for OSPP (ppc64le),medium,cui|ospp,2,0.9402,no
30,6,3,cui|ism_o|ospp,xccdf_org.ssgproject.content_rule_audit_modify_success_ppc64le,Configure auditing of successful file modifications (ppc64le),xccdf_org.ssgproject.content_rule_audit_owner_change_failed,Configure auditing of unsuccessful ownership changes,medium,cui|ospp,2,0.9703,no
30,6,3,cui|ism_o|ospp,xccdf_org.ssgproject.content_rule_audit_modify_success_ppc64le,Configure auditing of successful file modifications (ppc64le),xccdf_org.ssgproject.content_rule_audit_owner_change_failed_aarch64,Configure auditing of unsuccessful ownership changes (AArch64),medium,cui|ospp,2,0.9786,no
30,6,3,cui|ism_o|ospp,xccdf_org.ssgproject.content_rule_audit_modify_success_ppc64le,Configure auditing of successful file modifications (ppc64le),xccdf_org.ssgproject.content_rule_audit_owner_change_failed_ppc64le,Configure auditing of unsuccessful ownership changes (ppc64le),medium,cui|ospp,2,0.9804,no
30,6,3,cui|ism_o|ospp,xccdf_org.ssgproject.content_rule_audit_modify_success_ppc64le,Configure auditing of successful file modifications (ppc64le),xccdf_org.ssgproject.content_rule_audit_owner_change_success,Configure auditing of successful ownership changes,medium,cui|ospp,2,0.9823,no
30,6,3,cui|ism_o|ospp,xccdf_org.ssgproject.content_rule_audit_modify_success_ppc64le,Configure auditing of successful file modifications (ppc64le),xccdf_org.ssgproject.content_rule_audit_owner_change_success_aarch64,Configure auditing of successful ownership changes (AArch64),medium,cui|ospp,2,0.983,no
30,6,3,cui|ism_o|ospp,xccdf_org.ssgproject.content_rule_audit_modify_success_ppc64le,Configure auditing of successful file modifications (ppc64le),xccdf_org.ssgproject.content_rule_audit_owner_change_success_ppc64le,Configure auditing of successful ownership changes (ppc64le),medium,cui|ospp,2,0.9497,no
30,6,3,cui|ism_o|ospp,xccdf_org.ssgproject.content_rule_audit_modify_success_ppc64le,Configure auditing of successful file modifications (ppc64le),xccdf_org.ssgproject.content_rule_audit_perm_change_failed,Configure auditing of unsuccessful permission changes,medium,cui|ospp,2,0.9324,no
30,6,3,cui|ism_o|ospp,xccdf_org.ssgproject.content_rule_audit_modify_success_ppc64le,Configure auditing of successful file modifications (ppc64le),xccdf_org.ssgproject.content_rule_audit_perm_change_failed_aarch64,Configure auditing of unsuccessful permission changes (AArch64),medium,cui|ospp,2,0.9379,no
30,6,3,cui|ism_o|ospp,xccdf_org.ssgproject.content_rule_audit_modify_success_ppc64le,Configure auditing of successful file modifications (ppc64le),xccdf_org.ssgproject.content_rule_audit_perm_change_failed_ppc64le,Configure auditing of unsuccessful permission changes (ppc64le),medium,cui|ospp,2,0.9654,no
30,6,3,cui|ism_o|ospp,xccdf_org.ssgproject.content_rule_audit_modify_success_ppc64le,Configure auditing of successful file modifications (ppc64le),xccdf_org.ssgproject.content_rule_audit_perm_change_success,Configure auditing of successful permission changes,medium,cui|ospp,2,0.9677,no
30,6,3,cui|ism_o|ospp,xccdf_org.ssgproject.content_rule_audit_modify_success_ppc64le,Configure auditing of successful file modifications (ppc64le),xccdf_org.ssgproject.content_rule_audit_perm_change_success_aarch64,Configure auditing of successful permission changes (AArch64),medium,cui|ospp,2,0.9693,no
30,6,3,cui|ism_o|ospp,xccdf_org.ssgproject.content_rule_audit_modify_success_ppc64le,Configure auditing of successful file modifications (ppc64le),xccdf_org.ssgproject.content_rule_audit_perm_change_success_ppc64le,Configure auditing of successful permission changes (ppc64le),medium,cui|ospp,2,0.9461,no
30,6,3,cui|ism_o|ospp,xccdf_org.ssgproject.content_rule_audit_modify_success_ppc64le,Configure auditing of successful file modifications (ppc64le),xccdf_org.ssgproject.content_rule_audit_access_failed,Configure auditing of unsuccessful file accesses,medium,cui|ism_o|ospp,3,0.9811,no
30,6,3,cui|ism_o|ospp,xccdf_org.ssgproject.content_rule_audit_modify_success_ppc64le,Configure auditing of successful file modifications (ppc64le),xccdf_org.ssgproject.content_rule_audit_access_success,Configure auditing of successful file accesses,medium,cui|ism_o|ospp,3,0.9798,no
31,11,3,anssi_bp28_high|cui|ospp,xccdf_org.ssgproject.content_rule_kernel_config_debug_wx,Warn on W+X mappings found at boot,xccdf_org.ssgproject.content_rule_kernel_config_ipv6,Disable the IPv6 protocol,medium,,0,0.9698,no
31,11,3,anssi_bp28_high|cui|ospp,xccdf_org.ssgproject.content_rule_kernel_config_debug_wx,Warn on W+X mappings found at boot,xccdf_org.ssgproject.content_rule_kernel_config_acpi_custom_method,Do not allow ACPI methods to be inserted/replaced at run time,low,anssi_bp28_high,1,0.9756,no
31,11,3,anssi_bp28_high|cui|ospp,xccdf_org.ssgproject.content_rule_kernel_config_debug_wx,Warn on W+X mappings found at boot,xccdf_org.ssgproject.content_rule_kernel_config_arm64_sw_ttbr0_pan,Emulate Privileged Access Never (PAN),medium,anssi_bp28_high,1,0.9622,no
31,11,3,anssi_bp28_high|cui|ospp,xccdf_org.ssgproject.content_rule_kernel_config_debug_wx,Warn on W+X mappings found at boot,xccdf_org.ssgproject.content_rule_kernel_config_binfmt_misc,Disable kernel support for MISC binaries,medium,anssi_bp28_high,1,0.9648,no
31,11,3,anssi_bp28_high|cui|ospp,xccdf_org.ssgproject.content_rule_kernel_config_debug_wx,Warn on W+X mappings found at boot,xccdf_org.ssgproject.content_rule_kernel_config_bug,Enable support for BUG(),medium,anssi_bp28_high,1,0.9628,no
31,11,3,anssi_bp28_high|cui|ospp,xccdf_org.ssgproject.content_rule_kernel_config_debug_wx,Warn on W+X mappings found at boot,xccdf_org.ssgproject.content_rule_kernel_config_bug_on_data_corruption,Trigger a kernel BUG when data corruption is detected,low,anssi_bp28_high,1,0.9764,no
31,11,3,anssi_bp28_high|cui|ospp,xccdf_org.ssgproject.content_rule_kernel_config_debug_wx,Warn on W+X mappings found at boot,xccdf_org.ssgproject.content_rule_kernel_config_compat_brk,Disable compatibility with brk(),medium,anssi_bp28_high,1,0.9641,no
31,11,3,anssi_bp28_high|cui|ospp,xccdf_org.ssgproject.content_rule_kernel_config_debug_wx,Warn on W+X mappings found at boot,xccdf_org.ssgproject.content_rule_kernel_config_compat_vdso,Disable the 32-bit vDSO,low,anssi_bp28_high,1,0.965,no
31,11,3,anssi_bp28_high|cui|ospp,xccdf_org.ssgproject.content_rule_kernel_config_debug_wx,Warn on W+X mappings found at boot,xccdf_org.ssgproject.content_rule_kernel_config_debug_credentials,Enable checks on credential management,low,anssi_bp28_high,1,0.9678,no
31,11,3,anssi_bp28_high|cui|ospp,xccdf_org.ssgproject.content_rule_kernel_config_debug_wx,Warn on W+X mappings found at boot,xccdf_org.ssgproject.content_rule_kernel_config_debug_fs,Disable kernel debugfs,low,anssi_bp28_high,1,0.9766,no
31,11,3,anssi_bp28_high|cui|ospp,xccdf_org.ssgproject.content_rule_kernel_config_debug_wx,Warn on W+X mappings found at boot,xccdf_org.ssgproject.content_rule_kernel_config_debug_list,Enable checks on linked list manipulation,low,anssi_bp28_high,1,0.984,no
31,11,3,anssi_bp28_high|cui|ospp,xccdf_org.ssgproject.content_rule_kernel_config_debug_wx,Warn on W+X mappings found at boot,xccdf_org.ssgproject.content_rule_kernel_config_debug_notifiers,Enable checks on notifier call chains,low,anssi_bp28_high,1,0.9792,no
31,11,3,anssi_bp28_high|cui|ospp,xccdf_org.ssgproject.content_rule_kernel_config_debug_wx,Warn on W+X mappings found at boot,xccdf_org.ssgproject.content_rule_kernel_config_debug_sg,Enable checks on scatter-gather (SG) table operations,low,anssi_bp28_high,1,0.9798,no
31,11,3,anssi_bp28_high|cui|ospp,xccdf_org.ssgproject.content_rule_kernel_config_debug_wx,Warn on W+X mappings found at boot,xccdf_org.ssgproject.content_rule_kernel_config_debug_wx,Warn on W+X mappings found at boot,medium,anssi_bp28_high,1,1.0,yes
31,11,3,anssi_bp28_high|cui|ospp,xccdf_org.ssgproject.content_rule_kernel_config_debug_wx,Warn on W+X mappings found at boot,xccdf_org.ssgproject.content_rule_kernel_config_default_mmap_min_addr,Configure Low Address Space To Protect From User Allocation,medium,anssi_bp28_high,1,0.9699,no
31,11,3,anssi_bp28_high|cui|ospp,xccdf_org.ssgproject.content_rule_kernel_config_debug_wx,Warn on W+X mappings found at boot,xccdf_org.ssgproject.content_rule_kernel_config_devkmem,Disable /dev/kmem virtual device support,low,anssi_bp28_high,1,0.9647,no
31,11,3,anssi_bp28_high|cui|ospp,xccdf_org.ssgproject.content_rule_kernel_config_debug_wx,Warn on W+X mappings found at boot,xccdf_org.ssgproject.content_rule_kernel_config_fortify_source,Harden common str/mem functions against buffer overflows,medium,anssi_bp28_high,1,0.977,no
31,11,3,anssi_bp28_high|cui|ospp,xccdf_org.ssgproject.content_rule_kernel_config_debug_wx,Warn on W+X mappings found at boot,xccdf_org.ssgproject.content_rule_kernel_config_hardened_usercopy,Harden memory copies between kernel and userspace,high,anssi_bp28_high,1,0.9721,no
31,11,3,anssi_bp28_high|cui|ospp,xccdf_org.ssgproject.content_rule_kernel_config_debug_wx,Warn on W+X mappings found at boot,xccdf_org.ssgproject.content_rule_kernel_config_hardened_usercopy_fallback,Do not allow usercopy whitelist violations to fallback to object size,high,anssi_bp28_high,1,0.9648,no
31,11,3,anssi_bp28_high|cui|ospp,xccdf_org.ssgproject.content_rule_kernel_config_debug_wx,Warn on W+X mappings found at boot,xccdf_org.ssgproject.content_rule_kernel_config_hibernation,Disable hibernation,medium,anssi_bp28_high,1,0.9703,no
31,11,3,anssi_bp28_high|cui|ospp,xccdf_org.ssgproject.content_rule_kernel_config_debug_wx,Warn on W+X mappings found at boot,xccdf_org.ssgproject.content_rule_kernel_config_ia32_emulation,Disable IA32 emulation,medium,anssi_bp28_high,1,0.9726,no
31,11,3,anssi_bp28_high|cui|ospp,xccdf_org.ssgproject.content_rule_kernel_config_debug_wx,Warn on W+X mappings found at boot,xccdf_org.ssgproject.content_rule_kernel_config_kexec,Disable kexec system call,low,anssi_bp28_high,1,0.9664,no
31,11,3,anssi_bp28_high|cui|ospp,xccdf_org.ssgproject.content_rule_kernel_config_debug_wx,Warn on W+X mappings found at boot,xccdf_org.ssgproject.content_rule_kernel_config_legacy_ptys,Disable legacy (BSD) PTY support,medium,anssi_bp28_high,1,0.9532,no
31,11,3,anssi_bp28_high|cui|ospp,xccdf_org.ssgproject.content_rule_kernel_config_debug_wx,Warn on W+X mappings found at boot,xccdf_org.ssgproject.content_rule_kernel_config_legacy_vsyscall_emulate,Disable vsyscall emulation,medium,anssi_bp28_high,1,0.9701,no
31,11,3,anssi_bp28_high|cui|ospp,xccdf_org.ssgproject.content_rule_kernel_config_debug_wx,Warn on W+X mappings found at boot,xccdf_org.ssgproject.content_rule_kernel_config_legacy_vsyscall_none,Disable vsyscall mapping,medium,anssi_bp28_high,1,0.9781,no
31,11,3,anssi_bp28_high|cui|ospp,xccdf_org.ssgproject.content_rule_kernel_config_debug_wx,Warn on W+X mappings found at boot,xccdf_org.ssgproject.content_rule_kernel_config_legacy_vsyscall_xonly,Disable vsyscall emulate execution only,medium,anssi_bp28_high,1,0.9734,no
31,11,3,anssi_bp28_high|cui|ospp,xccdf_org.ssgproject.content_rule_kernel_config_debug_wx,Warn on W+X mappings found at boot,xccdf_org.ssgproject.content_rule_kernel_config_modify_ldt_syscall,Disable the LDT (local descriptor table),medium,anssi_bp28_high,1,0.9625,no
31,11,3,anssi_bp28_high|cui|ospp,xccdf_org.ssgproject.content_rule_kernel_config_debug_wx,Warn on W+X mappings found at boot,xccdf_org.ssgproject.content_rule_kernel_config_module_sig,Enable module signature verification,medium,anssi_bp28_high,1,0.9783,no
31,11,3,anssi_bp28_high|cui|ospp,xccdf_org.ssgproject.content_rule_kernel_config_debug_wx,Warn on W+X mappings found at boot,xccdf_org.ssgproject.content_rule_kernel_config_module_sig_all,Enable automatic signing of all modules,medium,anssi_bp28_high,1,0.9713,no
31,11,3,anssi_bp28_high|cui|ospp,xccdf_org.ssgproject.content_rule_kernel_config_debug_wx,Warn on W+X mappings found at boot,xccdf_org.ssgproject.content_rule_kernel_config_module_sig_force,Require modules to be validly signed,medium,anssi_bp28_high,1,0.9761,no
31,11,3,anssi_bp28_high|cui|ospp,xccdf_org.ssgproject.content_rule_kernel_config_debug_wx,Warn on W+X mappings found at boot,xccdf_org.ssgproject.content_rule_kernel_config_module_sig_hash,Specify the hash to use when signing modules,medium,anssi_bp28_high,1,0.9758,no
31,11,3,anssi_bp28_high|cui|ospp,xccdf_org.ssgproject.content_rule_kernel_config_debug_wx,Warn on W+X mappings found at boot,xccdf_org.ssgproject.content_rule_kernel_config_module_sig_key,Specify module signing key to use,medium,anssi_bp28_high,1,0.9473,no
31,11,3,anssi_bp28_high|cui|ospp,xccdf_org.ssgproject.content_rule_kernel_config_debug_wx,Warn on W+X mappings found at boot,xccdf_org.ssgproject.content_rule_kernel_config_module_sig_sha512,Sign kernel modules with SHA-512,medium,anssi_bp28_high,1,0.9718,no
31,11,3,anssi_bp28_high|cui|ospp,xccdf_org.ssgproject.content_rule_kernel_config_debug_wx,Warn on W+X mappings found at boot,xccdf_org.ssgproject.content_rule_kernel_config_page_poisoning,Enable poison of pages after freeing,medium,anssi_bp28_high,1,0.973,no
31,11,3,anssi_bp28_high|cui|ospp,xccdf_org.ssgproject.content_rule_kernel_config_debug_wx,Warn on W+X mappings found at boot,xccdf_org.ssgproject.content_rule_kernel_config_page_poisoning_no_sanity,Enable poison without sanity check,medium,anssi_bp28_high,1,0.9727,no
31,11,3,anssi_bp28_high|cui|ospp,xccdf_org.ssgproject.content_rule_kernel_config_debug_wx,Warn on W+X mappings found at boot,xccdf_org.ssgproject.content_rule_kernel_config_page_poisoning_zero,Use zero for poisoning instead of debugging value,medium,anssi_bp28_high,1,0.9681,no
31,11,3,anssi_bp28_high|cui|ospp,xccdf_org.ssgproject.content_rule_kernel_config_debug_wx,Warn on W+X mappings found at boot,xccdf_org.ssgproject.content_rule_kernel_config_page_table_isolation,Remove the kernel mapping in user mode,high,anssi_bp28_high,1,0.9748,no
31,11,3,anssi_bp28_high|cui|ospp,xccdf_org.ssgproject.content_rule_kernel_config_debug_wx,Warn on W+X mappings found at boot,xccdf_org.ssgproject.content_rule_kernel_config_panic_on_oops,Kernel panic oops,medium,anssi_bp28_high,1,0.9763,no
31,11,3,anssi_bp28_high|cui|ospp,xccdf_org.ssgproject.content_rule_kernel_config_debug_wx,Warn on W+X mappings found at boot,xccdf_org.ssgproject.content_rule_kernel_config_panic_timeout,Kernel panic timeout,medium,anssi_bp28_high,1,0.9461,no
31,11,3,anssi_bp28_high|cui|ospp,xccdf_org.ssgproject.content_rule_kernel_config_debug_wx,Warn on W+X mappings found at boot,xccdf_org.ssgproject.content_rule_kernel_config_proc_kcore,Disable support for /proc/kkcore,low,anssi_bp28_high,1,0.975,no
31,11,3,anssi_bp28_high|cui|ospp,xccdf_org.ssgproject.content_rule_kernel_config_debug_wx,Warn on W+X mappings found at boot,xccdf_org.ssgproject.content_rule_kernel_config_randomize_base,Randomize the address of the kernel image (KASLR),medium,anssi_bp28_high,1,0.9708,no
31,11,3,anssi_bp28_high|cui|ospp,xccdf_org.ssgproject.content_rule_kernel_config_debug_wx,Warn on W+X mappings found at boot,xccdf_org.ssgproject.content_rule_kernel_config_randomize_memory,Randomize the kernel memory sections,medium,anssi_bp28_high,1,0.9753,no
31,11,3,anssi_bp28_high|cui|ospp,xccdf_org.ssgproject.content_rule_kernel_config_debug_wx,Warn on W+X mappings found at boot,xccdf_org.ssgproject.content_rule_kernel_config_refcount_full,Perform full reference count validation,medium,anssi_bp28_high,1,0.9693,no
31,11,3,anssi_bp28_high|cui|ospp,xccdf_org.ssgproject.content_rule_kernel_config_debug_wx,Warn on W+X mappings found at boot,xccdf_org.ssgproject.content_rule_kernel_config_retpoline,Avoid speculative indirect branches in kernel,medium,anssi_bp28_high,1,0.9688,no
31,11,3,anssi_bp28_high|cui|ospp,xccdf_org.ssgproject.content_rule_kernel_config_debug_wx,Warn on W+X mappings found at boot,xccdf_org.ssgproject.content_rule_kernel_config_sched_stack_end_check,Detect stack corruption on calls to schedule(),medium,anssi_bp28_high,1,0.9733,no
31,11,3,anssi_bp28_high|cui|ospp,xccdf_org.ssgproject.content_rule_kernel_config_debug_wx,Warn on W+X mappings found at boot,xccdf_org.ssgproject.content_rule_kernel_config_seccomp,Enable seccomp to safely compute untrusted bytecode,medium,anssi_bp28_high,1,0.9684,no
31,11,3,anssi_bp28_high|cui|ospp,xccdf_org.ssgproject.content_rule_kernel_config_debug_wx,Warn on W+X mappings found at boot,xccdf_org.ssgproject.content_rule_kernel_config_seccomp_filter,Enable use of Berkeley Packet Filter with seccomp,medium,anssi_bp28_high,1,0.9706,no
31,11,3,anssi_bp28_high|cui|ospp,xccdf_org.ssgproject.content_rule_kernel_config_debug_wx,Warn on W+X mappings found at boot,xccdf_org.ssgproject.content_rule_kernel_config_security,Enable different security models,medium,anssi_bp28_high,1,0.9729,no
31,11,3,anssi_bp28_high|cui|ospp,xccdf_org.ssgproject.content_rule_kernel_config_debug_wx,Warn on W+X mappings found at boot,xccdf_org.ssgproject.content_rule_kernel_config_security_dmesg_restrict,Restrict unprivileged access to the kernel syslog,medium,anssi_bp28_high,1,0.9729,no
31,11,3,anssi_bp28_high|cui|ospp,xccdf_org.ssgproject.content_rule_kernel_config_debug_wx,Warn on W+X mappings found at boot,xccdf_org.ssgproject.content_rule_kernel_config_security_writable_hooks,Disable mutable hooks,medium,anssi_bp28_high,1,0.9709,no
31,11,3,anssi_bp28_high|cui|ospp,xccdf_org.ssgproject.content_rule_kernel_config_debug_wx,Warn on W+X mappings found at boot,xccdf_org.ssgproject.content_rule_kernel_config_security_yama,Enable Yama support,medium,anssi_bp28_high,1,0.9709,no
31,11,3,anssi_bp28_high|cui|ospp,xccdf_org.ssgproject.content_rule_kernel_config_debug_wx,Warn on W+X mappings found at boot,xccdf_org.ssgproject.content_rule_kernel_config_slab_freelist_hardened,Harden slab freelist metadata,medium,anssi_bp28_high,1,0.9811,no
31,11,3,anssi_bp28_high|cui|ospp,xccdf_org.ssgproject.content_rule_kernel_config_debug_wx,Warn on W+X mappings found at boot,xccdf_org.ssgproject.content_rule_kernel_config_slab_freelist_random,Randomize slab freelist,medium,anssi_bp28_high,1,0.9823,no
31,11,3,anssi_bp28_high|cui|ospp,xccdf_org.ssgproject.content_rule_kernel_config_debug_wx,Warn on W+X mappings found at boot,xccdf_org.ssgproject.content_rule_kernel_config_slab_merge_default,Disallow merge of slab caches,medium,anssi_bp28_high,1,0.964,no
31,11,3,anssi_bp28_high|cui|ospp,xccdf_org.ssgproject.content_rule_kernel_config_debug_wx,Warn on W+X mappings found at boot,xccdf_org.ssgproject.content_rule_kernel_config_slub_debug,Enable SLUB debugging support,medium,anssi_bp28_high,1,0.9783,no
31,11,3,anssi_bp28_high|cui|ospp,xccdf_org.ssgproject.content_rule_kernel_config_debug_wx,Warn on W+X mappings found at boot,xccdf_org.ssgproject.content_rule_kernel_config_stackprotector,Stack Protector buffer overlow detection,medium,anssi_bp28_high,1,0.979,no
31,11,3,anssi_bp28_high|cui|ospp,xccdf_org.ssgproject.content_rule_kernel_config_debug_wx,Warn on W+X mappings found at boot,xccdf_org.ssgproject.content_rule_kernel_config_stackprotector_strong,Strong Stack Protector,medium,anssi_bp28_high,1,0.9713,no
31,11,3,anssi_bp28_high|cui|ospp,xccdf_org.ssgproject.content_rule_kernel_config_debug_wx,Warn on W+X mappings found at boot,xccdf_org.ssgproject.content_rule_kernel_config_strict_kernel_rwx,Make the kernel text and rodata read-only,medium,anssi_bp28_high,1,0.9783,no
31,11,3,anssi_bp28_high|cui|ospp,xccdf_org.ssgproject.content_rule_kernel_config_debug_wx,Warn on W+X mappings found at boot,xccdf_org.ssgproject.content_rule_kernel_config_strict_module_rwx,Make the module text and rodata read-only,medium,anssi_bp28_high,1,0.9763,no
31,11,3,anssi_bp28_high|cui|ospp,xccdf_org.ssgproject.content_rule_kernel_config_debug_wx,Warn on W+X mappings found at boot,xccdf_org.ssgproject.content_rule_kernel_config_syn_cookies,Enable TCP/IP syncookie support,medium,anssi_bp28_high,1,0.9423,no
31,11,3,anssi_bp28_high|cui|ospp,xccdf_org.ssgproject.content_rule_kernel_config_debug_wx,Warn on W+X mappings found at boot,xccdf_org.ssgproject.content_rule_kernel_config_unmap_kernel_at_el0,Unmap kernel when running in userspace (aka KAISER),medium,anssi_bp28_high,1,0.9672,no
31,11,3,anssi_bp28_high|cui|ospp,xccdf_org.ssgproject.content_rule_kernel_config_debug_wx,Warn on W+X mappings found at boot,xccdf_org.ssgproject.content_rule_kernel_config_vmap_stack,User a virtually-mapped stack,medium,anssi_bp28_high,1,0.9846,no
31,11,3,anssi_bp28_high|cui|ospp,xccdf_org.ssgproject.content_rule_kernel_config_debug_wx,Warn on W+X mappings found at boot,xccdf_org.ssgproject.content_rule_kernel_config_x86_vsyscall_emulation,Disable x86 vsyscall emulation,low,anssi_bp28_high,1,0.9598,no
31,11,3,anssi_bp28_high|cui|ospp,xccdf_org.ssgproject.content_rule_kernel_config_debug_wx,Warn on W+X mappings found at boot,xccdf_org.ssgproject.content_rule_kernel_config_gcc_plugin_latent_entropy,Generate some entropy during boot and runtime,medium,anssi_bp28_high,1,0.9746,no
31,11,3,anssi_bp28_high|cui|ospp,xccdf_org.ssgproject.content_rule_kernel_config_debug_wx,Warn on W+X mappings found at boot,xccdf_org.ssgproject.content_rule_kernel_config_gcc_plugin_randstruct,Randomize layout of sensitive kernel structures,medium,anssi_bp28_high,1,0.9704,no
31,11,3,anssi_bp28_high|cui|ospp,xccdf_org.ssgproject.content_rule_kernel_config_debug_wx,Warn on W+X mappings found at boot,xccdf_org.ssgproject.content_rule_kernel_config_gcc_plugin_stackleak,Poison kernel stack before returning from syscalls,medium,anssi_bp28_high,1,0.9666,no
31,11,3,anssi_bp28_high|cui|ospp,xccdf_org.ssgproject.content_rule_kernel_config_debug_wx,Warn on W+X mappings found at boot,xccdf_org.ssgproject.content_rule_kernel_config_gcc_plugin_structleak,Force initialization of variables containing userspace addresses,medium,anssi_bp28_high,1,0.9641,no
31,11,3,anssi_bp28_high|cui|ospp,xccdf_org.ssgproject.content_rule_kernel_config_debug_wx,Warn on W+X mappings found at boot,xccdf_org.ssgproject.content_rule_kernel_config_gcc_plugin_structleak_byref_all,zero-init everything passed by reference,medium,anssi_bp28_high,1,0.9741,no
31,11,3,anssi_bp28_high|cui|ospp,xccdf_org.ssgproject.content_rule_kernel_config_debug_wx,Warn on W+X mappings found at boot,xccdf_org.ssgproject.content_rule_zipl_bootmap_is_up_to_date,Ensure zIPL bootmap is up to date,medium,cui|ospp,2,0.9176,no
32,10,0,,xccdf_org.ssgproject.content_rule_audit_rules_successful_file_modification_setxattr,Record Successful Permission Changes to Files - setxattr,xccdf_org.ssgproject.content_rule_audit_rules_successful_file_modification_chmod,Record Successful Permission Changes to Files - chmod,medium,,0,0.9974,no
32,10,0,,xccdf_org.ssgproject.content_rule_audit_rules_successful_file_modification_setxattr,Record Successful Permission Changes to Files - setxattr,xccdf_org.ssgproject.content_rule_audit_rules_successful_file_modification_chown,Record Successful Ownership Changes to Files - chown,medium,,0,0.9966,no
32,10,0,,xccdf_org.ssgproject.content_rule_audit_rules_successful_file_modification_setxattr,Record Successful Permission Changes to Files - setxattr,xccdf_org.ssgproject.content_rule_audit_rules_successful_file_modification_creat,Record Successful Access Attempts to Files - creat,medium,,0,0.9949,no
32,10,0,,xccdf_org.ssgproject.content_rule_audit_rules_successful_file_modification_setxattr,Record Successful Permission Changes to Files - setxattr,xccdf_org.ssgproject.content_rule_audit_rules_successful_file_modification_fchmod,Record Successful Permission Changes to Files - fchmod,medium,,0,0.9964,no
32,10,0,,xccdf_org.ssgproject.content_rule_audit_rules_successful_file_modification_setxattr,Record Successful Permission Changes to Files - setxattr,xccdf_org.ssgproject.content_rule_audit_rules_successful_file_modification_fchmodat,Record Successful Permission Changes to Files - fchmodat,medium,,0,0.9972,no
32,10,0,,xccdf_org.ssgproject.content_rule_audit_rules_successful_file_modification_setxattr,Record Successful Permission Changes to Files - setxattr,xccdf_org.ssgproject.content_rule_audit_rules_successful_file_modification_fchown,Record Successful Ownership Changes to Files - fchown,medium,,0,0.9965,no
32,10,0,,xccdf_org.ssgproject.content_rule_audit_rules_successful_file_modification_setxattr,Record Successful Permission Changes to Files - setxattr,xccdf_org.ssgproject.content_rule_audit_rules_successful_file_modification_fchownat,Record Successful Ownership Changes to Files - fchownat,medium,,0,0.9964,no
32,10,0,,xccdf_org.ssgproject.content_rule_audit_rules_successful_file_modification_setxattr,Record Successful Permission Changes to Files - setxattr,xccdf_org.ssgproject.content_rule_audit_rules_successful_file_modification_fremovexattr,Record Successful Permission Changes to Files - fremovexattr,medium,,0,0.9978,no
32,10,0,,xccdf_org.ssgproject.content_rule_audit_rules_successful_file_modification_setxattr,Record Successful Permission Changes to Files - setxattr,xccdf_org.ssgproject.content_rule_audit_rules_successful_file_modification_fsetxattr,Record Successful Permission Changes to Files - fsetxattr,medium,,0,0.999,no
32,10,0,,xccdf_org.ssgproject.content_rule_audit_rules_successful_file_modification_setxattr,Record Successful Permission Changes to Files - setxattr,xccdf_org.ssgproject.content_rule_audit_rules_successful_file_modification_ftruncate,Record Successful Access Attempts to Files - ftruncate,medium,,0,0.9953,no
32,10,0,,xccdf_org.ssgproject.content_rule_audit_rules_successful_file_modification_setxattr,Record Successful Permission Changes to Files - setxattr,xccdf_org.ssgproject.content_rule_audit_rules_successful_file_modification_lchown,Record Successful Ownership Changes to Files - lchown,medium,,0,0.9968,no
32,10,0,,xccdf_org.ssgproject.content_rule_audit_rules_successful_file_modification_setxattr,Record Successful Permission Changes to Files - setxattr,xccdf_org.ssgproject.content_rule_audit_rules_successful_file_modification_lremovexattr,Record Successful Permission Changes to Files - lremovexattr,medium,,0,0.9982,no
32,10,0,,xccdf_org.ssgproject.content_rule_audit_rules_successful_file_modification_setxattr,Record Successful Permission Changes to Files - setxattr,xccdf_org.ssgproject.content_rule_audit_rules_successful_file_modification_lsetxattr,Record Successful Permission Changes to Files - lsetxattr,medium,,0,0.9989,no
32,10,0,,xccdf_org.ssgproject.content_rule_audit_rules_successful_file_modification_setxattr,Record Successful Permission Changes to Files - setxattr,xccdf_org.ssgproject.content_rule_audit_rules_successful_file_modification_open,Record Successful Access Attempts to Files - open,medium,,0,0.9944,no
32,10,0,,xccdf_org.ssgproject.content_rule_audit_rules_successful_file_modification_setxattr,Record Successful Permission Changes to Files - setxattr,xccdf_org.ssgproject.content_rule_audit_rules_successful_file_modification_open_by_handle_at,Record Successful Access Attempts to Files - open_by_handle_at,medium,,0,0.9907,no
32,10,0,,xccdf_org.ssgproject.content_rule_audit_rules_successful_file_modification_setxattr,Record Successful Permission Changes to Files - setxattr,xccdf_org.ssgproject.content_rule_audit_rules_successful_file_modification_openat,Record Successful Access Attempts to Files - openat,medium,,0,0.9954,no
32,10,0,,xccdf_org.ssgproject.content_rule_audit_rules_successful_file_modification_setxattr,Record Successful Permission Changes to Files - setxattr,xccdf_org.ssgproject.content_rule_audit_rules_successful_file_modification_removexattr,Record Successful Permission Changes to Files - removexattr,medium,,0,0.9988,no
32,10,0,,xccdf_org.ssgproject.content_rule_audit_rules_successful_file_modification_setxattr,Record Successful Permission Changes to Files - setxattr,xccdf_org.ssgproject.content_rule_audit_rules_successful_file_modification_rename,Record Successful Delete Attempts to Files - rename,medium,,0,0.9944,no
32,10,0,,xccdf_org.ssgproject.content_rule_audit_rules_successful_file_modification_setxattr,Record Successful Permission Changes to Files - setxattr,xccdf_org.ssgproject.content_rule_audit_rules_successful_file_modification_renameat,Record Successful Delete Attempts to Files - renameat,medium,,0,0.9947,no
32,10,0,,xccdf_org.ssgproject.content_rule_audit_rules_successful_file_modification_setxattr,Record Successful Permission Changes to Files - setxattr,xccdf_org.ssgproject.content_rule_audit_rules_successful_file_modification_setxattr,Record Successful Permission Changes to Files - setxattr,medium,,0,1.0,yes
32,10,0,,xccdf_org.ssgproject.content_rule_audit_rules_successful_file_modification_setxattr,Record Successful Permission Changes to Files - setxattr,xccdf_org.ssgproject.content_rule_audit_rules_successful_file_modification_truncate,Record Successful Access Attempts to Files - truncate,medium,,0,0.9952,no
32,10,0,,xccdf_org.ssgproject.content_rule_audit_rules_successful_file_modification_setxattr,Record Successful Permission Changes to Files - setxattr,xccdf_org.ssgproject.content_rule_audit_rules_successful_file_modification_unlink,Record Successful Delete Attempts to Files - unlink,medium,,0,0.9936,no
32,10,0,,xccdf_org.ssgproject.content_rule_audit_rules_successful_file_modification_setxattr,Record Successful Permission Changes to Files - setxattr,xccdf_org.ssgproject.content_rule_audit_rules_successful_file_modification_unlinkat,Record Successful Delete Attempts to Files - unlinkat,medium,,0,0.9942,no
noise,-1,0,,xccdf_org.ssgproject.content_rule_installed_OS_is_FIPS_certified,The Installed Operating System Is FIPS 140-2 Certified,xccdf_org.ssgproject.content_rule_installed_OS_is_FIPS_certified,The Installed Operating System Is FIPS 140-2 Certified,high,,0,1.0,yes
noise,-1,0,,xccdf_org.ssgproject.content_rule_kernel_module_rds_disabled,Disable RDS Support,xccdf_org.ssgproject.content_rule_kernel_module_rds_disabled,Disable RDS Support,low,,0,1.0,yes
noise,-1,0,,xccdf_org.ssgproject.content_rule_kernel_module_cfg80211_disabled,Disable Kernel cfg80211 Module,xccdf_org.ssgproject.content_rule_kernel_module_cfg80211_disabled,Disable Kernel cfg80211 Module,medium,,0,1.0,yes
noise,-1,0,,xccdf_org.ssgproject.content_rule_kernel_module_iwlmvm_disabled,Disable Kernel iwlmvm Module,xccdf_org.ssgproject.content_rule_kernel_module_iwlmvm_disabled,Disable Kernel iwlmvm Module,medium,,0,1.0,yes
noise,-1,0,,xccdf_org.ssgproject.content_rule_kernel_module_iwlwifi_disabled,Disable Kernel iwlwifi Module,xccdf_org.ssgproject.content_rule_kernel_module_iwlwifi_disabled,Disable Kernel iwlwifi Module,medium,,0,1.0,yes
noise,-1,0,,xccdf_org.ssgproject.content_rule_kernel_module_mac80211_disabled,Disable Kernel mac80211 Module,xccdf_org.ssgproject.content_rule_kernel_module_mac80211_disabled,Disable Kernel mac80211 Module,medium,,0,1.0,yes
noise,-1,0,,xccdf_org.ssgproject.content_rule_file_groupowner_var_log_syslog,Verify Group Who Owns /var/log/syslog File,xccdf_org.ssgproject.content_rule_file_groupowner_var_log_syslog,Verify Group Who Owns /var/log/syslog File,medium,,0,1.0,yes
noise,-1,0,,xccdf_org.ssgproject.content_rule_file_owner_var_log_syslog,Verify User Who Owns /var/log/syslog File,xccdf_org.ssgproject.content_rule_file_owner_var_log_syslog,Verify User Who Owns /var/log/syslog File,medium,,0,1.0,yes
noise,-1,0,,xccdf_org.ssgproject.content_rule_file_permissions_var_log_syslog,Verify Permissions on /var/log/syslog File,xccdf_org.ssgproject.content_rule_file_permissions_var_log_syslog,Verify Permissions on /var/log/syslog File,medium,,0,1.0,yes
noise,-1,0,,xccdf_org.ssgproject.content_rule_dir_ownership_binary_dirs,Verify that System Executable Have Root Ownership,xccdf_org.ssgproject.content_rule_dir_ownership_binary_dirs,Verify that System Executable Have Root Ownership,medium,,0,1.0,yes
noise,-1,0,,xccdf_org.ssgproject.content_rule_dir_permissions_binary_dirs,Verify that System Executable Directories Have Restrictive Permissions,xccdf_org.ssgproject.content_rule_dir_permissions_binary_dirs,Verify that System Executable Directories Have Restrictive Permissions,medium,,0,1.0,yes
noise,-1,0,,xccdf_org.ssgproject.content_rule_kernel_module_freevxfs_disabled,Disable Mounting of freevxfs,xccdf_org.ssgproject.content_rule_kernel_module_freevxfs_disabled,Disable Mounting of freevxfs,low,,0,1.0,yes
noise,-1,0,,xccdf_org.ssgproject.content_rule_kernel_module_hfs_disabled,Disable Mounting of hfs,xccdf_org.ssgproject.content_rule_kernel_module_hfs_disabled,Disable Mounting of hfs,low,,0,1.0,yes
noise,-1,0,,xccdf_org.ssgproject.content_rule_kernel_module_hfsplus_disabled,Disable Mounting of hfsplus,xccdf_org.ssgproject.content_rule_kernel_module_hfsplus_disabled,Disable Mounting of hfsplus,low,,0,1.0,yes
noise,-1,0,,xccdf_org.ssgproject.content_rule_kernel_module_jffs2_disabled,Disable Mounting of jffs2,xccdf_org.ssgproject.content_rule_kernel_module_jffs2_disabled,Disable Mounting of jffs2,low,,0,1.0,yes
noise,-1,0,,xccdf_org.ssgproject.content_rule_kernel_module_vfat_disabled,Disable Mounting of vFAT filesystems,xccdf_org.ssgproject.content_rule_kernel_module_vfat_disabled,Disable Mounting of vFAT filesystems,low,,0,1.0,yes
noise,-1,0,,xccdf_org.ssgproject.content_rule_sebool_ftpd_connect_all_unreserved,Disable the ftpd_connect_all_unreserved SELinux Boolean,xccdf_org.ssgproject.content_rule_sebool_ftpd_connect_all_unreserved,Disable the ftpd_connect_all_unreserved SELinux Boolean,medium,,0,1.0,yes
noise,-1,0,,xccdf_org.ssgproject.content_rule_sebool_git_session_bind_all_unreserved_ports,Disable the git_session_bind_all_unreserved_ports SELinux Boolean,xccdf_org.ssgproject.content_rule_sebool_git_session_bind_all_unreserved_ports,Disable the git_session_bind_all_unreserved_ports SELinux Boolean,medium,,0,1.0,yes
noise,-1,0,,xccdf_org.ssgproject.content_rule_sebool_mozilla_plugin_bind_unreserved_ports,Disable the mozilla_plugin_bind_unreserved_ports SELinux Boolean,xccdf_org.ssgproject.content_rule_sebool_mozilla_plugin_bind_unreserved_ports,Disable the mozilla_plugin_bind_unreserved_ports SELinux Boolean,medium,,0,1.0,yes
noise,-1,0,,xccdf_org.ssgproject.content_rule_sebool_mozilla_plugin_can_network_connect,Disable the mozilla_plugin_can_network_connect SELinux Boolean,xccdf_org.ssgproject.content_rule_sebool_mozilla_plugin_can_network_connect,Disable the mozilla_plugin_can_network_connect SELinux Boolean,medium,,0,1.0,yes
noise,-1,0,,xccdf_org.ssgproject.content_rule_sebool_mozilla_plugin_use_bluejeans,Disable the mozilla_plugin_use_bluejeans SELinux Boolean,xccdf_org.ssgproject.content_rule_sebool_mozilla_plugin_use_bluejeans,Disable the mozilla_plugin_use_bluejeans SELinux Boolean,medium,,0,1.0,yes
noise,-1,0,,xccdf_org.ssgproject.content_rule_sebool_mozilla_plugin_use_gps,Disable the mozilla_plugin_use_gps SELinux Boolean,xccdf_org.ssgproject.content_rule_sebool_mozilla_plugin_use_gps,Disable the mozilla_plugin_use_gps SELinux Boolean,medium,,0,1.0,yes
noise,-1,0,,xccdf_org.ssgproject.content_rule_sebool_mozilla_plugin_use_spice,Disable the mozilla_plugin_use_spice SELinux Boolean,xccdf_org.ssgproject.content_rule_sebool_mozilla_plugin_use_spice,Disable the mozilla_plugin_use_spice SELinux Boolean,medium,,0,1.0,yes
noise,-1,0,,xccdf_org.ssgproject.content_rule_sebool_mozilla_read_content,Disable the mozilla_read_content SELinux Boolean,xccdf_org.ssgproject.content_rule_sebool_mozilla_read_content,Disable the mozilla_read_content SELinux Boolean,medium,,0,1.0,yes
noise,-1,0,,xccdf_org.ssgproject.content_rule_sebool_pcp_bind_all_unreserved_ports,Disable the pcp_bind_all_unreserved_ports SELinux Boolean,xccdf_org.ssgproject.content_rule_sebool_pcp_bind_all_unreserved_ports,Disable the pcp_bind_all_unreserved_ports SELinux Boolean,medium,,0,1.0,yes
noise,-1,0,,xccdf_org.ssgproject.content_rule_sebool_polipo_connect_all_unreserved,Disable the polipo_connect_all_unreserved SELinux Boolean,xccdf_org.ssgproject.content_rule_sebool_polipo_connect_all_unreserved,Disable the polipo_connect_all_unreserved SELinux Boolean,medium,,0,1.0,yes
noise,-1,0,,xccdf_org.ssgproject.content_rule_sebool_polipo_session_bind_all_unreserved_ports,Disable the polipo_session_bind_all_unreserved_ports SELinux Boolean,xccdf_org.ssgproject.content_rule_sebool_polipo_session_bind_all_unreserved_ports,Disable the polipo_session_bind_all_unreserved_ports SELinux Boolean,medium,,0,1.0,yes
noise,-1,0,,xccdf_org.ssgproject.content_rule_sebool_tor_bind_all_unreserved_ports,Disable the tor_bind_all_unreserved_ports SELinux Boolean,xccdf_org.ssgproject.content_rule_sebool_tor_bind_all_unreserved_ports,Disable the tor_bind_all_unreserved_ports SELinux Boolean,medium,,0,1.0,yes
noise,-1,0,,xccdf_org.ssgproject.content_rule_sebool_unconfined_mozilla_plugin_transition,Enable the unconfined_mozilla_plugin_transition SELinux Boolean,xccdf_org.ssgproject.content_rule_sebool_unconfined_mozilla_plugin_transition,Enable the unconfined_mozilla_plugin_transition SELinux Boolean,medium,,0,1.0,yes
noise,-1,0,,xccdf_org.ssgproject.content_rule_audit_rules_etc_group_open,Record Events that Modify User/Group Information via open syscall - /etc/group,xccdf_org.ssgproject.content_rule_audit_rules_etc_group_open,Record Events that Modify User/Group Information via open syscall - /etc/group,medium,,0,1.0,yes
noise,-1,0,,xccdf_org.ssgproject.content_rule_audit_rules_etc_group_open_by_handle_at,Record Events that Modify User/Group Information via open_by_handle_at syscall - /etc/group,xccdf_org.ssgproject.content_rule_audit_rules_etc_group_open_by_handle_at,Record Events that Modify User/Group Information via open_by_handle_at syscall - /etc/group,medium,,0,1.0,yes
noise,-1,0,,xccdf_org.ssgproject.content_rule_audit_rules_etc_group_openat,Record Events that Modify User/Group Information via openat syscall - /etc/group,xccdf_org.ssgproject.content_rule_audit_rules_etc_group_openat,Record Events that Modify User/Group Information via openat syscall - /etc/group,medium,,0,1.0,yes
noise,-1,0,,xccdf_org.ssgproject.content_rule_audit_rules_etc_gshadow_open,Record Events that Modify User/Group Information via open syscall - /etc/gshadow,xccdf_org.ssgproject.content_rule_audit_rules_etc_gshadow_open,Record Events that Modify User/Group Information via open syscall - /etc/gshadow,medium,,0,1.0,yes
noise,-1,0,,xccdf_org.ssgproject.content_rule_audit_rules_etc_gshadow_open_by_handle_at,Record Events that Modify User/Group Information via open_by_handle_at syscall - /etc/gshadow,xccdf_org.ssgproject.content_rule_audit_rules_etc_gshadow_open_by_handle_at,Record Events that Modify User/Group Information via open_by_handle_at syscall - /etc/gshadow,medium,,0,1.0,yes
noise,-1,0,,xccdf_org.ssgproject.content_rule_audit_rules_etc_gshadow_openat,Record Events that Modify User/Group Information via openat syscall - /etc/gshadow,xccdf_org.ssgproject.content_rule_audit_rules_etc_gshadow_openat,Record Events that Modify User/Group Information via openat syscall - /etc/gshadow,medium,,0,1.0,yes
noise,-1,0,,xccdf_org.ssgproject.content_rule_audit_rules_etc_passwd_open,Record Events that Modify User/Group Information via open syscall - /etc/passwd,xccdf_org.ssgproject.content_rule_audit_rules_etc_passwd_open,Record Events that Modify User/Group Information via open syscall - /etc/passwd,medium,,0,1.0,yes
noise,-1,0,,xccdf_org.ssgproject.content_rule_audit_rules_etc_passwd_open_by_handle_at,Record Events that Modify User/Group Information via open_by_handle_at syscall - /etc/passwd,xccdf_org.ssgproject.content_rule_audit_rules_etc_passwd_open_by_handle_at,Record Events that Modify User/Group Information via open_by_handle_at syscall - /etc/passwd,medium,,0,1.0,yes
noise,-1,0,,xccdf_org.ssgproject.content_rule_audit_rules_etc_passwd_openat,Record Events that Modify User/Group Information via openat syscall - /etc/passwd,xccdf_org.ssgproject.content_rule_audit_rules_etc_passwd_openat,Record Events that Modify User/Group Information via openat syscall - /etc/passwd,medium,,0,1.0,yes
noise,-1,0,,xccdf_org.ssgproject.content_rule_audit_rules_etc_shadow_open,Record Events that Modify User/Group Information via open syscall - /etc/shadow,xccdf_org.ssgproject.content_rule_audit_rules_etc_shadow_open,Record Events that Modify User/Group Information via open syscall - /etc/shadow,medium,,0,1.0,yes
noise,-1,0,,xccdf_org.ssgproject.content_rule_audit_rules_etc_shadow_open_by_handle_at,Record Events that Modify User/Group Information via open_by_handle_at syscall - /etc/shadow,xccdf_org.ssgproject.content_rule_audit_rules_etc_shadow_open_by_handle_at,Record Events that Modify User/Group Information via open_by_handle_at syscall - /etc/shadow,medium,,0,1.0,yes
noise,-1,0,,xccdf_org.ssgproject.content_rule_audit_rules_etc_shadow_openat,Record Events that Modify User/Group Information via openat syscall - /etc/shadow,xccdf_org.ssgproject.content_rule_audit_rules_etc_shadow_openat,Record Events that Modify User/Group Information via openat syscall - /etc/shadow,medium,,0,1.0,yes
noise,-1,1,anssi_bp28_high,xccdf_org.ssgproject.content_rule_file_groupowner_efi_grub2_cfg,Verify the UEFI Boot Loader grub.cfg Group Ownership,xccdf_org.ssgproject.content_rule_file_groupowner_efi_grub2_cfg,Verify the UEFI Boot Loader grub.cfg Group Ownership,medium,anssi_bp28_high,1,1.0,yes
noise,-1,1,anssi_bp28_high,xccdf_org.ssgproject.content_rule_file_groupowner_efi_user_cfg,Verify /boot/grub2/user.cfg Group Ownership,xccdf_org.ssgproject.content_rule_file_groupowner_efi_user_cfg,Verify /boot/grub2/user.cfg Group Ownership,medium,anssi_bp28_high,1,1.0,yes
noise,-1,1,anssi_bp28_high,xccdf_org.ssgproject.content_rule_file_owner_efi_grub2_cfg,Verify the UEFI Boot Loader grub.cfg User Ownership,xccdf_org.ssgproject.content_rule_file_owner_efi_grub2_cfg,Verify the UEFI Boot Loader grub.cfg User Ownership,medium,anssi_bp28_high,1,1.0,yes
noise,-1,1,anssi_bp28_high,xccdf_org.ssgproject.content_rule_file_owner_efi_user_cfg,Verify /boot/grub2/user.cfg User Ownership,xccdf_org.ssgproject.content_rule_file_owner_efi_user_cfg,Verify /boot/grub2/user.cfg User Ownership,medium,anssi_bp28_high,1,1.0,yes
noise,-1,1,anssi_bp28_high,xccdf_org.ssgproject.content_rule_file_permissions_efi_grub2_cfg,Verify the UEFI Boot Loader grub.cfg Permissions,xccdf_org.ssgproject.content_rule_file_permissions_efi_grub2_cfg,Verify the UEFI Boot Loader grub.cfg Permissions,medium,anssi_bp28_high,1,1.0,yes
noise,-1,1,anssi_bp28_high,xccdf_org.ssgproject.content_rule_file_permissions_efi_user_cfg,Verify /boot/grub2/user.cfg Permissions,xccdf_org.ssgproject.content_rule_file_permissions_efi_user_cfg,Verify /boot/grub2/user.cfg Permissions,medium,anssi_bp28_high,1,1.0,yes
noise,-1,1,pci-dss,xccdf_org.ssgproject.content_rule_kernel_module_dccp_disabled,Disable DCCP Support,xccdf_org.ssgproject.content_rule_kernel_module_dccp_disabled,Disable DCCP Support,medium,pci-dss,1,1.0,yes
noise,-1,1,ism_o,xccdf_org.ssgproject.content_rule_audit_rules_unsuccessful_file_modification,Ensure auditd Collects Unauthorized Access Attempts to Files (unsuccessful),xccdf_org.ssgproject.content_rule_audit_rules_unsuccessful_file_modification,Ensure auditd Collects Unauthorized Access Attempts to Files (unsuccessful),medium,ism_o,1,1.0,yes
noise,-1,2,stig|stig_gui,xccdf_org.ssgproject.content_rule_kernel_module_atm_disabled,Disable ATM Support,xccdf_org.ssgproject.content_rule_kernel_module_atm_disabled,Disable ATM Support,medium,stig|stig_gui,2,1.0,yes
noise,-1,2,stig|stig_gui,xccdf_org.ssgproject.content_rule_kernel_module_firewire-core_disabled,Disable IEEE 1394 (FireWire) Support,xccdf_org.ssgproject.content_rule_kernel_module_firewire-core_disabled,Disable IEEE 1394 (FireWire) Support,low,stig|stig_gui,2,1.0,yes
noise,-1,2,anssi_bp28_enhanced|anssi_bp28_high,xccdf_org.ssgproject.content_rule_file_groupowner_systemmap,Verify Group Who Owns System.map Files,xccdf_org.ssgproject.content_rule_file_groupowner_systemmap,Verify Group Who Owns System.map Files,low,anssi_bp28_enhanced|anssi_bp28_high,2,1.0,yes
noise,-1,2,anssi_bp28_enhanced|anssi_bp28_high,xccdf_org.ssgproject.content_rule_file_owner_systemmap,Verify User Who Owns System.map Files,xccdf_org.ssgproject.content_rule_file_owner_systemmap,Verify User Who Owns System.map Files,low,anssi_bp28_enhanced|anssi_bp28_high,2,1.0,yes
noise,-1,2,anssi_bp28_enhanced|anssi_bp28_high,xccdf_org.ssgproject.content_rule_file_permissions_systemmap,Verify Permissions on System.map Files,xccdf_org.ssgproject.content_rule_file_permissions_systemmap,Verify Permissions on System.map Files,low,anssi_bp28_enhanced|anssi_bp28_high,2,1.0,yes
noise,-1,2,stig|stig_gui,xccdf_org.ssgproject.content_rule_file_groupowner_var_log,Verify Group Who Owns /var/log Directory,xccdf_org.ssgproject.content_rule_file_groupowner_var_log,Verify Group Who Owns /var/log Directory,medium,stig|stig_gui,2,1.0,yes
noise,-1,2,stig|stig_gui,xccdf_org.ssgproject.content_rule_file_groupowner_var_log_messages,Verify Group Who Owns /var/log/messages File,xccdf_org.ssgproject.content_rule_file_groupowner_var_log_messages,Verify Group Who Owns /var/log/messages File,medium,stig|stig_gui,2,1.0,yes
noise,-1,2,stig|stig_gui,xccdf_org.ssgproject.content_rule_file_owner_var_log,Verify User Who Owns /var/log Directory,xccdf_org.ssgproject.content_rule_file_owner_var_log,Verify User Who Owns /var/log Directory,medium,stig|stig_gui,2,1.0,yes
noise,-1,2,stig|stig_gui,xccdf_org.ssgproject.content_rule_file_owner_var_log_messages,Verify User Who Owns /var/log/messages File,xccdf_org.ssgproject.content_rule_file_owner_var_log_messages,Verify User Who Owns /var/log/messages File,medium,stig|stig_gui,2,1.0,yes
noise,-1,2,stig|stig_gui,xccdf_org.ssgproject.content_rule_file_permissions_var_log,Verify Permissions on /var/log Directory,xccdf_org.ssgproject.content_rule_file_permissions_var_log,Verify Permissions on /var/log Directory,medium,stig|stig_gui,2,1.0,yes
noise,-1,2,stig|stig_gui,xccdf_org.ssgproject.content_rule_file_permissions_var_log_messages,Verify Permissions on /var/log/messages File,xccdf_org.ssgproject.content_rule_file_permissions_var_log_messages,Verify Permissions on /var/log/messages File,medium,stig|stig_gui,2,1.0,yes
noise,-1,2,stig|stig_gui,xccdf_org.ssgproject.content_rule_dir_group_ownership_library_dirs,Verify that Shared Library Directories Have Root Group Ownership,xccdf_org.ssgproject.content_rule_dir_group_ownership_library_dirs,Verify that Shared Library Directories Have Root Group Ownership,medium,stig|stig_gui,2,1.0,yes
noise,-1,2,stig|stig_gui,xccdf_org.ssgproject.content_rule_dir_ownership_library_dirs,Verify that Shared Library Directories Have Root Ownership,xccdf_org.ssgproject.content_rule_dir_ownership_library_dirs,Verify that Shared Library Directories Have Root Ownership,medium,stig|stig_gui,2,1.0,yes
noise,-1,2,stig|stig_gui,xccdf_org.ssgproject.content_rule_dir_permissions_library_dirs,Verify that Shared Library Directories Have Restrictive Permissions,xccdf_org.ssgproject.content_rule_dir_permissions_library_dirs,Verify that Shared Library Directories Have Restrictive Permissions,medium,stig|stig_gui,2,1.0,yes
noise,-1,2,stig|stig_gui,xccdf_org.ssgproject.content_rule_root_permissions_syslibrary_files,"Verify the system-wide library files in directories
""/lib"", ""/lib64"", ""/usr/lib/"" and ""/usr/lib64"" are group-owned by root.",xccdf_org.ssgproject.content_rule_root_permissions_syslibrary_files,"Verify the system-wide library files in directories
""/lib"", ""/lib64"", ""/usr/lib/"" and ""/usr/lib64"" are group-owned by root.",medium,stig|stig_gui,2,1.0,yes
noise,-1,2,stig|stig_gui,xccdf_org.ssgproject.content_rule_kernel_module_cramfs_disabled,Disable Mounting of cramfs,xccdf_org.ssgproject.content_rule_kernel_module_cramfs_disabled,Disable Mounting of cramfs,low,stig|stig_gui,2,1.0,yes
noise,-1,2,stig|stig_gui,xccdf_org.ssgproject.content_rule_directory_group_ownership_var_log_audit,System Audit Directories Must Be Group Owned By Root,xccdf_org.ssgproject.content_rule_directory_group_ownership_var_log_audit,System Audit Directories Must Be Group Owned By Root,medium,stig|stig_gui,2,1.0,yes
noise,-1,2,stig|stig_gui,xccdf_org.ssgproject.content_rule_directory_ownership_var_log_audit,System Audit Directories Must Be Owned By Root,xccdf_org.ssgproject.content_rule_directory_ownership_var_log_audit,System Audit Directories Must Be Owned By Root,medium,stig|stig_gui,2,1.0,yes
noise,-1,2,cis|cis_workstation_l2,xccdf_org.ssgproject.content_rule_file_ownership_var_log_audit_stig,System Audit Logs Must Be Owned By Root,xccdf_org.ssgproject.content_rule_file_ownership_var_log_audit_stig,System Audit Logs Must Be Owned By Root,medium,cis|cis_workstation_l2,2,1.0,yes
noise,-1,2,stig|stig_gui,xccdf_org.ssgproject.content_rule_auditd_audispd_configure_sufficiently_large_partition,Configure a Sufficiently Large Partition for Audit Logs,xccdf_org.ssgproject.content_rule_auditd_audispd_configure_sufficiently_large_partition,Configure a Sufficiently Large Partition for Audit Logs,medium,stig|stig_gui,2,1.0,yes
noise,-1,3,anssi_bp28_enhanced|anssi_bp28_high|anssi_bp28_intermediary,xccdf_org.ssgproject.content_rule_dir_system_commands_group_root_owned,Verify that system commands directories have root as a group owner,xccdf_org.ssgproject.content_rule_dir_system_commands_group_root_owned,Verify that system commands directories have root as a group owner,medium,anssi_bp28_enhanced|anssi_bp28_high|anssi_bp28_intermediary,3,1.0,yes
noise,-1,3,anssi_bp28_enhanced|anssi_bp28_high|anssi_bp28_intermediary,xccdf_org.ssgproject.content_rule_dir_system_commands_root_owned,Verify that system commands directories have root ownership,xccdf_org.ssgproject.content_rule_dir_system_commands_root_owned,Verify that system commands directories have root ownership,medium,anssi_bp28_enhanced|anssi_bp28_high|anssi_bp28_intermediary,3,1.0,yes
noise,-1,3,ccn_advanced|ccn_intermediate|pci-dss,xccdf_org.ssgproject.content_rule_file_ownership_var_log_audit,System Audit Logs Must Be Owned By Root,xccdf_org.ssgproject.content_rule_file_ownership_var_log_audit,System Audit Logs Must Be Owned By Root,medium,ccn_advanced|ccn_intermediate|pci-dss,3,1.0,yes
noise,-1,3,hipaa|stig|stig_gui,xccdf_org.ssgproject.content_rule_audit_rules_unsuccessful_file_modification_open_by_handle_at,Record Unsuccessful Access Attempts to Files - open_by_handle_at,xccdf_org.ssgproject.content_rule_audit_rules_unsuccessful_file_modification_open_by_handle_at,Record Unsuccessful Access Attempts to Files - open_by_handle_at,medium,hipaa|stig|stig_gui,3,1.0,yes
noise,-1,4,cui|ospp|stig|stig_gui,xccdf_org.ssgproject.content_rule_kernel_module_can_disabled,Disable CAN Support,xccdf_org.ssgproject.content_rule_kernel_module_can_disabled,Disable CAN Support,medium,cui|ospp|stig|stig_gui,4,1.0,yes
noise,-1,4,e8|ism_o|stig|stig_gui,xccdf_org.ssgproject.content_rule_file_ownership_library_dirs,Verify that Shared Library Files Have Root Ownership,xccdf_org.ssgproject.content_rule_file_ownership_library_dirs,Verify that Shared Library Files Have Root Ownership,medium,e8|ism_o|stig|stig_gui,4,1.0,yes
noise,-1,4,e8|ism_o|stig|stig_gui,xccdf_org.ssgproject.content_rule_file_permissions_library_dirs,Verify that Shared Library Files Have Restrictive Permissions,xccdf_org.ssgproject.content_rule_file_permissions_library_dirs,Verify that Shared Library Files Have Restrictive Permissions,medium,e8|ism_o|stig|stig_gui,4,1.0,yes
noise,-1,4,ccn_advanced|ccn_intermediate|cis|cis_workstation_l2,xccdf_org.ssgproject.content_rule_directory_permissions_var_log_audit,System Audit Logs Must Have Mode 0750 or Less Permissive,xccdf_org.ssgproject.content_rule_directory_permissions_var_log_audit,System Audit Logs Must Have Mode 0750 or Less Permissive,medium,ccn_advanced|ccn_intermediate|cis|cis_workstation_l2,4,1.0,yes
noise,-1,4,ccn_advanced|ccn_intermediate|cis|cis_workstation_l2,xccdf_org.ssgproject.content_rule_file_groupownership_audit_configuration,Audit Configuration Files Must Be Owned By Group root,xccdf_org.ssgproject.content_rule_file_groupownership_audit_configuration,Audit Configuration Files Must Be Owned By Group root,medium,ccn_advanced|ccn_intermediate|cis|cis_workstation_l2,4,1.0,yes
noise,-1,4,ccn_advanced|ccn_intermediate|cis|cis_workstation_l2,xccdf_org.ssgproject.content_rule_file_ownership_audit_configuration,Audit Configuration Files Must Be Owned By Root,xccdf_org.ssgproject.content_rule_file_ownership_audit_configuration,Audit Configuration Files Must Be Owned By Root,medium,ccn_advanced|ccn_intermediate|cis|cis_workstation_l2,4,1.0,yes
noise,-1,4,ccn_advanced|ccn_intermediate|cis|cis_workstation_l2,xccdf_org.ssgproject.content_rule_file_permissions_audit_configuration,Audit Configuration Files Permissions are 640 or More Restrictive,xccdf_org.ssgproject.content_rule_file_permissions_audit_configuration,Audit Configuration Files Permissions are 640 or More Restrictive,medium,ccn_advanced|ccn_intermediate|cis|cis_workstation_l2,4,1.0,yes
noise,-1,5,cui|ospp|pci-dss|stig|stig_gui,xccdf_org.ssgproject.content_rule_kernel_module_sctp_disabled,Disable SCTP Support,xccdf_org.ssgproject.content_rule_kernel_module_sctp_disabled,Disable SCTP Support,medium,cui|ospp|pci-dss|stig|stig_gui,5,1.0,yes
noise,-1,5,anssi_bp28_enhanced|anssi_bp28_high|anssi_bp28_intermediary|stig|stig_gui,xccdf_org.ssgproject.content_rule_file_groupownership_system_commands_dirs,Verify that system commands files are group owned by root or a system account,xccdf_org.ssgproject.content_rule_file_groupownership_system_commands_dirs,Verify that system commands files are group owned by root or a system account,medium,anssi_bp28_enhanced|anssi_bp28_high|anssi_bp28_intermediary|stig|stig_gui,5,1.0,yes
noise,-1,5,ccn_advanced|ccn_intermediate|cis|cis_workstation_l2|pci-dss,xccdf_org.ssgproject.content_rule_file_group_ownership_var_log_audit,System Audit Logs Must Be Group Owned By Root,xccdf_org.ssgproject.content_rule_file_group_ownership_var_log_audit,System Audit Logs Must Be Group Owned By Root,medium,ccn_advanced|ccn_intermediate|cis|cis_workstation_l2|pci-dss,5,1.0,yes
noise,-1,6,cis|cis_workstation_l2|cui|ospp|stig|stig_gui,xccdf_org.ssgproject.content_rule_kernel_module_tipc_disabled,Disable TIPC Support,xccdf_org.ssgproject.content_rule_kernel_module_tipc_disabled,Disable TIPC Support,low,cis|cis_workstation_l2|cui|ospp|stig|stig_gui,6,1.0,yes
noise,-1,6,anssi_bp28_enhanced|anssi_bp28_high|anssi_bp28_intermediary|anssi_bp28_minimal|stig|stig_gui,xccdf_org.ssgproject.content_rule_dir_perms_world_writable_root_owned,Ensure All World-Writable Directories Are Owned by root User,xccdf_org.ssgproject.content_rule_dir_perms_world_writable_root_owned,Ensure All World-Writable Directories Are Owned by root User,medium,anssi_bp28_enhanced|anssi_bp28_high|anssi_bp28_intermediary|anssi_bp28_minimal|stig|stig_gui,6,1.0,yes
noise,-1,6,ccn_advanced|ccn_intermediate|cis|cis_server_l1|cis_workstation_l1|cis_workstation_l2,xccdf_org.ssgproject.content_rule_kernel_module_squashfs_disabled,Disable Mounting of squashfs,xccdf_org.ssgproject.content_rule_kernel_module_squashfs_disabled,Disable Mounting of squashfs,low,ccn_advanced|ccn_intermediate|cis|cis_server_l1|cis_workstation_l1|cis_workstation_l2,6,1.0,yes
noise,-1,6,ccn_advanced|ccn_intermediate|cis|cis_server_l1|cis_workstation_l1|cis_workstation_l2,xccdf_org.ssgproject.content_rule_kernel_module_udf_disabled,Disable Mounting of udf,xccdf_org.ssgproject.content_rule_kernel_module_udf_disabled,Disable Mounting of udf,low,ccn_advanced|ccn_intermediate|cis|cis_server_l1|cis_workstation_l1|cis_workstation_l2,6,1.0,yes
noise,-1,7,anssi_bp28_enhanced|anssi_bp28_high|anssi_bp28_intermediary|e8|ism_o|stig|stig_gui,xccdf_org.ssgproject.content_rule_file_ownership_binary_dirs,Verify that System Executables Have Root Ownership,xccdf_org.ssgproject.content_rule_file_ownership_binary_dirs,Verify that System Executables Have Root Ownership,medium,anssi_bp28_enhanced|anssi_bp28_high|anssi_bp28_intermediary|e8|ism_o|stig|stig_gui,7,1.0,yes
noise,-1,7,anssi_bp28_enhanced|anssi_bp28_high|anssi_bp28_intermediary|e8|ism_o|stig|stig_gui,xccdf_org.ssgproject.content_rule_file_permissions_binary_dirs,Verify that System Executables Have Restrictive Permissions,xccdf_org.ssgproject.content_rule_file_permissions_binary_dirs,Verify that System Executables Have Restrictive Permissions,medium,anssi_bp28_enhanced|anssi_bp28_high|anssi_bp28_intermediary|e8|ism_o|stig|stig_gui,7,1.0,yes
noise,-1,7,ccn_advanced|ccn_intermediate|cis|cis_workstation_l2|pci-dss|stig|stig_gui,xccdf_org.ssgproject.content_rule_file_permissions_var_log_audit,System Audit Logs Must Have Mode 0640 or Less Permissive,xccdf_org.ssgproject.content_rule_file_permissions_var_log_audit,System Audit Logs Must Have Mode 0640 or Less Permissive,medium,ccn_advanced|ccn_intermediate|cis|cis_workstation_l2|pci-dss|stig|stig_gui,7,1.0,yes
noise,-1,8,anssi_bp28_enhanced|anssi_bp28_high|ccn_advanced|cis|cis_workstation_l2|hipaa|stig|stig_gui,xccdf_org.ssgproject.content_rule_audit_rules_unsuccessful_file_modification_creat,Record Unsuccessful Access Attempts to Files - creat,xccdf_org.ssgproject.content_rule_audit_rules_unsuccessful_file_modification_creat,Record Unsuccessful Access Attempts to Files - creat,medium,anssi_bp28_enhanced|anssi_bp28_high|ccn_advanced|cis|cis_workstation_l2|hipaa|stig|stig_gui,8,1.0,yes
noise,-1,8,anssi_bp28_enhanced|anssi_bp28_high|ccn_advanced|cis|cis_workstation_l2|hipaa|stig|stig_gui,xccdf_org.ssgproject.content_rule_audit_rules_unsuccessful_file_modification_ftruncate,Record Unsuccessful Access Attempts to Files - ftruncate,xccdf_org.ssgproject.content_rule_audit_rules_unsuccessful_file_modification_ftruncate,Record Unsuccessful Access Attempts to Files - ftruncate,medium,anssi_bp28_enhanced|anssi_bp28_high|ccn_advanced|cis|cis_workstation_l2|hipaa|stig|stig_gui,8,1.0,yes
noise,-1,8,anssi_bp28_enhanced|anssi_bp28_high|ccn_advanced|cis|cis_workstation_l2|hipaa|stig|stig_gui,xccdf_org.ssgproject.content_rule_audit_rules_unsuccessful_file_modification_open,Record Unsuccessful Access Attempts to Files - open,xccdf_org.ssgproject.content_rule_audit_rules_unsuccessful_file_modification_open,Record Unsuccessful Access Attempts to Files - open,medium,anssi_bp28_enhanced|anssi_bp28_high|ccn_advanced|cis|cis_workstation_l2|hipaa|stig|stig_gui,8,1.0,yes
noise,-1,8,anssi_bp28_enhanced|anssi_bp28_high|ccn_advanced|cis|cis_workstation_l2|hipaa|stig|stig_gui,xccdf_org.ssgproject.content_rule_audit_rules_unsuccessful_file_modification_openat,Record Unsuccessful Access Attempts to Files - openat,xccdf_org.ssgproject.content_rule_audit_rules_unsuccessful_file_modification_openat,Record Unsuccessful Access Attempts to Files - openat,medium,anssi_bp28_enhanced|anssi_bp28_high|ccn_advanced|cis|cis_workstation_l2|hipaa|stig|stig_gui,8,1.0,yes
noise,-1,8,anssi_bp28_enhanced|anssi_bp28_high|ccn_advanced|cis|cis_workstation_l2|hipaa|stig|stig_gui,xccdf_org.ssgproject.content_rule_audit_rules_unsuccessful_file_modification_truncate,Record Unsuccessful Access Attempts to Files - truncate,xccdf_org.ssgproject.content_rule_audit_rules_unsuccessful_file_modification_truncate,Record Unsuccessful Access Attempts to Files - truncate,medium,anssi_bp28_enhanced|anssi_bp28_high|ccn_advanced|cis|cis_workstation_l2|hipaa|stig|stig_gui,8,1.0,yes
noise,-1,9,ccn_advanced|ccn_intermediate|cis|cis_server_l1|cis_workstation_l2|hipaa|pci-dss|stig|stig_gui,xccdf_org.ssgproject.content_rule_kernel_module_usb-storage_disabled,Disable Modprobe Loading of USB Storage Driver,xccdf_org.ssgproject.content_rule_kernel_module_usb-storage_disabled,Disable Modprobe Loading of USB Storage Driver,medium,ccn_advanced|ccn_intermediate|cis|cis_server_l1|cis_workstation_l2|hipaa|pci-dss|stig|stig_gui,9,1.0,yes
noise,-1,10,anssi_bp28_enhanced|anssi_bp28_high|ccn_advanced|ccn_basic|ccn_intermediate|cis|cis_server_l1|cis_workstation_l1|cis_workstation_l2|pci-dss,xccdf_org.ssgproject.content_rule_file_groupowner_user_cfg,Verify /boot/grub2/user.cfg Group Ownership,xccdf_org.ssgproject.content_rule_file_groupowner_user_cfg,Verify /boot/grub2/user.cfg Group Ownership,medium,anssi_bp28_enhanced|anssi_bp28_high|ccn_advanced|ccn_basic|ccn_intermediate|cis|cis_server_l1|cis_workstation_l1|cis_workstation_l2|pci-dss,10,1.0,yes
noise,-1,10,anssi_bp28_enhanced|anssi_bp28_high|ccn_advanced|ccn_basic|ccn_intermediate|cis|cis_server_l1|cis_workstation_l1|cis_workstation_l2|pci-dss,xccdf_org.ssgproject.content_rule_file_owner_user_cfg,Verify /boot/grub2/user.cfg User Ownership,xccdf_org.ssgproject.content_rule_file_owner_user_cfg,Verify /boot/grub2/user.cfg User Ownership,medium,anssi_bp28_enhanced|anssi_bp28_high|ccn_advanced|ccn_basic|ccn_intermediate|cis|cis_server_l1|cis_workstation_l1|cis_workstation_l2|pci-dss,10,1.0,yes
noise,-1,10,anssi_bp28_enhanced|anssi_bp28_high|ccn_advanced|ccn_basic|ccn_intermediate|cis|cis_server_l1|cis_workstation_l1|cis_workstation_l2|pci-dss,xccdf_org.ssgproject.content_rule_file_permissions_grub2_cfg,Verify /boot/grub2/grub.cfg Permissions,xccdf_org.ssgproject.content_rule_file_permissions_grub2_cfg,Verify /boot/grub2/grub.cfg Permissions,medium,anssi_bp28_enhanced|anssi_bp28_high|ccn_advanced|ccn_basic|ccn_intermediate|cis|cis_server_l1|cis_workstation_l1|cis_workstation_l2|pci-dss,10,1.0,yes
noise,-1,10,anssi_bp28_enhanced|anssi_bp28_high|ccn_advanced|ccn_basic|ccn_intermediate|cis|cis_server_l1|cis_workstation_l1|cis_workstation_l2|pci-dss,xccdf_org.ssgproject.content_rule_file_permissions_user_cfg,Verify /boot/grub2/user.cfg Permissions,xccdf_org.ssgproject.content_rule_file_permissions_user_cfg,Verify /boot/grub2/user.cfg Permissions,medium,anssi_bp28_enhanced|anssi_bp28_high|ccn_advanced|ccn_basic|ccn_intermediate|cis|cis_server_l1|cis_workstation_l1|cis_workstation_l2|pci-dss,10,1.0,yes
noise,-1,11,anssi_bp28_enhanced|anssi_bp28_high|ccn_advanced|ccn_basic|ccn_intermediate|cis|cis_workstation_l2|hipaa|pci-dss|stig|stig_gui,xccdf_org.ssgproject.content_rule_audit_rules_dac_modification_fremovexattr,Record Events that Modify the System's Discretionary Access Controls - fremovexattr,xccdf_org.ssgproject.content_rule_audit_rules_dac_modification_fremovexattr,Record Events that Modify the System's Discretionary Access Controls - fremovexattr,medium,anssi_bp28_enhanced|anssi_bp28_high|ccn_advanced|ccn_basic|ccn_intermediate|cis|cis_workstation_l2|hipaa|pci-dss|stig|stig_gui,11,1.0,yes
noise,-1,11,anssi_bp28_enhanced|anssi_bp28_high|ccn_advanced|ccn_basic|ccn_intermediate|cis|cis_workstation_l2|hipaa|pci-dss|stig|stig_gui,xccdf_org.ssgproject.content_rule_audit_rules_dac_modification_fsetxattr,Record Events that Modify the System's Discretionary Access Controls - fsetxattr,xccdf_org.ssgproject.content_rule_audit_rules_dac_modification_fsetxattr,Record Events that Modify the System's Discretionary Access Controls - fsetxattr,medium,anssi_bp28_enhanced|anssi_bp28_high|ccn_advanced|ccn_basic|ccn_intermediate|cis|cis_workstation_l2|hipaa|pci-dss|stig|stig_gui,11,1.0,yes
noise,-1,11,anssi_bp28_enhanced|anssi_bp28_high|ccn_advanced|ccn_basic|ccn_intermediate|cis|cis_workstation_l2|hipaa|pci-dss|stig|stig_gui,xccdf_org.ssgproject.content_rule_audit_rules_dac_modification_lremovexattr,Record Events that Modify the System's Discretionary Access Controls - lremovexattr,xccdf_org.ssgproject.content_rule_audit_rules_dac_modification_lremovexattr,Record Events that Modify the System's Discretionary Access Controls - lremovexattr,medium,anssi_bp28_enhanced|anssi_bp28_high|ccn_advanced|ccn_basic|ccn_intermediate|cis|cis_workstation_l2|hipaa|pci-dss|stig|stig_gui,11,1.0,yes
noise,-1,11,anssi_bp28_enhanced|anssi_bp28_high|ccn_advanced|ccn_basic|ccn_intermediate|cis|cis_workstation_l2|hipaa|pci-dss|stig|stig_gui,xccdf_org.ssgproject.content_rule_audit_rules_dac_modification_lsetxattr,Record Events that Modify the System's Discretionary Access Controls - lsetxattr,xccdf_org.ssgproject.content_rule_audit_rules_dac_modification_lsetxattr,Record Events that Modify the System's Discretionary Access Controls - lsetxattr,medium,anssi_bp28_enhanced|anssi_bp28_high|ccn_advanced|ccn_basic|ccn_intermediate|cis|cis_workstation_l2|hipaa|pci-dss|stig|stig_gui,11,1.0,yes
noise,-1,11,anssi_bp28_enhanced|anssi_bp28_high|ccn_advanced|ccn_basic|ccn_intermediate|cis|cis_workstation_l2|hipaa|pci-dss|stig|stig_gui,xccdf_org.ssgproject.content_rule_audit_rules_dac_modification_removexattr,Record Events that Modify the System's Discretionary Access Controls - removexattr,xccdf_org.ssgproject.content_rule_audit_rules_dac_modification_removexattr,Record Events that Modify the System's Discretionary Access Controls - removexattr,medium,anssi_bp28_enhanced|anssi_bp28_high|ccn_advanced|ccn_basic|ccn_intermediate|cis|cis_workstation_l2|hipaa|pci-dss|stig|stig_gui,11,1.0,yes
noise,-1,11,anssi_bp28_enhanced|anssi_bp28_high|ccn_advanced|ccn_basic|ccn_intermediate|cis|cis_workstation_l2|hipaa|pci-dss|stig|stig_gui,xccdf_org.ssgproject.content_rule_audit_rules_dac_modification_setxattr,Record Events that Modify the System's Discretionary Access Controls - setxattr,xccdf_org.ssgproject.content_rule_audit_rules_dac_modification_setxattr,Record Events that Modify the System's Discretionary Access Controls - setxattr,medium,anssi_bp28_enhanced|anssi_bp28_high|ccn_advanced|ccn_basic|ccn_intermediate|cis|cis_workstation_l2|hipaa|pci-dss|stig|stig_gui,11,1.0,yes
noise,-1,13,anssi_bp28_enhanced|anssi_bp28_high|ccn_advanced|ccn_basic|ccn_intermediate|cis|cis_server_l1|cis_workstation_l1|cis_workstation_l2|hipaa|pci-dss|stig|stig_gui,xccdf_org.ssgproject.content_rule_file_groupowner_grub2_cfg,Verify /boot/grub2/grub.cfg Group Ownership,xccdf_org.ssgproject.content_rule_file_groupowner_grub2_cfg,Verify /boot/grub2/grub.cfg Group Ownership,medium,anssi_bp28_enhanced|anssi_bp28_high|ccn_advanced|ccn_basic|ccn_intermediate|cis|cis_server_l1|cis_workstation_l1|cis_workstation_l2|hipaa|pci-dss|stig|stig_gui,13,1.0,yes
noise,-1,13,anssi_bp28_enhanced|anssi_bp28_high|ccn_advanced|ccn_basic|ccn_intermediate|cis|cis_server_l1|cis_workstation_l1|cis_workstation_l2|hipaa|pci-dss|stig|stig_gui,xccdf_org.ssgproject.content_rule_file_owner_grub2_cfg,Verify /boot/grub2/grub.cfg User Ownership,xccdf_org.ssgproject.content_rule_file_owner_grub2_cfg,Verify /boot/grub2/grub.cfg User Ownership,medium,anssi_bp28_enhanced|anssi_bp28_high|ccn_advanced|ccn_basic|ccn_intermediate|cis|cis_server_l1|cis_workstation_l1|cis_workstation_l2|hipaa|pci-dss|stig|stig_gui,13,1.0,yes
